test_id,idx,role,len2,len3,jaccard,task2,task3,strong2,strong3
0000_neg_0,0,support,1384,1404,0.4368932038834951,2,2,1,1
0000_neg_0,1,support,1267,1104,0.4888888888888889,3,2,1,0
0000_neg_0,2,support,1329,1355,0.42592592592592593,2,2,1,1
0000_neg_0,3,support,1122,1433,0.5,2,1,1,0
0000_neg_0,4,support,1373,1164,0.5339805825242718,1,2,0,1
0000_neg_0,5,support,1581,1694,0.4824561403508772,1,1,0,0
0000_neg_0,6,support,1371,1307,0.5769230769230769,1,1,0,0
0000_neg_0,7,support,1514,1210,0.5454545454545454,1,2,0,1
0000_neg_0,8,support,1412,1317,0.45871559633027525,1,2,0,0
0000_neg_0,9,support,1569,1480,0.7373737373737373,1,1,0,0
0000_neg_0,10,support,1049,1535,0.46464646464646464,1,1,0,0
0000_neg_0,11,support,1195,835,0.640625,1,1,0,1
0000_neg_0,12,query,1652,1456,0.6101694915254238,1,1,0,0
0000_pos_0,0,support,1356,1646,0.5841584158415841,3,2,1,1
0000_pos_0,1,support,1336,1486,0.5047619047619047,1,1,0,0
0000_pos_0,2,support,1316,1185,0.4174757281553398,3,1,1,0
0000_pos_0,3,support,1202,1179,0.5227272727272727,2,1,1,0
0000_pos_0,4,support,1701,1571,0.43333333333333335,1,2,0,1
0000_pos_0,5,support,1097,1554,0.5934065934065934,2,2,0,0
0000_pos_0,6,support,1287,1425,0.63,1,1,0,0
0000_pos_0,7,support,1315,1559,0.5909090909090909,2,2,1,1
0000_pos_0,8,support,1685,1535,0.5714285714285714,1,2,0,1
0000_pos_0,9,support,1326,1486,0.6464646464646465,1,1,0,0
0000_pos_0,10,support,1517,1496,0.49107142857142855,1,1,0,0
0000_pos_0,11,support,1114,1180,0.42574257425742573,1,1,0,0
0000_pos_0,12,query,1404,1508,0.52,2,1,1,0
0001_neg_0,0,support,1964,2172,0.55,1,0,0,0
0001_neg_0,1,support,4420,2011,0.3881578947368421,1,1,0,0
0001_neg_0,2,support,2202,1689,0.5714285714285714,1,0,0,0
0001_neg_0,3,support,2821,2207,0.6020408163265306,1,1,0,0
0001_neg_0,4,support,3054,3034,0.7087378640776699,1,1,0,0
0001_neg_0,5,support,2605,1867,0.4948453608247423,1,1,0,0
0001_neg_0,6,support,1133,1261,0.6506024096385542,1,1,0,0
0001_neg_0,7,support,2565,2742,0.5821917808219178,1,1,0,0
0001_neg_0,8,support,1278,1296,0.5747126436781609,1,1,0,0
0001_neg_0,9,support,1739,1688,0.6835443037974683,0,0,0,0
0001_neg_0,10,support,1619,1210,0.5945945945945946,1,1,0,0
0001_neg_0,11,support,1308,1596,0.5833333333333334,1,1,0,0
0001_neg_0,12,query,1635,1655,0.6415094339622641,1,1,0,0
0001_pos_0,0,support,3122,1964,0.6666666666666666,1,1,0,0
0001_pos_0,1,support,2089,2525,0.7073170731707317,1,1,0,0
0001_pos_0,2,support,2834,1425,0.4380952380952381,1,1,0,0
0001_pos_0,3,support,3301,3783,0.6565656565656566,1,1,0,0
0001_pos_0,4,support,2429,2197,0.5,1,1,0,0
0001_pos_0,5,support,2212,1545,0.4244604316546763,1,0,0,0
0001_pos_0,6,support,1766,1682,0.5087719298245614,1,1,0,0
0001_pos_0,7,support,1133,1012,0.6111111111111112,1,1,0,0
0001_pos_0,8,support,2560,1640,0.3851851851851852,1,1,0,0
0001_pos_0,9,support,1264,1276,0.68,1,1,0,0
0001_pos_0,10,support,1857,1599,0.6329113924050633,0,0,0,0
0001_pos_0,11,support,1592,1217,0.5657894736842105,1,1,0,0
0001_pos_0,12,query,2573,2120,0.6326530612244898,1,1,0,0
0002_neg_0,0,support,803,828,0.6428571428571429,0,0,0,0
0002_neg_0,1,support,849,853,0.5217391304347826,1,0,0,0
0002_neg_0,2,support,1010,1023,0.625,1,1,0,0
0002_neg_0,3,support,812,768,0.5081967213114754,1,1,0,1
0002_neg_0,4,support,853,762,0.6727272727272727,0,1,0,1
0002_neg_0,5,support,1049,1227,0.6486486486486487,1,1,0,0
0002_neg_0,6,support,887,1057,0.5942028985507246,1,1,1,0
0002_neg_0,7,support,901,965,0.6417910447761194,1,1,0,0
0002_neg_0,8,support,875,950,0.6440677966101694,0,1,0,0
0002_neg_0,9,support,917,981,0.6285714285714286,1,1,0,0
0002_neg_0,10,support,1125,1059,0.5797101449275363,0,2,0,1
0002_neg_0,11,support,816,897,0.6101694915254238,0,1,0,0
0002_neg_0,12,query,849,1034,0.5789473684210527,1,1,0,0
0002_pos_0,0,support,841,858,0.5846153846153846,1,1,0,0
0002_pos_0,1,support,1010,876,0.5797101449275363,1,0,0,0
0002_pos_0,2,support,815,908,0.5862068965517241,1,1,0,0
0002_pos_0,3,support,857,883,0.5151515151515151,0,0,0,0
0002_pos_0,4,support,1012,1073,0.5694444444444444,1,1,0,0
0002_pos_0,5,support,1147,1124,0.5694444444444444,0,1,0,0
0002_pos_0,6,support,854,1139,0.7272727272727273,1,1,0,0
0002_pos_0,7,support,890,894,0.6515151515151515,0,1,0,0
0002_pos_0,8,support,902,926,0.6212121212121212,1,1,0,0
0002_pos_0,9,support,833,837,0.6481481481481481,0,1,0,1
0002_pos_0,10,support,917,937,0.6567164179104478,1,1,0,0
0002_pos_0,11,support,1101,1034,0.5970149253731343,1,2,0,1
0002_pos_0,12,query,788,831,0.6842105263157895,0,1,0,1
0003_neg_0,0,support,1403,1610,0.4247787610619469,1,1,0,0
0003_neg_0,1,support,1190,1482,0.5666666666666667,1,1,0,0
0003_neg_0,2,support,1359,1406,0.4563106796116505,1,1,0,0
0003_neg_0,3,support,1311,1569,0.6309523809523809,1,1,0,0
0003_neg_0,4,support,1414,1735,0.44036697247706424,1,1,0,0
0003_neg_0,5,support,1353,1045,0.627906976744186,1,2,0,1
0003_neg_0,6,support,1613,1357,0.5268817204301075,1,1,0,0
0003_neg_0,7,support,1440,1614,0.5604395604395604,2,2,1,1
0003_neg_0,8,support,1138,1251,0.7142857142857143,1,2,0,1
0003_neg_0,9,support,1257,1119,0.6455696202531646,1,2,0,1
0003_neg_0,10,support,2292,2261,0.6140350877192983,1,1,0,0
0003_neg_0,11,support,1307,1684,0.5930232558139535,1,2,0,1
0003_neg_0,12,query,1179,1360,0.4891304347826087,0,1,0,0
0003_pos_0,0,support,1212,1631,0.46296296296296297,1,2,0,1
0003_pos_0,1,support,1223,1319,0.44660194174757284,1,1,0,0
0003_pos_0,2,support,1311,1173,0.5568181818181818,1,1,0,1
0003_pos_0,3,support,1523,1692,0.4369747899159664,1,2,0,1
0003_pos_0,4,support,1423,1013,0.5903614457831325,1,1,0,1
0003_pos_0,5,support,1245,1241,0.65,1,1,0,0
0003_pos_0,6,support,1157,1420,0.44329896907216493,0,3,0,1
0003_pos_0,7,support,1432,1347,0.6363636363636364,1,1,0,0
0003_pos_0,8,support,1346,1318,0.6708860759493671,2,2,1,1
0003_pos_0,9,support,1231,1162,0.5975609756097561,1,2,0,1
0003_pos_0,10,support,1352,1085,0.5517241379310345,1,2,0,1
0003_pos_0,11,support,2185,1773,0.6055045871559633,1,1,0,0
0003_pos_0,12,query,1478,1603,0.5045045045045045,1,2,0,1
0004_neg_0,0,support,962,1138,0.6666666666666666,0,0,0,0
0004_neg_0,1,support,1568,1392,0.5571428571428572,1,1,0,0
0004_neg_0,2,support,870,1193,0.6774193548387096,0,1,0,0
0004_neg_0,3,support,1919,1813,0.4936708860759494,1,1,0,0
0004_neg_0,4,support,1140,1170,0.5405405405405406,1,1,0,0
0004_neg_0,5,support,1374,1455,0.6111111111111112,1,1,0,0
0004_neg_0,6,support,1123,1145,0.5797101449275363,1,1,0,0
0004_neg_0,7,support,1380,1157,0.711864406779661,0,1,0,0
0004_neg_0,8,support,1114,1346,0.5125,1,2,0,1
0004_neg_0,9,support,964,937,0.6027397260273972,1,1,0,0
0004_neg_0,10,support,997,887,0.6363636363636364,0,1,0,0
0004_neg_0,11,support,1030,1138,0.609375,1,0,0,0
0004_neg_0,12,query,1388,1022,0.5972222222222222,1,1,0,0
0004_pos_0,0,support,1568,1293,0.6417910447761194,1,1,0,0
0004_pos_0,1,support,889,1000,0.5,0,1,0,0
0004_pos_0,2,support,2146,1682,0.4457831325301205,1,1,0,0
0004_pos_0,3,support,1125,1012,0.6268656716417911,1,1,0,0
0004_pos_0,4,support,1390,1347,0.5616438356164384,1,0,0,0
0004_pos_0,5,support,1458,1711,0.5930232558139535,0,1,0,0
0004_pos_0,6,support,1523,1374,0.64,1,1,0,0
0004_pos_0,7,support,1128,1097,0.5970149253731343,1,1,0,0
0004_pos_0,8,support,1356,1485,0.5873015873015873,0,1,0,0
0004_pos_0,9,support,1094,973,0.5882352941176471,1,1,0,0
0004_pos_0,10,support,962,890,0.5857142857142857,1,1,0,0
0004_pos_0,11,support,930,949,0.5882352941176471,0,1,0,0
0004_pos_0,12,query,969,1039,0.6206896551724138,0,1,0,0
0005_neg_0,0,support,1176,1374,0.4606741573033708,1,1,0,0
0005_neg_0,1,support,1594,1550,0.6024096385542169,1,1,0,0
0005_neg_0,2,support,850,909,0.7333333333333333,1,1,0,0
0005_neg_0,3,support,881,823,0.5606060606060606,1,1,0,0
0005_neg_0,4,support,1405,1562,0.4888888888888889,1,1,0,0
0005_neg_0,5,support,1093,982,0.5609756097560976,0,0,0,0
0005_neg_0,6,support,1781,1265,0.5617977528089888,1,1,0,0
0005_neg_0,7,support,1012,1144,0.6285714285714286,1,1,0,0
0005_neg_0,8,support,1165,1206,0.6097560975609756,1,1,0,0
0005_neg_0,9,support,876,921,0.703125,0,1,0,0
0005_neg_0,10,support,1112,1244,0.6,1,2,0,1
0005_neg_0,11,support,882,891,0.6029411764705882,1,1,0,0
0005_neg_0,12,query,1654,1228,0.449438202247191,0,0,0,0
0005_pos_0,0,support,1444,1511,0.5217391304347826,1,1,0,0
0005_pos_0,1,support,856,789,0.7192982456140351,1,1,0,0
0005_pos_0,2,support,880,859,0.6615384615384615,1,1,0,0
0005_pos_0,3,support,1461,1533,0.6585365853658537,1,1,0,0
0005_pos_0,4,support,1093,1099,0.4659090909090909,0,1,0,1
0005_pos_0,5,support,1273,1175,0.5679012345679012,1,2,0,1
0005_pos_0,6,support,1134,1154,0.7575757575757576,1,0,0,0
0005_pos_0,7,support,1612,1416,0.5274725274725275,1,1,0,0
0005_pos_0,8,support,937,964,0.6935483870967742,1,0,0,0
0005_pos_0,9,support,1197,1279,0.6582278481012658,1,1,0,0
0005_pos_0,10,support,897,1016,0.6363636363636364,0,1,0,0
0005_pos_0,11,support,1119,1214,0.6533333333333333,1,2,0,1
0005_pos_0,12,query,1138,1379,0.547945205479452,1,1,0,0
0006_neg_0,0,support,1475,1755,0.5666666666666667,1,1,0,0
0006_neg_0,1,support,1729,1401,0.6744186046511628,1,2,0,1
0006_neg_0,2,support,1469,1346,0.46601941747572817,1,1,0,0
0006_neg_0,3,support,1297,1426,0.691358024691358,1,2,0,1
0006_neg_0,4,support,1083,1484,0.6075949367088608,1,2,0,1
0006_neg_0,5,support,1307,1325,0.7283950617283951,1,1,0,0
0006_neg_0,6,support,1594,1499,0.5217391304347826,1,1,0,0
0006_neg_0,7,support,931,1171,0.703125,1,1,0,0
0006_neg_0,8,support,1475,1518,0.5368421052631579,1,1,0,0
0006_neg_0,9,support,1389,1190,0.4418604651162791,1,0,0,0
0006_neg_0,10,support,1507,1315,0.48484848484848486,1,1,0,0
0006_neg_0,11,support,1085,1208,0.6557377049180327,0,1,0,0
0006_neg_0,12,query,1561,1685,0.49038461538461536,1,1,0,0
0006_pos_0,0,support,1586,1540,0.6373626373626373,1,2,0,1
0006_pos_0,1,support,1410,1709,0.5353535353535354,1,1,0,0
0006_pos_0,2,support,1366,1504,0.6705882352941176,1,1,0,0
0006_pos_0,3,support,1064,1184,0.5432098765432098,1,2,0,1
0006_pos_0,4,support,1519,1386,0.5555555555555556,1,2,0,1
0006_pos_0,5,support,1681,1735,0.408,1,2,0,0
0006_pos_0,6,support,1690,1398,0.49473684210526314,1,1,0,0
0006_pos_0,7,support,1740,1403,0.53125,1,2,0,1
0006_pos_0,8,support,1110,1591,0.6329113924050633,1,1,0,0
0006_pos_0,9,support,1472,1317,0.6973684210526315,1,1,0,0
0006_pos_0,10,support,1579,1389,0.5714285714285714,1,1,0,0
0006_pos_0,11,support,1154,1411,0.5054945054945055,1,1,0,0
0006_pos_0,12,query,1489,1515,0.6170212765957447,1,2,0,1
0007_neg_0,0,support,1376,1184,0.4791666666666667,1,2,0,0
0007_neg_0,1,support,1316,1281,0.5949367088607594,1,1,0,0
0007_neg_0,2,support,990,1282,0.6714285714285714,1,1,0,0
0007_neg_0,3,support,1124,1485,0.5657894736842105,1,1,0,0
0007_neg_0,4,support,1216,1295,0.5802469135802469,1,1,0,0
0007_neg_0,5,support,1116,1089,0.6,1,1,0,0
0007_neg_0,6,support,1456,1419,0.5802469135802469,1,1,0,0
0007_neg_0,7,support,1047,1047,0.6212121212121212,1,1,0,0
0007_neg_0,8,support,1643,1511,0.6375,1,1,0,0
0007_neg_0,9,support,858,870,0.86,1,1,0,0
0007_neg_0,10,support,1476,1482,0.6097560975609756,1,1,0,0
0007_neg_0,11,support,1419,1521,0.6323529411764706,1,1,0,0
0007_neg_0,12,query,1596,1562,0.5360824742268041,1,0,0,0
0007_pos_0,0,support,1290,1315,0.5897435897435898,1,1,0,0
0007_pos_0,1,support,1046,1238,0.6714285714285714,1,1,0,0
0007_pos_0,2,support,1100,1406,0.5802469135802469,1,1,0,0
0007_pos_0,3,support,1033,1124,0.6617647058823529,1,1,0,0
0007_pos_0,4,support,1103,1169,0.589041095890411,1,1,0,0
0007_pos_0,5,support,1849,1613,0.6404494382022472,1,1,0,0
0007_pos_0,6,support,1655,1899,0.625,1,1,0,0
0007_pos_0,7,support,1384,1502,0.5925925925925926,1,1,0,0
0007_pos_0,8,support,1036,1028,0.703125,1,1,0,0
0007_pos_0,9,support,1569,1379,0.6666666666666666,1,1,0,0
0007_pos_0,10,support,901,938,0.7368421052631579,1,1,0,0
0007_pos_0,11,support,1618,1522,0.5681818181818182,1,1,0,0
0007_pos_0,12,query,1318,1154,0.6133333333333333,1,0,0,0
0008_neg_0,0,support,1195,1315,0.6956521739130435,1,1,0,0
0008_neg_0,1,support,1232,1162,0.859375,1,1,0,0
0008_neg_0,2,support,1028,1069,0.7301587301587301,1,1,0,0
0008_neg_0,3,support,1166,1144,0.6567164179104478,1,1,0,0
0008_neg_0,4,support,1024,1214,0.6533333333333333,1,1,0,0
0008_neg_0,5,support,1106,1121,0.6666666666666666,1,1,0,0
0008_neg_0,6,support,1187,1407,0.6351351351351351,1,1,0,0
0008_neg_0,7,support,1297,1187,0.8032786885245902,0,1,0,0
0008_neg_0,8,support,1055,1171,0.704225352112676,1,1,0,0
0008_neg_0,9,support,1236,1023,0.56,1,1,0,0
0008_neg_0,10,support,1292,1137,0.5806451612903226,1,1,0,0
0008_neg_0,11,support,1066,1007,0.7258064516129032,1,1,0,0
0008_neg_0,12,query,1518,1853,0.6067415730337079,1,2,0,1
0008_pos_0,0,support,1183,1083,0.8153846153846154,1,1,0,0
0008_pos_0,1,support,1028,1026,0.8947368421052632,1,1,0,0
0008_pos_0,2,support,1166,1150,0.6515151515151515,1,1,0,0
0008_pos_0,3,support,1024,1189,0.6811594202898551,1,1,0,0
0008_pos_0,4,support,1032,1209,0.6935483870967742,1,1,0,0
0008_pos_0,5,support,1205,1160,0.5394736842105263,1,1,0,0
0008_pos_0,6,support,1438,1495,0.5769230769230769,1,1,0,0
0008_pos_0,7,support,1265,1224,0.7205882352941176,1,1,0,0
0008_pos_0,8,support,1085,1227,0.7164179104477612,1,2,0,1
0008_pos_0,9,support,1073,1195,0.631578947368421,1,1,0,0
0008_pos_0,10,support,1196,1174,0.5844155844155844,1,1,0,0
0008_pos_0,11,support,1299,1396,0.45544554455445546,1,1,0,0
0008_pos_0,12,query,1283,1487,0.5974025974025974,1,1,0,0
0009_neg_0,0,support,1408,1346,0.45918367346938777,1,1,0,1
0009_neg_0,1,support,1313,1277,0.5306122448979592,1,2,0,1
0009_neg_0,2,support,1062,1286,0.4519230769230769,1,2,0,1
0009_neg_0,3,support,1143,1297,0.5051546391752577,0,0,0,0
0009_neg_0,4,support,1270,1448,0.53125,2,2,0,1
0009_neg_0,5,support,949,897,0.6176470588235294,0,1,0,1
0009_neg_0,6,support,1368,1605,0.46601941747572817,1,2,0,1
0009_neg_0,7,support,1521,936,0.5853658536585366,1,0,1,0
0009_neg_0,8,support,1358,1252,0.4945054945054945,1,1,0,0
0009_neg_0,9,support,1193,1199,0.6233766233766234,2,1,1,0
0009_neg_0,10,support,1290,1199,0.6428571428571429,1,2,0,1
0009_neg_0,11,support,1245,938,0.5375,1,0,0,0
0009_neg_0,12,query,1505,1564,0.48,1,2,0,1
0009_pos_0,0,support,1139,1333,0.6265060240963856,1,2,0,1
0009_pos_0,1,support,1053,1015,0.6,1,1,0,0
0009_pos_0,2,support,1124,1429,0.5454545454545454,0,0,0,0
0009_pos_0,3,support,1131,1501,0.5104166666666666,2,2,0,1
0009_pos_0,4,support,904,1088,0.5308641975308642,0,1,0,1
0009_pos_0,5,support,1538,1402,0.5052631578947369,1,2,0,1
0009_pos_0,6,support,1690,1740,0.40476190476190477,1,2,0,1
0009_pos_0,7,support,1368,1703,0.5288461538461539,1,2,0,1
0009_pos_0,8,support,1491,1539,0.5494505494505495,1,0,1,0
0009_pos_0,9,support,1456,1307,0.5783132530120482,1,1,0,0
0009_pos_0,10,support,1105,1293,0.5116279069767442,1,2,0,1
0009_pos_0,11,support,1153,1530,0.5730337078651685,1,1,0,0
0009_pos_0,12,query,1175,1176,0.4791666666666667,1,2,0,1
0010_neg_0,0,support,869,959,0.7368421052631579,1,1,0,0
0010_neg_0,1,support,1072,1235,0.569620253164557,1,1,0,0
0010_neg_0,2,support,808,844,0.75,1,1,0,0
0010_neg_0,3,support,882,922,0.7333333333333333,1,0,0,0
0010_neg_0,4,support,1283,1269,0.6176470588235294,1,1,0,0
0010_neg_0,5,support,884,871,0.7735849056603774,1,1,0,0
0010_neg_0,6,support,1594,1189,0.6164383561643836,1,1,0,0
0010_neg_0,7,support,866,922,0.8301886792452831,1,1,0,0
0010_neg_0,8,support,797,889,0.6666666666666666,1,1,0,0
0010_neg_0,9,support,920,1120,0.6666666666666666,1,1,0,0
0010_neg_0,10,support,1097,1148,0.5507246376811594,1,1,0,0
0010_neg_0,11,support,884,1001,0.6268656716417911,1,1,0,0
0010_neg_0,12,query,1355,1493,0.53125,1,1,0,0
0010_pos_0,0,support,1080,1091,0.7230769230769231,1,0,0,0
0010_pos_0,1,support,803,871,0.7692307692307693,1,1,0,0
0010_pos_0,2,support,827,877,0.7321428571428571,1,1,0,0
0010_pos_0,3,support,1267,1259,0.6470588235294118,1,0,0,0
0010_pos_0,4,support,883,889,0.7142857142857143,1,1,0,0
0010_pos_0,5,support,846,1206,0.4567901234567901,1,1,0,0
0010_pos_0,6,support,1380,1381,0.5975609756097561,1,1,0,0
0010_pos_0,7,support,1324,1114,0.581081081081081,1,1,0,0
0010_pos_0,8,support,838,912,0.803921568627451,1,1,0,0
0010_pos_0,9,support,797,874,0.7037037037037037,1,0,0,0
0010_pos_0,10,support,907,946,0.6515151515151515,1,1,0,0
0010_pos_0,11,support,1134,1065,0.6774193548387096,1,1,0,0
0010_pos_0,12,query,883,1001,0.6176470588235294,1,1,0,0
0011_neg_0,0,support,1326,1136,0.6818181818181818,1,1,0,0
0011_neg_0,1,support,1054,1314,0.4777777777777778,0,1,0,0
0011_neg_0,2,support,1561,1534,0.6022727272727273,1,1,0,0
0011_neg_0,3,support,1315,1402,0.6666666666666666,1,1,0,0
0011_neg_0,4,support,1066,1347,0.5384615384615384,1,1,0,0
0011_neg_0,5,support,1304,1395,0.6285714285714286,1,1,0,0
0011_neg_0,6,support,1102,1139,0.7536231884057971,1,1,0,0
0011_neg_0,7,support,1527,1470,0.47368421052631576,1,1,0,0
0011_neg_0,8,support,1482,1934,0.5434782608695652,1,1,0,0
0011_neg_0,9,support,1055,1236,0.5662650602409639,0,1,0,0
0011_neg_0,10,support,1349,1320,0.5584415584415584,1,0,0,0
0011_neg_0,11,support,1487,1371,0.6811594202898551,1,1,0,0
0011_neg_0,12,query,1187,1122,0.569620253164557,1,1,0,0
0011_pos_0,0,support,1058,1030,0.5616438356164384,0,1,0,0
0011_pos_0,1,support,1514,1346,0.5581395348837209,1,1,0,0
0011_pos_0,2,support,1315,1136,0.6779661016949152,1,0,0,0
0011_pos_0,3,support,1085,1129,0.6388888888888888,1,1,0,0
0011_pos_0,4,support,1274,1357,0.6268656716417911,1,1,0,0
0011_pos_0,5,support,1089,678,0.38235294117647056,1,1,0,0
0011_pos_0,6,support,1239,1261,0.6133333333333333,1,1,0,0
0011_pos_0,7,support,1105,1007,0.52,1,1,0,0
0011_pos_0,8,support,1542,1247,0.5238095238095238,1,1,0,0
0011_pos_0,9,support,1475,1338,0.6705882352941176,1,1,0,0
0011_pos_0,10,support,1107,1156,0.5949367088607594,1,1,0,0
0011_pos_0,11,support,1411,1948,0.5952380952380952,1,1,0,0
0011_pos_0,12,query,1296,1481,0.48863636363636365,1,1,0,0
0012_neg_0,0,support,1723,1677,0.3898305084745763,1,2,0,1
0012_neg_0,1,support,2379,1343,0.2909090909090909,1,0,0,0
0012_neg_0,2,support,3660,2976,0.4431137724550898,1,0,0,0
0012_neg_0,3,support,1319,1622,0.5789473684210527,2,2,1,1
0012_neg_0,4,support,1169,1024,0.5571428571428572,1,1,0,0
0012_neg_0,5,support,1072,1060,0.6805555555555556,1,1,0,0
0012_neg_0,6,support,1365,1373,0.6506024096385542,1,1,0,0
0012_neg_0,7,support,923,952,0.5441176470588235,1,1,0,0
0012_neg_0,8,support,1602,1669,0.6705882352941176,1,1,0,0
0012_neg_0,9,support,1730,1479,0.42857142857142855,1,1,0,0
0012_neg_0,10,support,2023,1904,0.5084745762711864,1,1,0,0
0012_neg_0,11,support,3276,5215,0.5197368421052632,1,1,0,0
0012_neg_0,12,query,953,973,0.5147058823529411,0,0,0,0
0012_pos_0,0,support,1795,1673,0.31386861313868614,1,2,0,1
0012_pos_0,1,support,3972,3693,0.56875,1,1,0,0
0012_pos_0,2,support,1702,2189,0.3643410852713178,1,1,0,0
0012_pos_0,3,support,975,1006,0.5833333333333334,1,1,0,0
0012_pos_0,4,support,1163,1185,0.5119047619047619,1,2,0,1
0012_pos_0,5,support,1604,1458,0.41,2,1,1,0
0012_pos_0,6,support,1085,1275,0.5308641975308642,1,1,0,0
0012_pos_0,7,support,1393,1181,0.6046511627906976,1,1,0,0
0012_pos_0,8,support,1139,1429,0.4939759036144578,1,1,0,0
0012_pos_0,9,support,1710,1772,0.5714285714285714,1,1,0,0
0012_pos_0,10,support,1649,1419,0.40336134453781514,1,1,0,0
0012_pos_0,11,support,1974,1207,0.3252032520325203,1,1,0,0
0012_pos_0,12,query,1493,1560,0.45045045045045046,1,2,0,1
0013_neg_0,0,support,1061,1083,0.6805555555555556,1,1,0,0
0013_neg_0,1,support,1072,1135,0.8088235294117647,1,1,0,0
0013_neg_0,2,support,1307,1417,0.625,1,1,0,0
0013_neg_0,3,support,970,926,0.6376811594202898,1,1,0,0
0013_neg_0,4,support,1033,1092,0.5507246376811594,1,1,0,0
0013_neg_0,5,support,852,827,0.7413793103448276,1,1,0,0
0013_neg_0,6,support,973,1033,0.5942028985507246,1,1,0,0
0013_neg_0,7,support,1274,1289,0.6506024096385542,1,1,0,0
0013_neg_0,8,support,938,898,0.5633802816901409,1,1,0,0
0013_neg_0,9,support,1154,1218,0.5340909090909091,1,1,0,0
0013_neg_0,10,support,1033,1056,0.6575342465753424,1,1,0,0
0013_neg_0,11,support,1123,1092,0.6716417910447762,1,1,0,0
0013_neg_0,12,query,972,859,0.7076923076923077,1,1,0,0
0013_pos_0,0,support,1074,860,0.6666666666666666,1,1,0,0
0013_pos_0,1,support,1385,951,0.6986301369863014,1,1,0,0
0013_pos_0,2,support,894,1001,0.676056338028169,1,1,0,0
0013_pos_0,3,support,1033,1081,0.7142857142857143,1,1,0,0
0013_pos_0,4,support,900,958,0.6567164179104478,1,1,0,0
0013_pos_0,5,support,1061,1400,0.5662650602409639,1,1,0,0
0013_pos_0,6,support,970,963,0.64,1,1,0,0
0013_pos_0,7,support,991,1059,0.6056338028169014,1,1,0,0
0013_pos_0,8,support,1288,1291,0.6265060240963856,1,1,0,0
0013_pos_0,9,support,914,882,0.6825396825396826,1,1,0,0
0013_pos_0,10,support,1248,1252,0.4895833333333333,1,1,0,0
0013_pos_0,11,support,1135,1140,0.6103896103896104,1,1,0,0
0013_pos_0,12,query,1061,1112,0.6933333333333334,1,1,0,0
0014_neg_0,0,support,1363,1378,0.75,1,1,0,0
0014_neg_0,1,support,1456,1864,0.4774774774774775,0,1,0,0
0014_neg_0,2,support,1763,2000,0.5612244897959183,1,2,0,1
0014_neg_0,3,support,1357,1096,0.7714285714285715,1,2,0,1
0014_neg_0,4,support,1438,1537,0.686046511627907,1,2,0,1
0014_neg_0,5,support,1386,1506,0.5368421052631579,1,2,0,1
0014_neg_0,6,support,2072,2147,0.5,1,1,0,0
0014_neg_0,7,support,1185,1281,0.6511627906976745,1,2,0,1
0014_neg_0,8,support,1074,1063,0.5753424657534246,1,1,0,0
0014_neg_0,9,support,1281,1560,0.5151515151515151,1,2,0,1
0014_neg_0,10,support,1464,2098,0.5760869565217391,1,1,0,0
0014_neg_0,11,support,1389,1460,0.5888888888888889,0,1,0,0
0014_neg_0,12,query,1489,1711,0.6477272727272727,0,2,0,1
0014_pos_0,0,support,1399,1610,0.5652173913043478,0,2,0,1
0014_pos_0,1,support,1703,1716,0.5204081632653061,1,2,0,1
0014_pos_0,2,support,1301,1099,0.6805555555555556,0,1,0,0
0014_pos_0,3,support,1506,1627,0.5714285714285714,1,2,0,1
0014_pos_0,4,support,1356,1542,0.5714285714285714,1,1,0,0
0014_pos_0,5,support,1615,1777,0.5392156862745098,1,2,0,1
0014_pos_0,6,support,1445,1913,0.6,0,2,0,1
0014_pos_0,7,support,1842,1862,0.45901639344262296,1,1,0,0
0014_pos_0,8,support,1224,1269,0.6705882352941176,2,2,1,1
0014_pos_0,9,support,1249,992,0.6233766233766234,1,1,0,0
0014_pos_0,10,support,1324,1246,0.5319148936170213,1,1,0,0
0014_pos_0,11,support,1464,1648,0.6341463414634146,1,1,0,0
0014_pos_0,12,query,1304,1396,0.6883116883116883,1,1,0,0
0015_neg_0,0,support,844,1109,0.5405405405405406,0,0,0,0
0015_neg_0,1,support,1220,1460,0.5280898876404494,1,2,0,1
0015_neg_0,2,support,1038,1214,0.5308641975308642,0,0,0,0
0015_neg_0,3,support,1250,1589,0.6,1,1,0,0
0015_neg_0,4,support,1223,1103,0.5694444444444444,1,1,0,0
0015_neg_0,5,support,1111,1217,0.6363636363636364,1,1,0,0
0015_neg_0,6,support,1057,1428,0.6911764705882353,1,1,0,0
0015_neg_0,7,support,1114,978,0.6615384615384615,1,0,0,0
0015_neg_0,8,support,1196,1282,0.7142857142857143,1,1,0,0
0015_neg_0,9,support,1184,1347,0.5,1,1,0,0
0015_neg_0,10,support,946,1166,0.5555555555555556,1,1,0,0
0015_neg_0,11,support,1104,1392,0.582089552238806,1,2,0,1
0015_neg_0,12,query,1186,1490,0.5268817204301075,1,2,0,1
0015_pos_0,0,support,1180,1221,0.6338028169014085,1,1,0,0
0015_pos_0,1,support,968,1124,0.640625,0,1,0,0
0015_pos_0,2,support,1248,1096,0.6056338028169014,1,0,0,0
0015_pos_0,3,support,1225,1311,0.7272727272727273,1,1,0,0
0015_pos_0,4,support,982,1118,0.6984126984126984,1,1,0,0
0015_pos_0,5,support,1739,1142,0.6172839506172839,1,0,0,0
0015_pos_0,6,support,1308,1333,0.6867469879518072,1,2,0,1
0015_pos_0,7,support,1055,972,0.6716417910447762,1,1,0,0
0015_pos_0,8,support,1097,862,0.6885245901639344,1,0,0,0
0015_pos_0,9,support,1403,1297,0.5609756097560976,1,1,0,0
0015_pos_0,10,support,1174,1361,0.5662650602409639,1,1,0,0
0015_pos_0,11,support,942,1146,0.6567164179104478,1,1,0,0
0015_pos_0,12,query,871,954,0.7758620689655172,0,0,0,0
0016_neg_0,0,support,938,865,0.6307692307692307,1,1,0,0
0016_neg_0,1,support,1167,1066,0.48717948717948717,1,1,0,0
0016_neg_0,2,support,1282,1608,0.5164835164835165,1,1,0,0
0016_neg_0,3,support,876,836,0.7368421052631579,1,1,0,0
0016_neg_0,4,support,1260,1284,0.575,1,1,0,0
0016_neg_0,5,support,1258,1282,0.5058823529411764,1,1,0,0
0016_neg_0,6,support,1263,1286,0.6823529411764706,1,1,0,0
0016_neg_0,7,support,1275,1422,0.5238095238095238,1,1,0,0
0016_neg_0,8,support,1324,1247,0.5806451612903226,1,1,0,0
0016_neg_0,9,support,956,955,0.7,0,2,0,1
0016_neg_0,10,support,1078,1210,0.6103896103896104,1,1,0,0
0016_neg_0,11,support,1116,1238,0.4880952380952381,1,1,0,0
0016_neg_0,12,query,1242,1126,0.5747126436781609,2,1,1,0
0016_pos_0,0,support,1139,1113,0.6052631578947368,1,1,0,0
0016_pos_0,1,support,1122,1092,0.6338028169014085,1,1,0,0
0016_pos_0,2,support,826,831,0.7924528301886793,1,1,0,0
0016_pos_0,3,support,1259,1152,0.5921052631578947,1,1,0,0
0016_pos_0,4,support,1254,1282,0.5789473684210527,1,1,0,0
0016_pos_0,5,support,1097,1127,0.7076923076923077,1,1,0,0
0016_pos_0,6,support,1289,1358,0.6091954022988506,1,1,0,0
0016_pos_0,7,support,1229,1341,0.6666666666666666,1,2,0,1
0016_pos_0,8,support,1232,1099,0.6956521739130435,1,1,0,0
0016_pos_0,9,support,1268,1281,0.6091954022988506,1,1,0,0
0016_pos_0,10,support,956,1036,0.5970149253731343,0,1,0,0
0016_pos_0,11,support,1079,1112,0.6351351351351351,1,1,0,0
0016_pos_0,12,query,907,978,0.5555555555555556,1,1,0,0
0017_neg_0,0,support,1179,1343,0.6129032258064516,0,0,0,0
0017_neg_0,1,support,1592,1505,0.5930232558139535,0,1,0,0
0017_neg_0,2,support,977,2017,0.6075949367088608,0,1,0,0
0017_neg_0,3,support,1418,1515,0.71875,0,0,0,0
0017_neg_0,4,support,944,1319,0.6575342465753424,1,1,0,0
0017_neg_0,5,support,953,950,0.5540540540540541,1,1,0,0
0017_neg_0,6,support,1464,1406,0.6470588235294118,1,2,0,1
0017_neg_0,7,support,1456,1445,0.5783132530120482,1,1,0,0
0017_neg_0,8,support,1094,1089,0.71875,1,1,0,0
0017_neg_0,9,support,1165,1174,0.7538461538461538,1,1,0,0
0017_neg_0,10,support,1008,1090,0.6428571428571429,0,0,0,0
0017_neg_0,11,support,878,1416,0.6231884057971014,0,1,0,0
0017_neg_0,12,query,854,847,0.625,0,1,0,0
0017_pos_0,0,support,1448,1788,0.6024096385542169,0,1,0,0
0017_pos_0,1,support,965,2188,0.6233766233766234,0,0,0,0
0017_pos_0,2,support,1517,1888,0.5866666666666667,0,1,0,0
0017_pos_0,3,support,898,1116,0.671875,1,1,0,0
0017_pos_0,4,support,955,1404,0.620253164556962,1,1,0,0
0017_pos_0,5,support,1345,1697,0.5609756097560976,0,0,0,0
0017_pos_0,6,support,863,890,0.5970149253731343,0,1,0,0
0017_pos_0,7,support,1549,1653,0.5869565217391305,1,1,0,0
0017_pos_0,8,support,1462,1226,0.5394736842105263,1,0,0,0
0017_pos_0,9,support,1069,909,0.7076923076923077,1,1,0,0
0017_pos_0,10,support,1175,1202,0.7058823529411765,1,2,0,1
0017_pos_0,11,support,970,1028,0.6885245901639344,0,1,0,0
0017_pos_0,12,query,1207,1190,0.7017543859649122,0,0,0,0
0018_neg_0,0,support,1136,1205,0.4430379746835443,1,1,0,0
0018_neg_0,1,support,1964,2005,0.5420560747663551,1,2,0,1
0018_neg_0,2,support,1355,1712,0.4888888888888889,1,1,0,0
0018_neg_0,3,support,1989,2493,0.6629213483146067,1,1,0,0
0018_neg_0,4,support,1368,1695,0.31496062992125984,2,2,1,1
0018_neg_0,5,support,1537,1620,0.5697674418604651,1,1,0,0
0018_neg_0,6,support,1611,1657,0.6145833333333334,1,1,0,0
0018_neg_0,7,support,1794,1564,0.5806451612903226,1,1,0,0
0018_neg_0,8,support,1307,1550,0.5567010309278351,1,1,0,0
0018_neg_0,9,support,1455,1097,0.4835164835164835,1,0,0,0
0018_neg_0,10,support,1513,1658,0.46846846846846846,1,2,0,1
0018_neg_0,11,support,1403,1174,0.4666666666666667,2,1,1,0
0018_neg_0,12,query,1121,1254,0.4827586206896552,1,1,0,0
0018_pos_0,0,support,1802,1371,0.5051546391752577,1,1,0,0
0018_pos_0,1,support,1325,1172,0.5662650602409639,2,2,1,1
0018_pos_0,2,support,2344,2668,0.689922480620155,1,1,0,0
0018_pos_0,3,support,1493,1382,0.39805825242718446,1,2,0,1
0018_pos_0,4,support,1713,1559,0.5930232558139535,1,1,0,0
0018_pos_0,5,support,1121,1475,0.6,1,2,0,1
0018_pos_0,6,support,1533,1361,0.43434343434343436,1,2,0,1
0018_pos_0,7,support,1563,1806,0.5686274509803921,1,1,0,0
0018_pos_0,8,support,1585,1265,0.6463414634146342,2,2,1,1
0018_pos_0,9,support,1546,1613,0.4878048780487805,1,1,0,0
0018_pos_0,10,support,1489,1654,0.5247524752475248,1,1,0,0
0018_pos_0,11,support,1538,1652,0.4945054945054945,1,1,0,0
0018_pos_0,12,query,1185,1231,0.6052631578947368,1,1,0,0
0019_neg_0,0,support,2406,2758,0.5247524752475248,1,1,0,0
0019_neg_0,1,support,1990,2360,0.6818181818181818,1,1,0,0
0019_neg_0,2,support,2801,2299,0.5588235294117647,1,1,0,0
0019_neg_0,3,support,2395,2483,0.55,1,1,0,0
0019_neg_0,4,support,2399,2202,0.61,1,1,0,0
0019_neg_0,5,support,2214,2690,0.5882352941176471,1,1,0,0
0019_neg_0,6,support,1583,1546,0.6428571428571429,1,1,0,0
0019_neg_0,7,support,2301,2571,0.5378151260504201,1,1,0,0
0019_neg_0,8,support,2347,1652,0.5739130434782609,1,1,0,0
0019_neg_0,9,support,2473,2618,0.6344086021505376,1,1,0,0
0019_neg_0,10,support,2209,2130,0.5673076923076923,1,1,0,0
0019_neg_0,11,support,1898,2582,0.5445544554455446,1,1,0,0
0019_neg_0,12,query,2532,2299,0.5714285714285714,1,1,0,0
0019_pos_0,0,support,1933,2033,0.6179775280898876,1,1,0,0
0019_pos_0,1,support,2266,2197,0.5047619047619047,1,1,0,0
0019_pos_0,2,support,2260,2387,0.6145833333333334,1,1,0,0
0019_pos_0,3,support,2379,2049,0.6170212765957447,1,1,0,0
0019_pos_0,4,support,2579,2106,0.5784313725490197,1,1,0,0
0019_pos_0,5,support,1862,1776,0.5789473684210527,1,1,0,0
0019_pos_0,6,support,3277,2409,0.5490196078431373,1,1,0,0
0019_pos_0,7,support,1402,2000,0.532608695652174,1,1,0,0
0019_pos_0,8,support,2399,2167,0.6701030927835051,1,1,0,0
0019_pos_0,9,support,2542,2721,0.5641025641025641,1,1,0,0
0019_pos_0,10,support,2449,1416,0.5510204081632653,1,1,0,0
0019_pos_0,11,support,2050,1922,0.6428571428571429,1,1,0,0
0019_pos_0,12,query,2465,2441,0.56,1,1,0,0
0020_neg_0,0,support,987,1030,0.7285714285714285,1,1,0,0
0020_neg_0,1,support,1141,1100,0.5641025641025641,1,1,0,0
0020_neg_0,2,support,1161,1409,0.6142857142857143,1,1,0,0
0020_neg_0,3,support,1499,1639,0.5517241379310345,1,1,0,0
0020_neg_0,4,support,988,1048,0.6060606060606061,0,1,0,0
0020_neg_0,5,support,1503,1401,0.51,1,2,0,1
0020_neg_0,6,support,1557,1585,0.5662650602409639,1,1,0,0
0020_neg_0,7,support,820,959,0.6557377049180327,1,1,0,0
0020_neg_0,8,support,1155,1262,0.6716417910447762,1,1,0,0
0020_neg_0,9,support,922,1121,0.6307692307692307,1,1,0,0
0020_neg_0,10,support,1217,1345,0.75,0,1,0,0
0020_neg_0,11,support,1210,1231,0.6666666666666666,1,1,0,0
0020_neg_0,12,query,1752,1289,0.6216216216216216,0,1,0,0
0020_pos_0,0,support,1225,1260,0.5432098765432098,1,1,0,0
0020_pos_0,1,support,1181,1053,0.6811594202898551,1,1,0,0
0020_pos_0,2,support,1493,1440,0.6447368421052632,1,1,0,0
0020_pos_0,3,support,959,1113,0.7049180327868853,0,0,0,0
0020_pos_0,4,support,1629,1567,0.5098039215686274,1,2,0,1
0020_pos_0,5,support,866,913,0.7213114754098361,1,1,0,0
0020_pos_0,6,support,1743,1496,0.7384615384615385,0,0,0,0
0020_pos_0,7,support,1286,1299,0.6818181818181818,1,1,0,0
0020_pos_0,8,support,910,894,0.5373134328358209,0,1,0,0
0020_pos_0,9,support,1121,1185,0.796875,1,1,0,0
0020_pos_0,10,support,912,978,0.5757575757575758,1,1,0,0
0020_pos_0,11,support,1217,1096,0.7166666666666667,0,1,0,0
0020_pos_0,12,query,948,1095,0.6666666666666666,1,1,0,0
0021_neg_0,0,support,1799,1989,0.4482758620689655,1,1,0,0
0021_neg_0,1,support,1337,1722,0.5053763440860215,1,1,0,0
0021_neg_0,2,support,1587,1420,0.6666666666666666,1,1,0,0
0021_neg_0,3,support,1881,1575,0.46875,1,1,0,0
0021_neg_0,4,support,1682,1721,0.6511627906976745,1,1,0,0
0021_neg_0,5,support,1317,1197,0.618421052631579,1,1,0,0
0021_neg_0,6,support,1475,1308,0.5494505494505495,0,0,0,0
0021_neg_0,7,support,921,920,0.5068493150684932,1,1,0,0
0021_neg_0,8,support,1199,1266,0.6,1,1,0,0
0021_neg_0,9,support,1533,1443,0.5842696629213483,1,1,0,0
0021_neg_0,10,support,1771,1993,0.5824175824175825,1,2,0,1
0021_neg_0,11,support,1209,1241,0.4659090909090909,1,1,0,0
0021_neg_0,12,query,1512,1652,0.4444444444444444,1,2,0,1
0021_pos_0,0,support,2006,2034,0.4473684210526316,1,1,0,0
0021_pos_0,1,support,1726,1790,0.59375,1,1,0,0
0021_pos_0,2,support,1857,2144,0.5098039215686274,1,1,0,0
0021_pos_0,3,support,1729,1732,0.5670103092783505,1,1,0,0
0021_pos_0,4,support,1230,1664,0.4731182795698925,1,1,0,0
0021_pos_0,5,support,1393,1589,0.7333333333333333,1,1,0,0
0021_pos_0,6,support,1419,1518,0.550561797752809,1,1,0,0
0021_pos_0,7,support,1425,1381,0.5425531914893617,0,1,0,0
0021_pos_0,8,support,930,1138,0.5405405405405406,1,1,0,0
0021_pos_0,9,support,1331,1374,0.5842696629213483,1,1,0,0
0021_pos_0,10,support,1811,1433,0.532608695652174,1,1,0,0
0021_pos_0,11,support,1784,1690,0.5978260869565217,1,1,0,0
0021_pos_0,12,query,1786,1829,0.5229357798165137,1,1,0,0
0022_neg_0,0,support,1359,1110,0.6086956521739131,1,1,0,0
0022_neg_0,1,support,1352,1385,0.7681159420289855,1,1,0,0
0022_neg_0,2,support,1556,1706,0.6477272727272727,1,1,0,0
0022_neg_0,3,support,1328,1375,0.5238095238095238,1,1,0,0
0022_neg_0,4,support,1068,1239,0.6575342465753424,1,1,0,0
0022_neg_0,5,support,1856,1803,0.6,1,1,0,0
0022_neg_0,6,support,2370,1492,0.5104166666666666,1,1,0,0
0022_neg_0,7,support,1602,2144,0.5454545454545454,1,1,0,0
0022_neg_0,8,support,3307,1816,0.5670103092783505,1,1,0,0
0022_neg_0,9,support,1695,2021,0.5849056603773585,1,1,0,0
0022_neg_0,10,support,1728,1753,0.6842105263157895,1,1,0,0
0022_neg_0,11,support,1525,1191,0.5555555555555556,1,1,0,0
0022_neg_0,12,query,2496,2467,0.759493670886076,1,1,0,0
0022_pos_0,0,support,1360,1700,0.5106382978723404,1,1,0,0
0022_pos_0,1,support,1190,1485,0.5125,1,1,0,0
0022_pos_0,2,support,1578,1671,0.46464646464646464,1,1,0,0
0022_pos_0,3,support,1082,1183,0.8412698412698413,1,1,0,0
0022_pos_0,4,support,1757,1682,0.5851063829787234,1,1,0,0
0022_pos_0,5,support,1354,1395,0.5,1,1,0,0
0022_pos_0,6,support,2495,2136,0.7721518987341772,1,1,0,0
0022_pos_0,7,support,2047,1603,0.5591397849462365,1,1,0,0
0022_pos_0,8,support,1817,1525,0.5681818181818182,1,1,0,0
0022_pos_0,9,support,3064,1700,0.6632653061224489,1,1,0,0
0022_pos_0,10,support,1693,1675,0.6082474226804123,1,1,0,0
0022_pos_0,11,support,1701,1370,0.6266666666666667,1,1,0,0
0022_pos_0,12,query,1239,1179,0.524390243902439,1,1,0,0
0023_neg_0,0,support,1332,1481,0.5340909090909091,1,1,0,0
0023_neg_0,1,support,1595,2054,0.632183908045977,1,1,0,0
0023_neg_0,2,support,1210,1176,0.5679012345679012,1,1,0,0
0023_neg_0,3,support,1166,1241,0.6197183098591549,1,1,0,0
0023_neg_0,4,support,1405,1285,0.5679012345679012,1,1,0,0
0023_neg_0,5,support,1014,1196,0.47435897435897434,1,1,0,0
0023_neg_0,6,support,1199,1553,0.4742268041237113,1,1,0,0
0023_neg_0,7,support,1105,969,0.6056338028169014,1,1,0,0
0023_neg_0,8,support,1396,1616,0.4247787610619469,1,1,0,0
0023_neg_0,9,support,1178,1346,0.569620253164557,1,1,0,0
0023_neg_0,10,support,1334,1443,0.620253164556962,1,1,0,0
0023_neg_0,11,support,1533,1313,0.5333333333333333,1,1,0,0
0023_neg_0,12,query,1740,1647,0.5333333333333333,1,1,0,0
0023_pos_0,0,support,1596,971,0.4819277108433735,1,1,0,0
0023_pos_0,1,support,1202,1254,0.68,1,1,0,0
0023_pos_0,2,support,1166,1375,0.6666666666666666,1,1,0,0
0023_pos_0,3,support,1412,1385,0.6625,1,1,0,0
0023_pos_0,4,support,1113,1146,0.5217391304347826,1,0,0,0
0023_pos_0,5,support,1180,1305,0.6911764705882353,1,1,0,0
0023_pos_0,6,support,1753,1825,0.5321100917431193,1,1,0,0
0023_pos_0,7,support,1233,1318,0.5217391304347826,1,0,0,0
0023_pos_0,8,support,1077,870,0.7704918032786885,1,1,0,0
0023_pos_0,9,support,1348,1619,0.46938775510204084,1,1,0,0
0023_pos_0,10,support,1310,1261,0.6233766233766234,1,1,0,0
0023_pos_0,11,support,1366,1380,0.5647058823529412,1,1,0,0
0023_pos_0,12,query,1282,1273,0.7846153846153846,1,1,0,0
0024_neg_0,0,support,1686,1452,0.5263157894736842,1,2,0,1
0024_neg_0,1,support,1349,1122,0.6103896103896104,1,1,0,0
0024_neg_0,2,support,904,968,0.6714285714285714,1,1,0,0
0024_neg_0,3,support,1145,1306,0.6309523809523809,1,1,0,0
0024_neg_0,4,support,1366,1300,0.5,1,1,0,0
0024_neg_0,5,support,1261,959,0.6388888888888888,1,1,0,0
0024_neg_0,6,support,1125,1389,0.6455696202531646,1,2,0,1
0024_neg_0,7,support,1694,1658,0.6,1,1,0,0
0024_neg_0,8,support,1336,1246,0.5274725274725275,0,0,0,0
0024_neg_0,9,support,1219,927,0.5909090909090909,1,1,0,0
0024_neg_0,10,support,1020,1118,0.6818181818181818,1,1,0,0
0024_neg_0,11,support,1015,854,0.8070175438596491,1,1,0,0
0024_neg_0,12,query,1427,1289,0.5393258426966292,1,1,0,0
0024_pos_0,0,support,1041,1210,0.5421686746987951,1,1,0,0
0024_pos_0,1,support,847,916,0.8070175438596491,1,1,0,0
0024_pos_0,2,support,1450,1259,0.6744186046511628,1,1,0,0
0024_pos_0,3,support,1319,1260,0.5679012345679012,1,1,0,0
0024_pos_0,4,support,1495,1371,0.5783132530120482,1,1,0,0
0024_pos_0,5,support,1349,1297,0.5348837209302325,1,1,0,0
0024_pos_0,6,support,1328,1275,0.5813953488372093,1,1,0,0
0024_pos_0,7,support,1243,1115,0.6621621621621622,1,1,0,0
0024_pos_0,8,support,1434,1374,0.43333333333333335,1,1,0,0
0024_pos_0,9,support,1323,1612,0.5465116279069767,0,0,0,0
0024_pos_0,10,support,1141,905,0.5970149253731343,1,1,0,0
0024_pos_0,11,support,1158,989,0.5625,1,1,0,0
0024_pos_0,12,query,1594,1584,0.5434782608695652,1,2,0,1
0025_neg_0,0,support,1341,1162,0.6056338028169014,1,1,0,0
0025_neg_0,1,support,1280,1586,0.6025641025641025,1,1,0,0
0025_neg_0,2,support,835,945,0.6349206349206349,1,1,0,0
0025_neg_0,3,support,1376,1349,0.6712328767123288,1,1,0,0
0025_neg_0,4,support,1333,1326,0.5681818181818182,1,2,0,1
0025_neg_0,5,support,1366,1544,0.7411764705882353,1,2,0,1
0025_neg_0,6,support,910,920,0.7192982456140351,1,1,0,0
0025_neg_0,7,support,1378,1549,0.4725274725274725,1,1,0,0
0025_neg_0,8,support,1307,1518,0.6666666666666666,1,1,0,0
0025_neg_0,9,support,1368,1413,0.6944444444444444,1,1,0,0
0025_neg_0,10,support,1314,1340,0.575,1,1,0,0
0025_neg_0,11,support,1194,1210,0.8032786885245902,1,1,0,0
0025_neg_0,12,query,868,890,0.7321428571428571,1,1,0,0
0025_pos_0,0,support,1356,1695,0.5,1,2,0,1
0025_pos_0,1,support,868,830,0.7636363636363637,1,1,0,0
0025_pos_0,2,support,1210,1496,0.5443037974683544,1,1,0,0
0025_pos_0,3,support,1330,1307,0.5862068965517241,1,2,0,1
0025_pos_0,4,support,1343,1360,0.6404494382022472,1,1,0,0
0025_pos_0,5,support,1124,1084,0.6438356164383562,1,1,0,0
0025_pos_0,6,support,872,850,0.6727272727272727,1,1,0,0
0025_pos_0,7,support,898,855,0.7543859649122807,1,1,0,0
0025_pos_0,8,support,1415,1282,0.569620253164557,1,1,0,0
0025_pos_0,9,support,1232,1213,0.7727272727272727,1,1,0,0
0025_pos_0,10,support,1468,1348,0.6097560975609756,1,1,0,0
0025_pos_0,11,support,1295,1350,0.6493506493506493,1,1,0,0
0025_pos_0,12,query,1328,1214,0.6176470588235294,1,1,0,0
0026_neg_0,0,support,1364,1413,0.6746987951807228,1,1,0,0
0026_neg_0,1,support,1619,1730,0.5652173913043478,1,2,0,1
0026_neg_0,2,support,1936,1182,0.38181818181818183,0,1,0,0
0026_neg_0,3,support,1827,1896,0.46616541353383456,1,1,0,0
0026_neg_0,4,support,1872,1895,0.6210526315789474,1,1,0,0
0026_neg_0,5,support,1616,1827,0.6666666666666666,1,1,0,0
0026_neg_0,6,support,1419,1512,0.4742268041237113,1,2,0,1
0026_neg_0,7,support,1479,1528,0.5625,1,2,0,1
0026_neg_0,8,support,1420,1425,0.6395348837209303,1,1,0,0
0026_neg_0,9,support,1695,2033,0.5047619047619047,1,1,0,0
0026_neg_0,10,support,1523,1587,0.49019607843137253,1,1,0,0
0026_neg_0,11,support,1675,2165,0.574468085106383,1,1,0,0
0026_neg_0,12,query,1279,1391,0.625,1,1,0,0
0026_pos_0,0,support,1468,1404,0.5252525252525253,1,2,0,1
0026_pos_0,1,support,1736,1756,0.3669724770642202,0,1,0,0
0026_pos_0,2,support,1843,1570,0.6446280991735537,1,2,0,1
0026_pos_0,3,support,1834,2321,0.5087719298245614,1,1,0,0
0026_pos_0,4,support,1583,1363,0.627906976744186,1,1,0,0
0026_pos_0,5,support,1378,1452,0.49514563106796117,1,1,0,0
0026_pos_0,6,support,1193,1354,0.5975609756097561,1,1,0,0
0026_pos_0,7,support,1299,1375,0.5494505494505495,1,1,0,0
0026_pos_0,8,support,1316,1305,0.5393258426966292,1,1,0,0
0026_pos_0,9,support,1409,1424,0.5050505050505051,1,1,0,0
0026_pos_0,10,support,1506,1439,0.5057471264367817,1,1,0,0
0026_pos_0,11,support,1480,1550,0.5434782608695652,1,1,0,0
0026_pos_0,12,query,1296,1434,0.5212765957446809,1,2,0,1
0027_neg_0,0,support,1459,2065,0.5473684210526316,1,1,0,0
0027_neg_0,1,support,1904,1650,0.625,1,1,0,0
0027_neg_0,2,support,1981,1554,0.5934065934065934,1,1,0,0
0027_neg_0,3,support,1612,1779,0.648936170212766,1,0,0,0
0027_neg_0,4,support,1725,2055,0.6111111111111112,1,1,0,0
0027_neg_0,5,support,1384,1463,0.6097560975609756,1,1,0,0
0027_neg_0,6,support,1107,1267,0.6666666666666666,1,1,0,0
0027_neg_0,7,support,1132,1114,0.6376811594202898,1,1,0,0
0027_neg_0,8,support,910,1096,0.6521739130434783,1,1,0,0
0027_neg_0,9,support,874,1027,0.5915492957746479,1,1,0,0
0027_neg_0,10,support,1099,1203,0.5584415584415584,1,1,0,0
0027_neg_0,11,support,1912,1578,0.4766355140186916,1,1,0,0
0027_neg_0,12,query,1018,985,0.7230769230769231,1,1,0,0
0027_pos_0,0,support,1847,1558,0.6222222222222222,1,1,0,0
0027_pos_0,1,support,1910,1780,0.6853932584269663,1,1,0,0
0027_pos_0,2,support,1372,1527,0.6352941176470588,1,1,0,0
0027_pos_0,3,support,1785,1849,0.7619047619047619,1,1,0,0
0027_pos_0,4,support,1433,1447,0.7631578947368421,1,1,0,0
0027_pos_0,5,support,1799,1482,0.5977011494252874,1,1,0,0
0027_pos_0,6,support,1018,1435,0.6025641025641025,1,1,0,0
0027_pos_0,7,support,1077,1236,0.6756756756756757,1,1,0,0
0027_pos_0,8,support,1131,1008,0.5753424657534246,1,1,0,0
0027_pos_0,9,support,861,931,0.696969696969697,0,1,0,0
0027_pos_0,10,support,901,1036,0.5211267605633803,1,1,0,0
0027_pos_0,11,support,1052,1080,0.7419354838709677,1,1,0,0
0027_pos_0,12,query,1292,2323,0.5543478260869565,1,1,0,0
0028_neg_0,0,support,1415,1340,0.5555555555555556,0,2,0,1
0028_neg_0,1,support,2161,1883,0.5612244897959183,1,3,0,1
0028_neg_0,2,support,1778,1672,0.5376344086021505,1,2,0,1
0028_neg_0,3,support,1753,1443,0.6785714285714286,1,2,0,1
0028_neg_0,4,support,1384,1759,0.5833333333333334,1,1,0,0
0028_neg_0,5,support,1165,1170,0.6756756756756757,2,2,1,1
0028_neg_0,6,support,1285,1184,0.7285714285714285,1,1,0,0
0028_neg_0,7,support,1176,1215,0.6352941176470588,1,2,0,1
0028_neg_0,8,support,940,846,0.7413793103448276,1,1,0,0
0028_neg_0,9,support,1102,1343,0.5194805194805194,1,1,0,0
0028_neg_0,10,support,1130,1335,0.6956521739130435,1,2,0,1
0028_neg_0,11,support,1704,1640,0.573170731707317,1,1,0,0
0028_neg_0,12,query,1449,1178,0.5285714285714286,1,1,0,0
0028_pos_0,0,support,1594,1917,0.53125,1,2,0,1
0028_pos_0,1,support,1768,1496,0.625,1,2,0,1
0028_pos_0,2,support,1975,1775,0.6813186813186813,1,3,0,1
0028_pos_0,3,support,1325,1174,0.6081081081081081,1,1,0,0
0028_pos_0,4,support,1226,1329,0.6790123456790124,1,2,0,1
0028_pos_0,5,support,1494,1172,0.625,0,1,0,0
0028_pos_0,6,support,1342,1703,0.48863636363636365,1,1,0,0
0028_pos_0,7,support,1395,1270,0.5875,1,1,0,0
0028_pos_0,8,support,1171,1125,0.7162162162162162,1,2,0,1
0028_pos_0,9,support,932,958,0.6721311475409836,1,1,0,0
0028_pos_0,10,support,1074,1271,0.5466666666666666,1,0,0,0
0028_pos_0,11,support,1153,1202,0.726027397260274,1,1,0,0
0028_pos_0,12,query,1462,1776,0.5052631578947369,0,2,0,1
0029_neg_0,0,support,1270,1375,0.6714285714285714,1,1,0,0
0029_neg_0,1,support,917,1164,0.6612903225806451,1,1,0,0
0029_neg_0,2,support,1041,948,0.6857142857142857,1,1,0,0
0029_neg_0,3,support,795,1488,0.5833333333333334,1,1,0,0
0029_neg_0,4,support,1364,1176,0.6024096385542169,1,1,0,0
0029_neg_0,5,support,1345,1436,0.49411764705882355,1,1,0,0
0029_neg_0,6,support,1031,866,0.6271186440677966,1,1,0,0
0029_neg_0,7,support,848,829,0.7777777777777778,1,1,0,0
0029_neg_0,8,support,1058,1012,0.7368421052631579,1,1,0,0
0029_neg_0,9,support,1159,1290,0.5802469135802469,1,1,0,0
0029_neg_0,10,support,1009,1132,0.7592592592592593,1,1,0,0
0029_neg_0,11,support,1054,986,0.6935483870967742,1,1,0,0
0029_neg_0,12,query,1318,1290,0.5280898876404494,1,2,0,1
0029_pos_0,0,support,1025,1131,0.6515151515151515,1,1,0,0
0029_pos_0,1,support,1062,1200,0.6153846153846154,1,1,0,0
0029_pos_0,2,support,795,1055,0.7213114754098361,1,1,0,0
0029_pos_0,3,support,1285,1156,0.56,1,1,0,0
0029_pos_0,4,support,1469,1305,0.6527777777777778,1,1,0,0
0029_pos_0,5,support,1093,1063,0.5714285714285714,1,1,0,0
0029_pos_0,6,support,1305,1225,0.5384615384615384,1,2,0,1
0029_pos_0,7,support,1031,996,0.5901639344262295,1,1,0,0
0029_pos_0,8,support,848,856,0.7142857142857143,1,1,0,0
0029_pos_0,9,support,1022,1032,0.7407407407407407,0,1,0,0
0029_pos_0,10,support,1125,1125,0.6351351351351351,1,1,0,0
0029_pos_0,11,support,996,1069,0.6949152542372882,1,1,0,0
0029_pos_0,12,query,1305,990,0.640625,1,1,0,0
0030_neg_0,0,support,1292,1105,0.6338028169014085,1,1,0,0
0030_neg_0,1,support,1327,1416,0.575,1,1,0,0
0030_neg_0,2,support,2100,1792,0.5784313725490197,1,2,0,1
0030_neg_0,3,support,1750,2098,0.5660377358490566,1,2,0,1
0030_neg_0,4,support,1010,1103,0.6911764705882353,1,1,0,0
0030_neg_0,5,support,1756,1414,0.41836734693877553,1,1,0,0
0030_neg_0,6,support,1536,1586,0.5157894736842106,1,2,0,1
0030_neg_0,7,support,1275,1143,0.6585365853658537,1,1,0,0
0030_neg_0,8,support,1652,1920,0.4336283185840708,2,2,0,1
0030_neg_0,9,support,1967,2293,0.61,0,0,0,0
0030_neg_0,10,support,1549,1498,0.47572815533980584,1,1,0,0
0030_neg_0,11,support,1297,1543,0.6,1,1,0,0
0030_neg_0,12,query,1015,1039,0.524390243902439,0,0,0,0
0030_pos_0,0,support,1323,1468,0.48936170212765956,1,1,0,0
0030_pos_0,1,support,1756,1668,0.6976744186046512,1,1,0,0
0030_pos_0,2,support,1753,1812,0.5252525252525253,1,2,0,1
0030_pos_0,3,support,1032,1135,0.5675675675675675,1,1,0,0
0030_pos_0,4,support,1509,1993,0.3884297520661157,1,1,0,0
0030_pos_0,5,support,1511,1753,0.5263157894736842,1,2,0,1
0030_pos_0,6,support,1016,1003,0.676056338028169,0,0,0,0
0030_pos_0,7,support,1554,1615,0.6590909090909091,1,2,0,1
0030_pos_0,8,support,1178,1136,0.5595238095238095,1,1,0,0
0030_pos_0,9,support,1654,1747,0.4838709677419355,2,2,0,1
0030_pos_0,10,support,1867,1850,0.5730337078651685,0,0,0,0
0030_pos_0,11,support,1479,1781,0.5666666666666667,1,1,0,0
0030_pos_0,12,query,1296,1333,0.5238095238095238,1,1,0,0
0031_neg_0,0,support,1402,1301,0.5102040816326531,1,2,0,1
0031_neg_0,1,support,1612,1742,0.5757575757575758,1,2,0,1
0031_neg_0,2,support,1418,1533,0.5568181818181818,1,2,0,1
0031_neg_0,3,support,1822,1307,0.6,1,1,0,0
0031_neg_0,4,support,1460,1175,0.5368421052631579,1,2,0,1
0031_neg_0,5,support,1571,1504,0.5612244897959183,1,2,0,1
0031_neg_0,6,support,1479,2020,0.53,1,2,0,1
0031_neg_0,7,support,1565,1712,0.5730337078651685,1,1,0,0
0031_neg_0,8,support,1437,1370,0.5348837209302325,1,1,0,0
0031_neg_0,9,support,1394,1586,0.6,1,1,0,0
0031_neg_0,10,support,1391,1811,0.6222222222222222,1,2,0,1
0031_neg_0,11,support,1076,1063,0.6216216216216216,0,1,0,0
0031_neg_0,12,query,1317,1249,0.6794871794871795,1,2,0,1
0031_pos_0,0,support,1702,1378,0.6046511627906976,1,2,0,0
0031_pos_0,1,support,1477,1337,0.625,1,1,0,0
0031_pos_0,2,support,1364,1393,0.6,1,2,0,1
0031_pos_0,3,support,1437,1309,0.4563106796116505,1,2,0,1
0031_pos_0,4,support,1619,1707,0.6041666666666666,1,1,0,0
0031_pos_0,5,support,1353,1642,0.5531914893617021,1,1,0,0
0031_pos_0,6,support,1222,1139,0.6,1,1,0,0
0031_pos_0,7,support,1459,1325,0.6195652173913043,1,1,0,0
0031_pos_0,8,support,1838,1606,0.5625,1,1,0,0
0031_pos_0,9,support,1321,1019,0.5569620253164557,1,0,0,0
0031_pos_0,10,support,1385,1653,0.5434782608695652,1,1,0,0
0031_pos_0,11,support,1634,1769,0.6129032258064516,1,2,0,1
0031_pos_0,12,query,1400,1279,0.5208333333333334,1,2,0,1
0032_neg_0,0,support,1210,997,0.6323529411764706,1,1,0,0
0032_neg_0,1,support,1467,1402,0.726027397260274,1,1,0,0
0032_neg_0,2,support,1480,1485,0.6233766233766234,1,1,0,0
0032_neg_0,3,support,1985,1838,0.39316239316239315,1,1,0,0
0032_neg_0,4,support,1173,1269,0.5844155844155844,1,1,0,0
0032_neg_0,5,support,1132,1278,0.48717948717948717,0,1,0,0
0032_neg_0,6,support,1607,1613,0.625,1,1,0,0
0032_neg_0,7,support,1192,1437,0.6973684210526315,1,1,0,0
0032_neg_0,8,support,1141,1221,0.6197183098591549,1,1,0,0
0032_neg_0,9,support,1544,1209,0.4880952380952381,1,1,0,0
0032_neg_0,10,support,1469,1328,0.55,1,1,0,0
0032_neg_0,11,support,1141,1300,0.7246376811594203,1,1,0,0
0032_neg_0,12,query,1073,1311,0.6133333333333333,1,1,0,0
0032_pos_0,0,support,1513,1210,0.6891891891891891,1,0,0,0
0032_pos_0,1,support,1439,1230,0.6,1,1,0,0
0032_pos_0,2,support,2012,1768,0.4260869565217391,1,1,0,0
0032_pos_0,3,support,1121,1254,0.7222222222222222,1,1,0,0
0032_pos_0,4,support,1303,1442,0.5632183908045977,1,0,0,0
0032_pos_0,5,support,1796,1699,0.6,1,2,0,1
0032_pos_0,6,support,1250,951,0.6533333333333333,1,1,0,0
0032_pos_0,7,support,1626,1340,0.6582278481012658,1,1,0,0
0032_pos_0,8,support,1189,1182,0.6493506493506493,1,1,0,0
0032_pos_0,9,support,1149,1423,0.6103896103896104,1,1,0,0
0032_pos_0,10,support,1291,1340,0.524390243902439,1,1,0,0
0032_pos_0,11,support,1393,1319,0.6710526315789473,1,1,0,0
0032_pos_0,12,query,1070,1099,0.6923076923076923,1,1,0,0
0033_neg_0,0,support,1096,1026,0.5633802816901409,1,1,0,0
0033_neg_0,1,support,1589,1543,0.6210526315789474,1,1,0,0
0033_neg_0,2,support,1114,1173,0.5753424657534246,0,1,0,0
0033_neg_0,3,support,1784,1848,0.620253164556962,1,1,0,0
0033_neg_0,4,support,1403,1330,0.6265060240963856,1,1,0,0
0033_neg_0,5,support,1639,1718,0.5662650602409639,1,1,0,0
0033_neg_0,6,support,1453,1629,0.5813953488372093,1,2,0,1
0033_neg_0,7,support,873,917,0.6349206349206349,1,1,0,0
0033_neg_0,8,support,1049,1175,0.6197183098591549,0,1,0,0
0033_neg_0,9,support,939,1035,0.7704918032786885,1,1,0,0
0033_neg_0,10,support,1872,1561,0.4807692307692308,1,2,0,1
0033_neg_0,11,support,964,1017,0.6716417910447762,1,1,0,0
0033_neg_0,12,query,1213,1218,0.6567164179104478,1,2,0,1
0033_pos_0,0,support,1590,1515,0.5894736842105263,1,2,0,1
0033_pos_0,1,support,1158,1206,0.5316455696202531,0,1,0,0
0033_pos_0,2,support,2008,1850,0.5612244897959183,1,1,0,0
0033_pos_0,3,support,1383,1427,0.573170731707317,1,1,0,0
0033_pos_0,4,support,1615,1673,0.5465116279069767,1,1,0,0
0033_pos_0,5,support,1594,1684,0.5876288659793815,1,1,0,0
0033_pos_0,6,support,1165,1508,0.43023255813953487,1,1,0,0
0033_pos_0,7,support,1455,1558,0.4888888888888889,1,2,0,1
0033_pos_0,8,support,865,1041,0.6285714285714286,0,1,0,0
0033_pos_0,9,support,997,1758,0.5189873417721519,1,0,0,0
0033_pos_0,10,support,933,980,0.7704918032786885,0,0,0,0
0033_pos_0,11,support,2041,1752,0.48739495798319327,1,1,0,0
0033_pos_0,12,query,1093,1258,0.6438356164383562,1,1,0,0
0034_neg_0,0,support,983,932,0.6911764705882353,1,1,0,0
0034_neg_0,1,support,1182,931,0.5384615384615384,1,1,0,0
0034_neg_0,2,support,1141,1142,0.6,1,1,0,0
0034_neg_0,3,support,1071,1055,0.7014925373134329,1,1,0,0
0034_neg_0,4,support,1203,1249,0.6375,1,1,0,0
0034_neg_0,5,support,961,1059,0.5942028985507246,0,0,0,0
0034_neg_0,6,support,849,943,0.5538461538461539,1,1,0,0
0034_neg_0,7,support,1238,1316,0.5301204819277109,0,1,0,0
0034_neg_0,8,support,1518,1730,0.5238095238095238,1,1,0,0
0034_neg_0,9,support,888,957,0.6666666666666666,0,1,0,0
0034_neg_0,10,support,1296,912,0.5131578947368421,0,0,0,0
0034_neg_0,11,support,1932,1660,0.5978260869565217,1,1,0,0
0034_neg_0,12,query,823,935,0.6229508196721312,1,1,0,0
0034_pos_0,0,support,1177,1394,0.5268817204301075,1,1,0,0
0034_pos_0,1,support,1236,1236,0.4823529411764706,0,1,0,0
0034_pos_0,2,support,1275,1425,0.68,1,1,0,0
0034_pos_0,3,support,1178,1201,0.7162162162162162,1,1,0,0
0034_pos_0,4,support,1031,1257,0.5301204819277109,0,1,0,0
0034_pos_0,5,support,1840,2136,0.4745762711864407,1,1,0,0
0034_pos_0,6,support,936,879,0.6833333333333333,1,0,0,0
0034_pos_0,7,support,842,987,0.5909090909090909,1,1,0,0
0034_pos_0,8,support,1301,1299,0.6363636363636364,0,1,0,0
0034_pos_0,9,support,1797,1688,0.580952380952381,1,1,0,0
0034_pos_0,10,support,890,1005,0.6507936507936508,0,0,0,0
0034_pos_0,11,support,1222,1190,0.55,0,0,0,0
0034_pos_0,12,query,941,984,0.7164179104477612,1,1,0,0
0035_neg_0,0,support,1560,1078,0.6533333333333333,1,1,0,0
0035_neg_0,1,support,964,1051,0.6875,0,1,0,0
0035_neg_0,2,support,1133,1282,0.7164179104477612,1,1,0,0
0035_neg_0,3,support,1500,1437,0.620253164556962,1,1,0,0
0035_neg_0,4,support,1214,1275,0.5526315789473685,1,1,0,0
0035_neg_0,5,support,1448,1389,0.5647058823529412,1,1,0,0
0035_neg_0,6,support,1296,1317,0.6666666666666666,1,1,0,0
0035_neg_0,7,support,1184,1035,0.5625,1,1,0,0
0035_neg_0,8,support,1199,1116,0.6301369863013698,1,1,0,0
0035_neg_0,9,support,1575,1392,0.6373626373626373,1,2,0,1
0035_neg_0,10,support,1429,1509,0.5909090909090909,1,1,0,0
0035_neg_0,11,support,1171,1269,0.45555555555555555,0,1,0,0
0035_neg_0,12,query,1878,1323,0.5909090909090909,1,2,0,1
0035_pos_0,0,support,994,1024,0.6567164179104478,0,1,0,0
0035_pos_0,1,support,989,1400,0.7384615384615385,1,1,0,0
0035_pos_0,2,support,1802,1466,0.6419753086419753,1,1,0,0
0035_pos_0,3,support,1214,1538,0.4536082474226804,1,1,0,0
0035_pos_0,4,support,1437,1373,0.6623376623376623,1,1,0,0
0035_pos_0,5,support,1254,1273,0.6363636363636364,1,1,0,0
0035_pos_0,6,support,1429,1179,0.5903614457831325,1,1,0,0
0035_pos_0,7,support,1249,1220,0.6153846153846154,1,2,0,1
0035_pos_0,8,support,1073,1035,0.6666666666666666,1,1,0,0
0035_pos_0,9,support,1141,1186,0.581081081081081,1,1,0,0
0035_pos_0,10,support,1357,1452,0.6477272727272727,1,2,0,1
0035_pos_0,11,support,1412,1261,0.72,1,2,0,1
0035_pos_0,12,query,1066,1094,0.6571428571428571,1,1,0,0
0036_neg_0,0,support,1120,1187,0.6266666666666667,1,1,0,0
0036_neg_0,1,support,1080,1043,0.5277777777777778,0,0,0,0
0036_neg_0,2,support,1497,1482,0.5888888888888889,1,2,0,1
0036_neg_0,3,support,1556,1664,0.6179775280898876,1,1,0,0
0036_neg_0,4,support,1626,1356,0.5955056179775281,1,2,0,1
0036_neg_0,5,support,1404,1220,0.6091954022988506,1,1,0,0
0036_neg_0,6,support,1684,1337,0.6627906976744186,1,1,0,0
0036_neg_0,7,support,1397,1611,0.6413043478260869,1,1,0,0
0036_neg_0,8,support,1394,1304,0.6172839506172839,1,1,0,0
0036_neg_0,9,support,1587,1528,0.5747126436781609,1,0,0,0
0036_neg_0,10,support,1210,1314,0.5632183908045977,1,1,0,0
0036_neg_0,11,support,1467,1528,0.5978260869565217,1,1,0,0
0036_neg_0,12,query,1577,1878,0.5760869565217391,1,1,0,0
0036_pos_0,0,support,970,962,0.5967741935483871,0,1,0,0
0036_pos_0,1,support,1392,1433,0.5670103092783505,1,1,0,0
0036_pos_0,2,support,1540,1430,0.6987951807228916,1,2,0,1
0036_pos_0,3,support,1437,1491,0.5595238095238095,1,1,0,0
0036_pos_0,4,support,1381,1276,0.651685393258427,1,2,0,1
0036_pos_0,5,support,1542,1516,0.6071428571428571,1,1,0,0
0036_pos_0,6,support,1606,1680,0.6206896551724138,1,1,0,0
0036_pos_0,7,support,1513,1653,0.6477272727272727,1,2,0,1
0036_pos_0,8,support,1408,1356,0.6626506024096386,1,1,0,0
0036_pos_0,9,support,1382,1428,0.6575342465753424,1,1,0,0
0036_pos_0,10,support,1543,1544,0.7647058823529411,1,1,0,0
0036_pos_0,11,support,1353,1282,0.6075949367088608,1,1,0,0
0036_pos_0,12,query,1063,1054,0.6285714285714286,0,1,0,0
0037_neg_0,0,support,1218,1341,0.6551724137931034,1,2,0,1
0037_neg_0,1,support,1251,1123,0.5542168674698795,1,0,0,0
0037_neg_0,2,support,907,983,0.6231884057971014,0,0,0,0
0037_neg_0,3,support,859,905,0.7017543859649122,2,2,1,1
0037_neg_0,4,support,1118,1248,0.6025641025641025,0,2,0,1
0037_neg_0,5,support,1632,1408,0.5287356321839081,1,1,0,0
0037_neg_0,6,support,1140,1768,0.46987951807228917,2,1,1,0
0037_neg_0,7,support,1166,1205,0.6301369863013698,2,1,1,1
0037_neg_0,8,support,1472,1665,0.5050505050505051,1,1,0,0
0037_neg_0,9,support,1464,1288,0.5494505494505495,2,1,1,0
0037_neg_0,10,support,1284,1207,0.7333333333333333,1,1,0,0
0037_neg_0,11,support,1367,1444,0.625,2,1,1,0
0037_neg_0,12,query,934,963,0.6029411764705882,1,0,1,0
0037_pos_0,0,support,1010,1013,0.6619718309859155,0,0,0,0
0037_pos_0,1,support,1094,1043,0.5657894736842105,1,0,1,0
0037_pos_0,2,support,894,894,0.6935483870967742,1,0,0,0
0037_pos_0,3,support,996,1040,0.5735294117647058,1,1,0,0
0037_pos_0,4,support,1455,1740,0.5473684210526316,1,2,0,1
0037_pos_0,5,support,1216,1407,0.6395348837209303,1,2,0,1
0037_pos_0,6,support,853,935,0.65,0,0,0,0
0037_pos_0,7,support,1793,1071,0.5324675324675324,1,2,0,1
0037_pos_0,8,support,1052,1001,0.6376811594202898,1,1,0,0
0037_pos_0,9,support,1712,1895,0.5913978494623656,1,2,0,1
0037_pos_0,10,support,1378,1541,0.5151515151515151,0,1,0,0
0037_pos_0,11,support,1156,1227,0.7352941176470589,0,1,0,0
0037_pos_0,12,query,1244,1091,0.5176470588235295,1,0,0,0
0038_neg_0,0,support,1191,1274,0.55,1,1,0,0
0038_neg_0,1,support,1037,1402,0.6666666666666666,1,1,0,0
0038_neg_0,2,support,975,1104,0.589041095890411,1,1,0,0
0038_neg_0,3,support,1013,1303,0.5846153846153846,1,1,0,0
0038_neg_0,4,support,1237,1079,0.6111111111111112,1,2,0,1
0038_neg_0,5,support,1387,1354,0.5384615384615384,1,1,0,0
0038_neg_0,6,support,850,957,0.6964285714285714,1,1,0,0
0038_neg_0,7,support,1013,1067,0.5833333333333334,1,1,0,0
0038_neg_0,8,support,1180,1053,0.4888888888888889,1,1,0,0
0038_neg_0,9,support,980,1011,0.7241379310344828,1,1,0,0
0038_neg_0,10,support,998,1138,0.5882352941176471,1,1,0,0
0038_neg_0,11,support,1022,899,0.5970149253731343,1,1,0,0
0038_neg_0,12,query,1868,1850,0.5625,1,1,0,0
0038_pos_0,0,support,1217,1138,0.6818181818181818,1,1,0,0
0038_pos_0,1,support,1100,992,0.49382716049382713,1,1,0,0
0038_pos_0,2,support,1080,1367,0.6086956521739131,1,1,0,0
0038_pos_0,3,support,1268,1343,0.6455696202531646,1,1,0,0
0038_pos_0,4,support,1402,1536,0.676056338028169,1,1,0,0
0038_pos_0,5,support,1669,871,0.36283185840707965,1,1,0,0
0038_pos_0,6,support,1867,1848,0.5688073394495413,1,1,0,0
0038_pos_0,7,support,860,1056,0.5606060606060606,1,1,0,0
0038_pos_0,8,support,1256,1162,0.4943820224719101,1,1,0,0
0038_pos_0,9,support,1162,1168,0.4942528735632184,1,1,0,0
0038_pos_0,10,support,982,929,0.6896551724137931,1,1,0,0
0038_pos_0,11,support,1104,1141,0.6307692307692307,1,1,0,0
0038_pos_0,12,query,1078,1323,0.4875,1,1,0,0
0039_neg_0,0,support,1153,1104,0.5970149253731343,1,1,0,0
0039_neg_0,1,support,1022,961,0.5645161290322581,1,1,0,0
0039_neg_0,2,support,1481,1308,0.6309523809523809,1,1,0,0
0039_neg_0,3,support,1148,972,0.5901639344262295,1,1,0,0
0039_neg_0,4,support,1263,1322,0.5227272727272727,1,1,0,0
0039_neg_0,5,support,1880,1523,0.4673913043478261,1,1,0,0
0039_neg_0,6,support,952,854,0.7037037037037037,1,1,0,0
0039_neg_0,7,support,1590,1478,0.6153846153846154,1,1,0,0
0039_neg_0,8,support,1632,1557,0.611764705882353,1,1,0,0
0039_neg_0,9,support,1575,1514,0.6710526315789473,1,1,0,0
0039_neg_0,10,support,863,922,0.7818181818181819,1,1,0,0
0039_neg_0,11,support,957,1179,0.7924528301886793,1,1,0,0
0039_neg_0,12,query,1331,1524,0.6219512195121951,1,1,0,0
0039_pos_0,0,support,1011,1069,0.6612903225806451,1,1,0,0
0039_pos_0,1,support,1465,1287,0.5340909090909091,1,1,0,0
0039_pos_0,2,support,1057,939,0.55,1,1,0,0
0039_pos_0,3,support,1269,1270,0.7066666666666667,1,1,0,0
0039_pos_0,4,support,1638,1907,0.47619047619047616,1,2,0,1
0039_pos_0,5,support,1250,1343,0.7246376811594203,1,0,0,0
0039_pos_0,6,support,1557,1346,0.6375,1,1,0,0
0039_pos_0,7,support,961,1087,0.5692307692307692,1,0,0,0
0039_pos_0,8,support,1602,1950,0.5283018867924528,1,1,0,0
0039_pos_0,9,support,1552,1757,0.611764705882353,1,1,0,0
0039_pos_0,10,support,1569,1568,0.6190476190476191,1,1,0,0
0039_pos_0,11,support,865,840,0.8,1,1,0,0
0039_pos_0,12,query,1048,1228,0.5692307692307692,1,0,0,0
0040_neg_0,0,support,832,1083,0.6515151515151515,0,1,0,0
0040_neg_0,1,support,927,946,0.640625,0,1,0,1
0040_neg_0,2,support,886,954,0.6571428571428571,0,1,0,0
0040_neg_0,3,support,1103,1216,0.5060240963855421,0,1,0,0
0040_neg_0,4,support,1300,1397,0.6533333333333333,1,1,0,0
0040_neg_0,5,support,1386,1100,0.5487804878048781,1,1,0,0
0040_neg_0,6,support,1351,1275,0.6,1,1,0,0
0040_neg_0,7,support,1385,1189,0.7966101694915254,1,1,0,0
0040_neg_0,8,support,1265,1375,0.6753246753246753,0,1,0,0
0040_neg_0,9,support,984,1131,0.56,1,0,0,0
0040_neg_0,10,support,1141,975,0.4861111111111111,1,1,0,0
0040_neg_0,11,support,906,956,0.6285714285714286,1,1,0,0
0040_neg_0,12,query,1068,1113,0.8225806451612904,1,1,0,0
0040_pos_0,0,support,912,1051,0.581081081081081,0,1,0,1
0040_pos_0,1,support,922,916,0.5555555555555556,0,1,0,0
0040_pos_0,2,support,1097,1023,0.5753424657534246,0,1,0,0
0040_pos_0,3,support,1370,1376,0.6282051282051282,1,1,0,0
0040_pos_0,4,support,1392,1058,0.6266666666666667,1,1,0,0
0040_pos_0,5,support,1544,1994,0.49523809523809526,1,1,0,0
0040_pos_0,6,support,1105,1144,0.6575342465753424,1,2,0,1
0040_pos_0,7,support,1353,1466,0.618421052631579,0,1,0,0
0040_pos_0,8,support,1398,1637,0.6621621621621622,1,1,0,0
0040_pos_0,9,support,1224,1168,0.7571428571428571,1,1,0,0
0040_pos_0,10,support,973,1134,0.7424242424242424,1,1,0,0
0040_pos_0,11,support,1141,1079,0.582089552238806,1,1,0,0
0040_pos_0,12,query,853,888,0.59375,0,1,0,0
0041_neg_0,0,support,1490,1514,0.6463414634146342,1,1,0,0
0041_neg_0,1,support,1475,1580,0.6867469879518072,1,1,0,0
0041_neg_0,2,support,1615,1169,0.6172839506172839,1,1,0,0
0041_neg_0,3,support,1299,1397,0.7285714285714285,1,1,0,0
0041_neg_0,4,support,1510,1393,0.5802469135802469,1,0,0,0
0041_neg_0,5,support,1520,1682,0.5402298850574713,1,1,0,0
0041_neg_0,6,support,1252,1640,0.5617977528089888,1,2,0,1
0041_neg_0,7,support,2041,1333,0.48514851485148514,1,2,0,1
0041_neg_0,8,support,1570,1504,0.6046511627906976,1,1,0,0
0041_neg_0,9,support,1853,1813,0.46017699115044247,1,0,0,0
0041_neg_0,10,support,1383,1466,0.6265060240963856,1,1,0,0
0041_neg_0,11,support,1396,1464,0.5952380952380952,1,1,0,0
0041_neg_0,12,query,1283,1130,0.6133333333333333,1,1,0,0
0041_pos_0,0,support,1534,1652,0.5957446808510638,1,1,0,0
0041_pos_0,1,support,1738,1362,0.6835443037974683,1,1,0,0
0041_pos_0,2,support,1385,1334,0.64,1,0,0,0
0041_pos_0,3,support,1280,1305,0.5662650602409639,1,1,0,0
0041_pos_0,4,support,1437,1447,0.5301204819277109,1,1,0,0
0041_pos_0,5,support,1774,1824,0.5086206896551724,1,2,0,1
0041_pos_0,6,support,1432,1324,0.5866666666666667,1,1,0,0
0041_pos_0,7,support,1397,1405,0.5108695652173914,1,1,0,0
0041_pos_0,8,support,1979,1850,0.45689655172413796,1,2,0,1
0041_pos_0,9,support,1501,1332,0.6266666666666667,1,1,0,0
0041_pos_0,10,support,1794,1748,0.5370370370370371,1,2,0,1
0041_pos_0,11,support,1495,1455,0.4731182795698925,1,1,0,0
0041_pos_0,12,query,1682,1393,0.5581395348837209,1,1,0,0
0042_neg_0,0,support,922,1296,0.40625,0,1,0,1
0042_neg_0,1,support,1916,1706,0.5473684210526316,1,1,0,0
0042_neg_0,2,support,1191,1160,0.5697674418604651,1,1,0,0
0042_neg_0,3,support,2088,1853,0.47863247863247865,1,1,0,1
0042_neg_0,4,support,1556,2064,0.45454545454545453,0,2,0,1
0042_neg_0,5,support,1788,1634,0.40707964601769914,0,2,0,1
0042_neg_0,6,support,1973,1057,0.35,0,0,0,0
0042_neg_0,7,support,1631,1621,0.6333333333333333,1,1,0,0
0042_neg_0,8,support,1544,1426,0.4479166666666667,1,1,0,0
0042_neg_0,9,support,1538,1730,0.3953488372093023,1,2,0,1
0042_neg_0,10,support,1511,1387,0.5,1,2,0,1
0042_neg_0,11,support,1654,1383,0.49504950495049505,1,1,0,0
0042_neg_0,12,query,1065,1296,0.6829268292682927,1,1,0,0
0042_pos_0,0,support,1958,1818,0.5247524752475248,1,2,0,1
0042_pos_0,1,support,1124,1287,0.5168539325842697,1,2,0,1
0042_pos_0,2,support,1828,1832,0.5495495495495496,1,2,0,1
0042_pos_0,3,support,1561,1428,0.5617977528089888,0,0,0,0
0042_pos_0,4,support,1633,1549,0.5588235294117647,0,0,0,0
0042_pos_0,5,support,1465,1807,0.48623853211009177,1,1,0,0
0042_pos_0,6,support,1024,1176,0.6590909090909091,1,1,0,0
0042_pos_0,7,support,2551,1022,0.3135593220338983,1,1,0,1
0042_pos_0,8,support,1465,1544,0.5930232558139535,1,1,0,0
0042_pos_0,9,support,1415,1540,0.4166666666666667,1,1,0,0
0042_pos_0,10,support,1661,1849,0.48,1,1,0,0
0042_pos_0,11,support,1498,1485,0.5462962962962963,1,1,0,0
0042_pos_0,12,query,942,1508,0.3482142857142857,0,1,0,0
0043_neg_0,0,support,1187,1188,0.6417910447761194,1,2,0,1
0043_neg_0,1,support,1490,1324,0.4845360824742268,1,1,0,0
0043_neg_0,2,support,1341,1425,0.6923076923076923,1,1,0,0
0043_neg_0,3,support,1403,1655,0.6144578313253012,1,0,0,0
0043_neg_0,4,support,1197,1241,0.618421052631579,1,2,0,1
0043_neg_0,5,support,1026,862,0.5303030303030303,1,1,0,1
0043_neg_0,6,support,1590,1769,0.6911764705882353,1,1,0,0
0043_neg_0,7,support,1485,1885,0.6627906976744186,1,1,0,0
0043_neg_0,8,support,1426,1269,0.6219512195121951,1,1,0,0
0043_neg_0,9,support,952,1379,0.5060240963855421,1,1,0,0
0043_neg_0,10,support,1234,1133,0.6716417910447762,1,1,0,0
0043_neg_0,11,support,831,932,0.6349206349206349,1,1,0,0
0043_neg_0,12,query,2162,2392,0.7631578947368421,1,1,0,0
0043_pos_0,0,support,1504,1193,0.4895833333333333,1,0,0,0
0043_pos_0,1,support,1394,1360,0.5232558139534884,1,1,0,0
0043_pos_0,2,support,1411,1595,0.5057471264367817,1,1,0,0
0043_pos_0,3,support,1234,1194,0.6103896103896104,2,1,1,0
0043_pos_0,4,support,1061,1117,0.5405405405405406,1,1,0,0
0043_pos_0,5,support,1557,1577,0.5913978494623656,1,0,0,0
0043_pos_0,6,support,2150,1647,0.691358024691358,1,1,0,0
0043_pos_0,7,support,1570,1691,0.5822784810126582,1,1,0,0
0043_pos_0,8,support,1328,1535,0.4943820224719101,1,1,0,0
0043_pos_0,9,support,1366,965,0.525,1,1,0,0
0043_pos_0,10,support,960,1476,0.4880952380952381,1,1,0,0
0043_pos_0,11,support,1220,965,0.6875,1,1,0,0
0043_pos_0,12,query,1194,1452,0.5064935064935064,1,2,0,1
0044_neg_0,0,support,1684,1501,0.5980392156862745,1,1,0,0
0044_neg_0,1,support,1444,1657,0.494949494949495,1,2,0,1
0044_neg_0,2,support,1274,1165,0.6944444444444444,1,2,0,1
0044_neg_0,3,support,1618,1605,0.6702127659574468,1,1,0,0
0044_neg_0,4,support,1405,1554,0.52,1,2,0,1
0044_neg_0,5,support,2053,1932,0.6039603960396039,1,1,0,0
0044_neg_0,6,support,1612,1781,0.6195652173913043,1,2,0,1
0044_neg_0,7,support,1664,1529,0.4411764705882353,2,1,1,0
0044_neg_0,8,support,1564,1489,0.5555555555555556,1,1,0,0
0044_neg_0,9,support,1482,1543,0.684931506849315,1,1,0,0
0044_neg_0,10,support,1567,1608,0.5903614457831325,1,2,0,1
0044_neg_0,11,support,1906,1873,0.6853932584269663,1,1,0,0
0044_neg_0,12,query,2271,2047,0.5784313725490197,2,2,1,1
0044_pos_0,0,support,1476,1544,0.5918367346938775,1,1,0,0
0044_pos_0,1,support,1255,1526,0.654320987654321,1,1,0,0
0044_pos_0,2,support,1809,1720,0.5714285714285714,1,2,0,1
0044_pos_0,3,support,1307,1430,0.6835443037974683,1,0,0,0
0044_pos_0,4,support,2020,1891,0.6288659793814433,1,2,0,1
0044_pos_0,5,support,2074,2097,0.5673076923076923,1,3,0,1
0044_pos_0,6,support,2413,2251,0.5339805825242718,2,2,1,1
0044_pos_0,7,support,1722,1590,0.6236559139784946,1,2,0,1
0044_pos_0,8,support,1601,1440,0.43564356435643564,1,0,0,0
0044_pos_0,9,support,1546,1480,0.6588235294117647,1,2,0,1
0044_pos_0,10,support,1570,1613,0.6075949367088608,1,1,0,0
0044_pos_0,11,support,1516,1305,0.6506024096385542,1,2,0,1
0044_pos_0,12,query,1664,1563,0.5471698113207547,1,1,0,0
0045_neg_0,0,support,912,966,0.5846153846153846,1,1,0,0
0045_neg_0,1,support,832,875,0.6792452830188679,1,1,0,0
0045_neg_0,2,support,851,904,0.6909090909090909,1,1,0,0
0045_neg_0,3,support,867,1389,0.4878048780487805,1,1,0,0
0045_neg_0,4,support,1069,926,0.6111111111111112,1,1,0,0
0045_neg_0,5,support,1061,1063,0.5625,1,1,0,0
0045_neg_0,6,support,970,799,0.7962962962962963,1,1,0,0
0045_neg_0,7,support,1020,811,0.42857142857142855,1,1,0,1
0045_neg_0,8,support,1778,1560,0.3381294964028777,1,1,0,0
0045_neg_0,9,support,1369,1366,0.6582278481012658,1,1,0,0
0045_neg_0,10,support,1678,1016,0.40425531914893614,1,1,0,0
0045_neg_0,11,support,1103,1006,0.5205479452054794,1,1,0,0
0045_neg_0,12,query,1391,938,0.4461538461538462,1,1,0,0
0045_pos_0,0,support,869,938,0.6,1,1,0,0
0045_pos_0,1,support,829,889,0.7037037037037037,1,1,0,0
0045_pos_0,2,support,956,931,0.5970149253731343,1,1,0,0
0045_pos_0,3,support,1700,1119,0.6538461538461539,1,1,0,0
0045_pos_0,4,support,704,1042,0.5238095238095238,0,1,0,0
0045_pos_0,5,support,988,1140,0.5915492957746479,1,1,0,0
0045_pos_0,6,support,1511,1468,0.3058823529411765,1,1,0,0
0045_pos_0,7,support,1012,836,0.6349206349206349,1,1,0,0
0045_pos_0,8,support,865,949,0.5303030303030303,0,0,0,0
0045_pos_0,9,support,1438,1140,0.41904761904761906,1,1,0,0
0045_pos_0,10,support,1494,1505,0.6428571428571429,1,2,0,0
0045_pos_0,11,support,2074,1611,0.6090909090909091,1,1,0,0
0045_pos_0,12,query,804,655,0.5769230769230769,1,0,0,0
0046_neg_0,0,support,910,974,0.6056338028169014,1,1,0,0
0046_neg_0,1,support,882,868,0.7719298245614035,1,1,0,0
0046_neg_0,2,support,976,1085,0.6323529411764706,1,1,0,0
0046_neg_0,3,support,1084,925,0.6615384615384615,1,1,0,0
0046_neg_0,4,support,1095,1177,0.4158415841584158,1,1,0,0
0046_neg_0,5,support,1201,1417,0.3958333333333333,1,1,0,1
0046_neg_0,6,support,1395,1221,0.6075949367088608,1,1,0,0
0046_neg_0,7,support,2014,1672,0.6041666666666666,1,2,0,1
0046_neg_0,8,support,1304,1507,0.6052631578947368,1,1,0,0
0046_neg_0,9,support,891,942,0.8148148148148148,1,1,0,0
0046_neg_0,10,support,1213,847,0.6825396825396826,1,1,0,0
0046_neg_0,11,support,1303,1332,0.6081081081081081,1,0,0,0
0046_neg_0,12,query,1659,1753,0.5833333333333334,1,1,0,0
0046_pos_0,0,support,893,880,0.7049180327868853,1,1,0,0
0046_pos_0,1,support,970,1118,0.6515151515151515,1,1,0,0
0046_pos_0,2,support,1198,893,0.5384615384615384,1,1,0,0
0046_pos_0,3,support,999,1115,0.4805194805194805,1,2,0,1
0046_pos_0,4,support,1193,1240,0.6103896103896104,1,0,0,0
0046_pos_0,5,support,1230,1209,0.6764705882352942,1,1,0,0
0046_pos_0,6,support,1657,1728,0.7142857142857143,1,1,0,0
0046_pos_0,7,support,1406,1306,0.64,1,2,0,1
0046_pos_0,8,support,1979,1905,0.625,1,1,0,0
0046_pos_0,9,support,1343,1360,0.676056338028169,1,0,0,0
0046_pos_0,10,support,891,1106,0.6666666666666666,1,1,0,0
0046_pos_0,11,support,1184,1262,0.7,1,1,0,0
0046_pos_0,12,query,906,1006,0.5972222222222222,1,1,0,0
0047_neg_0,0,support,1067,1055,0.6666666666666666,1,1,0,0
0047_neg_0,1,support,1062,830,0.6451612903225806,1,1,0,0
0047_neg_0,2,support,1318,1238,0.55,1,1,0,0
0047_neg_0,3,support,969,1007,0.6363636363636364,0,1,0,0
0047_neg_0,4,support,838,908,0.578125,1,0,0,0
0047_neg_0,5,support,1288,1181,0.5121951219512195,1,1,0,0
0047_neg_0,6,support,967,1057,0.65625,1,1,0,0
0047_neg_0,7,support,811,829,0.6981132075471698,1,1,0,0
0047_neg_0,8,support,842,970,0.7241379310344828,1,1,0,0
0047_neg_0,9,support,930,1192,0.7301587301587301,1,1,0,0
0047_neg_0,10,support,826,921,0.6451612903225806,1,0,0,0
0047_neg_0,11,support,829,835,0.6923076923076923,1,1,0,0
0047_neg_0,12,query,884,892,0.6190476190476191,1,1,0,0
0047_pos_0,0,support,1048,1133,0.6111111111111112,1,1,0,0
0047_pos_0,1,support,1260,1494,0.5421686746987951,1,1,0,0
0047_pos_0,2,support,976,972,0.5492957746478874,1,1,0,0
0047_pos_0,3,support,845,947,0.6290322580645161,1,1,0,0
0047_pos_0,4,support,1191,1195,0.5584415584415584,1,1,0,0
0047_pos_0,5,support,1160,1188,0.6349206349206349,1,1,0,0
0047_pos_0,6,support,822,807,0.7358490566037735,1,1,0,0
0047_pos_0,7,support,978,1064,0.7142857142857143,1,1,0,0
0047_pos_0,8,support,811,759,0.660377358490566,1,1,0,0
0047_pos_0,9,support,816,840,0.8333333333333334,1,1,0,0
0047_pos_0,10,support,842,843,0.7924528301886793,1,1,0,0
0047_pos_0,11,support,1053,922,0.65,1,1,0,0
0047_pos_0,12,query,1006,1180,0.7419354838709677,1,1,0,0
0048_neg_0,0,support,1136,1047,0.7323943661971831,1,1,0,0
0048_neg_0,1,support,800,889,0.7678571428571429,0,0,0,0
0048_neg_0,2,support,1092,1154,0.647887323943662,1,1,0,0
0048_neg_0,3,support,1247,1368,0.6049382716049383,1,1,0,0
0048_neg_0,4,support,1769,2021,0.5350877192982456,1,1,0,0
0048_neg_0,5,support,1599,1395,0.6375,1,1,0,0
0048_neg_0,6,support,1255,1334,0.5647058823529412,1,1,0,0
0048_neg_0,7,support,1438,1492,0.7910447761194029,1,1,0,0
0048_neg_0,8,support,1912,1414,0.5888888888888889,1,2,0,1
0048_neg_0,9,support,932,1043,0.5833333333333334,1,1,0,0
0048_neg_0,10,support,1295,1370,0.6533333333333333,1,1,0,0
0048_neg_0,11,support,1095,842,0.6612903225806451,1,0,0,0
0048_neg_0,12,query,1178,1164,0.7258064516129032,1,1,0,0
0048_pos_0,0,support,808,845,0.7777777777777778,0,0,0,0
0048_pos_0,1,support,1085,1205,0.7164179104477612,1,1,0,0
0048_pos_0,2,support,1269,1233,0.5822784810126582,1,1,0,0
0048_pos_0,3,support,1698,1450,0.6582278481012658,1,1,0,0
0048_pos_0,4,support,1542,1834,0.5368421052631579,1,1,0,0
0048_pos_0,5,support,1335,1088,0.6811594202898551,0,0,0,0
0048_pos_0,6,support,1203,1003,0.696969696969697,0,0,0,0
0048_pos_0,7,support,1278,1186,0.6666666666666666,1,1,0,0
0048_pos_0,8,support,1244,1689,0.5662650602409639,1,1,0,0
0048_pos_0,9,support,1873,1848,0.509090909090909,1,1,0,0
0048_pos_0,10,support,898,981,0.8245614035087719,1,1,0,0
0048_pos_0,11,support,1280,1399,0.6533333333333333,1,1,0,0
0048_pos_0,12,query,1115,1047,0.7,1,1,0,0
0049_neg_0,0,support,1460,1472,0.7037037037037037,1,2,0,1
0049_neg_0,1,support,1567,1566,0.6428571428571429,2,2,1,1
0049_neg_0,2,support,1567,1931,0.4766355140186916,1,2,0,1
0049_neg_0,3,support,1401,1726,0.5252525252525253,1,2,0,1
0049_neg_0,4,support,1103,1323,0.43010752688172044,0,1,0,0
0049_neg_0,5,support,1691,1745,0.5757575757575758,3,2,1,1
0049_neg_0,6,support,1221,1351,0.6265060240963856,2,2,1,1
0049_neg_0,7,support,1555,1479,0.5247524752475248,1,1,0,0
0049_neg_0,8,support,2022,1852,0.5729166666666666,1,1,0,0
0049_neg_0,9,support,1207,1250,0.6527777777777778,0,2,0,1
0049_neg_0,10,support,1106,1334,0.618421052631579,0,1,0,1
0049_neg_0,11,support,1337,1167,0.5833333333333334,1,1,0,1
0049_neg_0,12,query,1786,1543,0.57,1,2,0,1
0049_pos_0,0,support,1671,1634,0.6222222222222222,2,2,1,1
0049_pos_0,1,support,1513,1676,0.5777777777777777,2,1,1,0
0049_pos_0,2,support,1454,1287,0.46511627906976744,1,1,0,0
0049_pos_0,3,support,1362,1356,0.6363636363636364,0,0,0,0
0049_pos_0,4,support,1501,1758,0.532608695652174,1,2,0,1
0049_pos_0,5,support,1374,1429,0.5280898876404494,1,1,0,0
0049_pos_0,6,support,1559,1578,0.5392156862745098,1,1,0,0
0049_pos_0,7,support,1416,1145,0.6623376623376623,2,2,1,1
0049_pos_0,8,support,1484,1362,0.5208333333333334,2,2,1,1
0049_pos_0,9,support,1945,1087,0.4519230769230769,2,2,1,1
0049_pos_0,10,support,1287,1051,0.5443037974683544,0,1,0,1
0049_pos_0,11,support,1134,1056,0.6323529411764706,1,0,1,0
0049_pos_0,12,query,1405,1346,0.6753246753246753,1,1,0,0
0050_neg_0,0,support,1162,1225,0.5405405405405406,1,1,0,0
0050_neg_0,1,support,1863,1641,0.5,1,1,0,0
0050_neg_0,2,support,1192,1151,0.7419354838709677,1,1,0,0
0050_neg_0,3,support,1155,1087,0.7213114754098361,1,1,0,0
0050_neg_0,4,support,1249,1754,0.48936170212765956,1,1,0,0
0050_neg_0,5,support,1343,1540,0.5161290322580645,1,2,0,1
0050_neg_0,6,support,1316,1555,0.6933333333333334,1,1,0,0
0050_neg_0,7,support,1686,1485,0.5795454545454546,1,1,0,0
0050_neg_0,8,support,1439,1489,0.5494505494505495,1,1,0,0
0050_neg_0,9,support,1240,1493,0.4782608695652174,1,1,0,0
0050_neg_0,10,support,1569,1268,0.7037037037037037,1,1,0,0
0050_neg_0,11,support,1318,1509,0.575,1,1,0,0
0050_neg_0,12,query,1196,1457,0.6625,1,1,0,0
0050_pos_0,0,support,2082,1598,0.45098039215686275,2,1,1,0
0050_pos_0,1,support,1192,1152,0.7142857142857143,1,1,0,0
0050_pos_0,2,support,1239,1079,0.6029411764705882,1,1,0,0
0050_pos_0,3,support,1181,1276,0.4823529411764706,1,1,0,0
0050_pos_0,4,support,1301,1413,0.625,1,1,0,0
0050_pos_0,5,support,1486,1458,0.5353535353535354,2,2,1,1
0050_pos_0,6,support,1211,1296,0.7397260273972602,1,1,0,0
0050_pos_0,7,support,1332,1629,0.5222222222222223,1,1,0,0
0050_pos_0,8,support,1663,1544,0.5268817204301075,1,1,0,0
0050_pos_0,9,support,1545,1168,0.5595238095238095,1,1,0,0
0050_pos_0,10,support,1212,1212,0.4939759036144578,1,1,0,0
0050_pos_0,11,support,1583,1071,0.684931506849315,1,1,0,0
0050_pos_0,12,query,1193,1782,0.5172413793103449,1,1,0,0
0051_neg_0,0,support,1135,1555,0.44329896907216493,1,1,0,0
0051_neg_0,1,support,1047,1091,0.6307692307692307,1,1,0,0
0051_neg_0,2,support,1084,1067,0.6363636363636364,1,1,0,0
0051_neg_0,3,support,1351,1337,0.6623376623376623,1,2,0,1
0051_neg_0,4,support,1257,1337,0.6075949367088608,2,2,0,0
0051_neg_0,5,support,1115,1157,0.5070422535211268,1,1,0,0
0051_neg_0,6,support,911,1122,0.6333333333333333,1,1,0,0
0051_neg_0,7,support,1303,1212,0.5972222222222222,1,1,0,0
0051_neg_0,8,support,1173,1259,0.7142857142857143,1,1,0,0
0051_neg_0,9,support,1672,2862,0.711864406779661,1,1,0,0
0051_neg_0,10,support,1583,1458,0.6547619047619048,1,2,0,1
0051_neg_0,11,support,1331,1633,0.5978260869565217,1,1,0,0
0051_neg_0,12,query,1790,1738,0.5581395348837209,1,1,0,0
0051_pos_0,0,support,1056,940,0.6129032258064516,1,1,0,0
0051_pos_0,1,support,1058,936,0.578125,1,1,0,0
0051_pos_0,2,support,1441,1644,0.5052631578947369,2,2,1,1
0051_pos_0,3,support,1349,1517,0.5,2,2,0,0
0051_pos_0,4,support,1037,1041,0.6,1,1,0,0
0051_pos_0,5,support,1457,1639,0.5333333333333333,1,1,0,0
0051_pos_0,6,support,1652,1731,0.6385542168674698,1,1,0,0
0051_pos_0,7,support,907,1158,0.6885245901639344,1,1,0,0
0051_pos_0,8,support,1180,1076,0.6666666666666666,1,1,0,0
0051_pos_0,9,support,1226,1266,0.6865671641791045,1,1,0,0
0051_pos_0,10,support,1607,1118,0.42727272727272725,1,1,0,0
0051_pos_0,11,support,1488,1364,0.625,1,1,0,0
0051_pos_0,12,query,1148,853,0.5806451612903226,1,1,0,0
0052_neg_0,0,support,1656,1570,0.5913978494623656,1,2,0,1
0052_neg_0,1,support,1476,1306,0.6666666666666666,1,2,0,1
0052_neg_0,2,support,1115,1318,0.6363636363636364,0,1,0,0
0052_neg_0,3,support,1403,1173,0.734375,1,1,0,0
0052_neg_0,4,support,1360,1411,0.5348837209302325,1,2,0,1
0052_neg_0,5,support,1549,1184,0.6046511627906976,0,2,0,1
0052_neg_0,6,support,1300,1426,0.6341463414634146,1,2,0,1
0052_neg_0,7,support,1773,1874,0.5392156862745098,1,1,0,0
0052_neg_0,8,support,1317,1241,0.6153846153846154,1,2,0,1
0052_neg_0,9,support,1553,1524,0.6125,1,1,0,0
0052_neg_0,10,support,1222,1450,0.5853658536585366,1,1,0,0
0052_neg_0,11,support,1124,1280,0.5595238095238095,1,1,0,0
0052_neg_0,12,query,1497,1528,0.6590909090909091,1,2,0,1
0052_pos_0,0,support,1440,1241,0.5833333333333334,1,2,0,1
0052_pos_0,1,support,1125,1071,0.7580645161290323,0,1,0,0
0052_pos_0,2,support,1294,1395,0.6111111111111112,1,2,0,1
0052_pos_0,3,support,1379,2094,0.5652173913043478,1,2,0,1
0052_pos_0,4,support,1526,1351,0.6265060240963856,0,1,0,0
0052_pos_0,5,support,1545,1315,0.6282051282051282,1,2,0,1
0052_pos_0,6,support,1528,1555,0.5252525252525253,1,0,0,0
0052_pos_0,7,support,1289,1341,0.6410256410256411,1,2,0,1
0052_pos_0,8,support,1702,1978,0.6326530612244898,1,1,0,0
0052_pos_0,9,support,1217,1271,0.6875,1,1,0,0
0052_pos_0,10,support,1547,1472,0.6,1,1,0,0
0052_pos_0,11,support,1268,1507,0.5212765957446809,1,1,0,0
0052_pos_0,12,query,1663,1674,0.5445544554455446,1,2,0,1
0053_neg_0,0,support,1463,1412,0.6024096385542169,1,2,0,1
0053_neg_0,1,support,1682,1509,0.6162790697674418,1,2,0,1
0053_neg_0,2,support,1327,1516,0.5274725274725275,1,3,0,1
0053_neg_0,3,support,1612,1593,0.5773195876288659,0,0,0,0
0053_neg_0,4,support,1615,1416,0.5151515151515151,1,1,0,0
0053_neg_0,5,support,1756,1346,0.5882352941176471,1,1,0,0
0053_neg_0,6,support,1739,1553,0.49523809523809526,1,1,0,0
0053_neg_0,7,support,2584,1487,0.5045871559633027,1,2,0,1
0053_neg_0,8,support,1577,1947,0.49074074074074076,1,1,0,0
0053_neg_0,9,support,1574,1534,0.6823529411764706,1,2,0,1
0053_neg_0,10,support,1056,1178,0.6486486486486487,1,2,0,1
0053_neg_0,11,support,1467,1808,0.4752475247524752,1,2,0,1
0053_neg_0,12,query,1550,1835,0.5188679245283019,1,1,0,0
0053_pos_0,0,support,1522,1633,0.625,1,2,0,1
0053_pos_0,1,support,1375,1647,0.49504950495049505,1,2,0,0
0053_pos_0,2,support,1534,1676,0.514018691588785,2,3,0,1
0053_pos_0,3,support,1839,1258,0.6,1,2,0,1
0053_pos_0,4,support,1657,1638,0.5795454545454546,1,2,0,1
0053_pos_0,5,support,1547,2096,0.47540983606557374,1,2,0,1
0053_pos_0,6,support,1518,2222,0.5339805825242718,1,1,0,0
0053_pos_0,7,support,1681,1643,0.5204081632653061,1,2,0,1
0053_pos_0,8,support,2381,2037,0.4956521739130435,1,1,0,0
0053_pos_0,9,support,1609,1376,0.6043956043956044,1,2,0,1
0053_pos_0,10,support,1633,1648,0.6224489795918368,1,2,0,1
0053_pos_0,11,support,1156,1259,0.550561797752809,1,2,0,1
0053_pos_0,12,query,1404,1654,0.5652173913043478,1,1,0,0
0054_neg_0,0,support,1369,1584,0.6086956521739131,1,2,0,1
0054_neg_0,1,support,1931,1503,0.574468085106383,1,1,0,0
0054_neg_0,2,support,1581,2022,0.45614035087719296,1,2,0,1
0054_neg_0,3,support,1514,1615,0.5319148936170213,1,2,0,1
0054_neg_0,4,support,1796,1631,0.5670103092783505,1,2,0,1
0054_neg_0,5,support,2069,1996,0.5,1,2,0,1
0054_neg_0,6,support,1514,1372,0.6122448979591837,1,1,0,0
0054_neg_0,7,support,1738,1447,0.5865384615384616,1,2,0,1
0054_neg_0,8,support,1277,1421,0.6933333333333334,1,2,0,1
0054_neg_0,9,support,2017,2147,0.5384615384615384,1,2,0,1
0054_neg_0,10,support,1498,1240,0.5568181818181818,1,1,0,0
0054_neg_0,11,support,1866,1512,0.5148514851485149,1,2,0,1
0054_neg_0,12,query,1609,1794,0.46788990825688076,1,2,0,1
0054_pos_0,0,support,1854,1878,0.4672897196261682,1,2,0,1
0054_pos_0,1,support,1557,1950,0.4351851851851852,1,2,0,1
0054_pos_0,2,support,1395,1500,0.5104166666666666,1,2,0,1
0054_pos_0,3,support,1765,1681,0.5188679245283019,1,1,0,0
0054_pos_0,4,support,1813,2036,0.4628099173553719,1,1,0,0
0054_pos_0,5,support,1689,1722,0.47,1,1,0,0
0054_pos_0,6,support,1479,1515,0.48,1,1,0,0
0054_pos_0,7,support,1446,1371,0.5656565656565656,1,2,0,1
0054_pos_0,8,support,1751,1553,0.5566037735849056,1,2,0,1
0054_pos_0,9,support,1254,1262,0.64,1,2,0,1
0054_pos_0,10,support,1985,1745,0.42105263157894735,1,1,0,0
0054_pos_0,11,support,1587,1384,0.5106382978723404,1,1,0,0
0054_pos_0,12,query,1356,1378,0.611764705882353,1,2,0,1
0055_neg_0,0,support,941,1382,0.4625,0,1,0,0
0055_neg_0,1,support,864,1113,0.5138888888888888,0,1,0,0
0055_neg_0,2,support,991,1203,0.5789473684210527,0,1,0,0
0055_neg_0,3,support,857,941,0.5538461538461539,0,1,0,1
0055_neg_0,4,support,880,1009,0.4861111111111111,0,1,0,1
0055_neg_0,5,support,920,913,0.65,0,0,0,0
0055_neg_0,6,support,885,2433,0.45121951219512196,0,0,0,0
0055_neg_0,7,support,973,805,0.6142857142857143,0,0,0,0
0055_neg_0,8,support,929,992,0.6417910447761194,0,1,0,0
0055_neg_0,9,support,898,1295,0.4935064935064935,0,1,0,0
0055_neg_0,10,support,800,892,0.6612903225806451,0,0,0,0
0055_neg_0,11,support,845,1092,0.5833333333333334,0,1,0,0
0055_neg_0,12,query,1880,2035,0.6138613861386139,0,1,0,0
0055_pos_0,0,support,845,948,0.546875,0,0,0,0
0055_pos_0,1,support,985,943,0.6086956521739131,0,1,0,1
0055_pos_0,2,support,879,932,0.5396825396825397,0,1,0,1
0055_pos_0,3,support,989,1360,0.5428571428571428,0,0,0,0
0055_pos_0,4,support,894,867,0.631578947368421,0,0,0,0
0055_pos_0,5,support,819,950,0.5873015873015873,0,0,0,0
0055_pos_0,6,support,1908,1645,0.5789473684210527,0,1,0,0
0055_pos_0,7,support,898,1192,0.5285714285714286,0,2,0,1
0055_pos_0,8,support,1075,1267,0.684931506849315,0,2,0,1
0055_pos_0,9,support,937,1112,0.5375,0,1,0,0
0055_pos_0,10,support,895,914,0.6,0,1,0,0
0055_pos_0,11,support,837,1000,0.6470588235294118,0,0,0,0
0055_pos_0,12,query,937,1084,0.6197183098591549,0,1,0,0
0056_neg_0,0,support,1251,1359,0.5952380952380952,2,1,1,0
0056_neg_0,1,support,1764,1478,0.5145631067961165,1,2,0,1
0056_neg_0,2,support,1801,1459,0.5578947368421052,2,2,1,1
0056_neg_0,3,support,1535,1530,0.5494505494505495,0,2,0,1
0056_neg_0,4,support,1473,1622,0.48148148148148145,1,2,0,1
0056_neg_0,5,support,1562,1590,0.5656565656565656,1,1,0,0
0056_neg_0,6,support,1578,1511,0.6385542168674698,1,2,0,1
0056_neg_0,7,support,1641,1778,0.6382978723404256,1,1,0,0
0056_neg_0,8,support,1328,1735,0.4519230769230769,1,2,0,1
0056_neg_0,9,support,1668,1465,0.5714285714285714,1,1,0,0
0056_neg_0,10,support,1352,1428,0.6265060240963856,1,1,0,0
0056_neg_0,11,support,1443,1456,0.5340909090909091,2,1,1,0
0056_neg_0,12,query,1247,1273,0.6097560975609756,1,2,0,1
0056_pos_0,0,support,1861,1628,0.5363636363636364,1,2,0,1
0056_pos_0,1,support,1853,1428,0.5909090909090909,1,2,0,1
0056_pos_0,2,support,1434,1627,0.5909090909090909,1,2,0,1
0056_pos_0,3,support,1296,1531,0.5555555555555556,1,2,0,1
0056_pos_0,4,support,1699,1506,0.4639175257731959,1,2,0,1
0056_pos_0,5,support,982,1199,0.6111111111111112,1,1,0,0
0056_pos_0,6,support,1066,1362,0.5609756097560976,1,2,0,1
0056_pos_0,7,support,1444,1540,0.4639175257731959,1,2,0,1
0056_pos_0,8,support,1667,1661,0.5643564356435643,1,1,0,0
0056_pos_0,9,support,1397,1241,0.5595238095238095,2,1,1,0
0056_pos_0,10,support,1518,1694,0.5346534653465347,1,1,0,0
0056_pos_0,11,support,1359,1303,0.6410256410256411,1,1,0,0
0056_pos_0,12,query,1393,1464,0.574468085106383,1,1,0,0
0057_neg_0,0,support,1548,1204,0.5164835164835165,1,1,0,0
0057_neg_0,1,support,1367,1616,0.5483870967741935,1,1,0,0
0057_neg_0,2,support,1646,1439,0.4897959183673469,1,1,0,0
0057_neg_0,3,support,1601,1337,0.5053763440860215,1,1,0,0
0057_neg_0,4,support,1351,1206,0.6588235294117647,1,1,0,0
0057_neg_0,5,support,844,998,0.5555555555555556,1,1,0,0
0057_neg_0,6,support,1008,1021,0.8214285714285714,1,1,0,0
0057_neg_0,7,support,869,1270,0.5512820512820513,1,1,0,0
0057_neg_0,8,support,1113,1072,0.5942028985507246,1,1,0,0
0057_neg_0,9,support,1203,1229,0.5945945945945946,1,1,0,0
0057_neg_0,10,support,1204,1397,0.5975609756097561,1,1,0,0
0057_neg_0,11,support,1349,1559,0.5168539325842697,1,1,0,0
0057_neg_0,12,query,2072,1967,0.5181818181818182,1,1,0,0
0057_pos_0,0,support,1465,1170,0.5227272727272727,1,1,0,0
0057_pos_0,1,support,1406,1529,0.42718446601941745,1,1,0,0
0057_pos_0,2,support,1638,1420,0.47191011235955055,1,1,0,0
0057_pos_0,3,support,1361,1210,0.6304347826086957,1,1,0,0
0057_pos_0,4,support,873,833,0.640625,1,1,0,0
0057_pos_0,5,support,1840,1376,0.6162790697674418,1,1,0,0
0057_pos_0,6,support,1968,1786,0.594059405940594,1,2,0,1
0057_pos_0,7,support,1227,1102,0.6338028169014085,1,1,0,0
0057_pos_0,8,support,859,1158,0.547945205479452,1,0,0,0
0057_pos_0,9,support,1150,1196,0.696969696969697,1,1,0,0
0057_pos_0,10,support,1062,1181,0.6515151515151515,1,1,0,0
0057_pos_0,11,support,1342,1285,0.5862068965517241,1,1,0,0
0057_pos_0,12,query,1674,1713,0.504424778761062,1,1,0,0
0058_neg_0,0,support,1283,1208,0.6666666666666666,1,0,0,0
0058_neg_0,1,support,1105,1063,0.6056338028169014,1,1,0,0
0058_neg_0,2,support,1429,1442,0.6144578313253012,1,1,0,0
0058_neg_0,3,support,960,987,0.5972222222222222,0,1,0,0
0058_neg_0,4,support,1449,1700,0.5543478260869565,1,1,0,0
0058_neg_0,5,support,1507,1504,0.5714285714285714,1,1,0,0
0058_neg_0,6,support,1557,1384,0.5434782608695652,1,1,0,0
0058_neg_0,7,support,1549,1409,0.6027397260273972,0,0,0,0
0058_neg_0,8,support,1175,1074,0.5774647887323944,1,0,0,0
0058_neg_0,9,support,871,864,0.7142857142857143,1,1,0,0
0058_neg_0,10,support,877,937,0.6153846153846154,0,1,0,0
0058_neg_0,11,support,1032,1200,0.6619718309859155,0,1,0,0
0058_neg_0,12,query,1226,1282,0.589041095890411,0,1,0,0
0058_pos_0,0,support,1093,1192,0.6666666666666666,1,1,0,0
0058_pos_0,1,support,1524,1416,0.6710526315789473,1,1,0,0
0058_pos_0,2,support,1020,934,0.5797101449275363,0,0,0,0
0058_pos_0,3,support,1585,1771,0.5760869565217391,1,1,0,0
0058_pos_0,4,support,1723,1197,0.611764705882353,1,1,0,0
0058_pos_0,5,support,962,1018,0.6521739130434783,1,1,0,0
0058_pos_0,6,support,1226,1177,0.5675675675675675,0,1,0,0
0058_pos_0,7,support,1549,1538,0.6547619047619048,1,1,0,0
0058_pos_0,8,support,1486,1545,0.6301369863013698,1,1,0,0
0058_pos_0,9,support,986,1020,0.696969696969697,1,1,0,0
0058_pos_0,10,support,882,968,0.7213114754098361,1,1,0,0
0058_pos_0,11,support,882,1119,0.5972222222222222,0,1,0,0
0058_pos_0,12,query,1357,1386,0.550561797752809,1,1,0,0
0059_neg_0,0,support,1324,1568,0.5913978494623656,1,1,0,0
0059_neg_0,1,support,994,1321,0.6103896103896104,0,2,0,1
0059_neg_0,2,support,1525,1395,0.5151515151515151,1,1,0,0
0059_neg_0,3,support,1403,1008,0.6455696202531646,1,0,0,0
0059_neg_0,4,support,1599,1135,0.6904761904761905,1,1,0,0
0059_neg_0,5,support,1807,1917,0.46956521739130436,2,2,1,1
0059_neg_0,6,support,2056,1547,0.6458333333333334,1,0,0,0
0059_neg_0,7,support,1310,1646,0.5652173913043478,1,2,0,1
0059_neg_0,8,support,1256,1527,0.6195652173913043,0,2,0,1
0059_neg_0,9,support,1648,1748,0.5714285714285714,1,1,0,0
0059_neg_0,10,support,1442,1267,0.7428571428571429,1,2,0,1
0059_neg_0,11,support,1255,1256,0.5432098765432098,0,1,0,0
0059_neg_0,12,query,1076,1378,0.6144578313253012,1,2,0,1
0059_pos_0,0,support,1018,953,0.6176470588235294,0,1,0,1
0059_pos_0,1,support,1529,1595,0.5238095238095238,1,2,0,1
0059_pos_0,2,support,1012,1477,0.5268817204301075,0,1,0,0
0059_pos_0,3,support,1336,1570,0.5217391304347826,1,1,0,0
0059_pos_0,4,support,1627,1944,0.5555555555555556,2,1,1,0
0059_pos_0,5,support,1543,1509,0.6626506024096386,1,1,0,0
0059_pos_0,6,support,1152,1011,0.5783132530120482,1,1,0,1
0059_pos_0,7,support,1893,1745,0.6703296703296703,1,2,0,1
0059_pos_0,8,support,1594,1459,0.4803921568627451,1,1,0,0
0059_pos_0,9,support,1476,1512,0.6777777777777778,1,1,0,0
0059_pos_0,10,support,1677,2083,0.5714285714285714,1,2,0,1
0059_pos_0,11,support,1351,1364,0.6144578313253012,1,2,0,1
0059_pos_0,12,query,1117,982,0.5454545454545454,0,0,0,0
0060_neg_0,0,support,1559,1364,0.46153846153846156,1,2,0,1
0060_neg_0,1,support,2389,1721,0.6,1,1,0,0
0060_neg_0,2,support,1300,1437,0.5632183908045977,1,1,0,0
0060_neg_0,3,support,1368,1523,0.5578947368421052,1,2,0,1
0060_neg_0,4,support,1612,1486,0.5145631067961165,1,2,0,1
0060_neg_0,5,support,1084,1110,0.7101449275362319,1,1,0,0
0060_neg_0,6,support,1464,1712,0.5294117647058824,1,1,0,0
0060_neg_0,7,support,1556,1677,0.5494505494505495,1,1,0,0
0060_neg_0,8,support,1534,1347,0.4731182795698925,1,1,0,0
0060_neg_0,9,support,1543,1686,0.4948453608247423,1,2,0,1
0060_neg_0,10,support,1811,1772,0.5145631067961165,1,2,0,1
0060_neg_0,11,support,1206,1298,0.6538461538461539,1,2,0,1
0060_neg_0,12,query,1459,1625,0.6276595744680851,1,2,0,1
0060_pos_0,0,support,2112,1557,0.47368421052631576,1,1,0,0
0060_pos_0,1,support,1641,1288,0.5483870967741935,1,2,0,1
0060_pos_0,2,support,1473,1437,0.5360824742268041,1,2,0,1
0060_pos_0,3,support,1632,1636,0.5436893203883495,1,2,0,1
0060_pos_0,4,support,1082,1424,0.6410256410256411,1,1,0,0
0060_pos_0,5,support,1462,1385,0.5180722891566265,1,1,0,0
0060_pos_0,6,support,1634,1396,0.6741573033707865,1,2,0,1
0060_pos_0,7,support,1423,1384,0.5666666666666667,1,2,0,1
0060_pos_0,8,support,1217,1407,0.589041095890411,1,1,0,0
0060_pos_0,9,support,1619,1606,0.5888888888888889,1,1,0,0
0060_pos_0,10,support,1567,1503,0.4387755102040816,1,1,0,0
0060_pos_0,11,support,1765,1513,0.48514851485148514,1,2,0,1
0060_pos_0,12,query,1557,1367,0.4811320754716981,1,1,0,0
0061_neg_0,0,support,991,1415,0.5666666666666667,1,1,0,0
0061_neg_0,1,support,1140,1248,0.5507246376811594,1,1,0,0
0061_neg_0,2,support,1217,1263,0.5679012345679012,2,1,1,0
0061_neg_0,3,support,815,1055,0.7368421052631579,1,1,0,0
0061_neg_0,4,support,1436,1661,0.5662650602409639,1,1,0,0
0061_neg_0,5,support,962,1333,0.7068965517241379,1,1,0,0
0061_neg_0,6,support,1454,1764,0.39655172413793105,1,1,0,0
0061_neg_0,7,support,1092,1036,0.5466666666666666,0,0,0,0
0061_neg_0,8,support,1587,1687,0.46078431372549017,1,1,0,0
0061_neg_0,9,support,1813,1508,0.5955056179775281,1,1,0,0
0061_neg_0,10,support,1679,1539,0.651685393258427,1,1,0,0
0061_neg_0,11,support,795,843,0.6896551724137931,0,0,0,0
0061_neg_0,12,query,1644,1550,0.5267857142857143,1,2,0,1
0061_pos_0,0,support,1248,1133,0.6060606060606061,1,1,0,0
0061_pos_0,1,support,1197,1293,0.6363636363636364,1,2,0,1
0061_pos_0,2,support,829,900,0.6666666666666666,1,1,0,0
0061_pos_0,3,support,1440,1641,0.5662650602409639,1,1,0,0
0061_pos_0,4,support,930,1009,0.7758620689655172,1,1,0,0
0061_pos_0,5,support,1418,1517,0.5189873417721519,1,1,0,0
0061_pos_0,6,support,1534,2141,0.5277777777777778,1,2,0,1
0061_pos_0,7,support,1513,1759,0.4732142857142857,1,2,0,1
0061_pos_0,8,support,1054,1130,0.46511627906976744,0,1,0,0
0061_pos_0,9,support,1674,1784,0.46875,1,2,0,1
0061_pos_0,10,support,1782,1449,0.47474747474747475,1,1,0,0
0061_pos_0,11,support,1673,1535,0.6153846153846154,2,1,1,0
0061_pos_0,12,query,979,1287,0.6896551724137931,1,1,0,0
0062_neg_0,0,support,1072,1018,0.6428571428571429,1,1,0,0
0062_neg_0,1,support,995,1036,0.6153846153846154,1,1,0,0
0062_neg_0,2,support,975,1180,0.6376811594202898,1,1,0,0
0062_neg_0,3,support,1021,954,0.7384615384615385,1,1,0,0
0062_neg_0,4,support,903,939,0.7142857142857143,1,1,0,0
0062_neg_0,5,support,1431,1294,0.5512820512820513,1,1,0,0
0062_neg_0,6,support,1123,1025,0.5921052631578947,1,1,0,0
0062_neg_0,7,support,1306,1273,0.7638888888888888,1,1,0,0
0062_neg_0,8,support,1195,1627,0.575,1,1,0,0
0062_neg_0,9,support,1752,1667,0.4883720930232558,1,0,0,0
0062_neg_0,10,support,1246,1401,0.6875,1,1,0,0
0062_neg_0,11,support,927,1136,0.5853658536585366,1,1,0,0
0062_neg_0,12,query,1451,1897,0.5272727272727272,1,1,0,0
0062_pos_0,0,support,1014,1190,0.6363636363636364,1,1,0,0
0062_pos_0,1,support,996,1121,0.5616438356164384,1,1,0,0
0062_pos_0,2,support,1013,978,0.6285714285714286,1,1,0,0
0062_pos_0,3,support,903,1072,0.4936708860759494,1,1,0,0
0062_pos_0,4,support,1354,1398,0.5783132530120482,1,1,0,0
0062_pos_0,5,support,1616,1730,0.6835443037974683,1,1,0,0
0062_pos_0,6,support,1727,1455,0.5096153846153846,1,1,0,0
0062_pos_0,7,support,1087,1306,0.6025641025641025,1,1,0,0
0062_pos_0,8,support,1285,1153,0.6266666666666667,1,0,0,0
0062_pos_0,9,support,1598,1532,0.6708860759493671,1,1,0,0
0062_pos_0,10,support,1155,1362,0.6447368421052632,0,0,0,0
0062_pos_0,11,support,1249,1302,0.5842696629213483,1,2,0,1
0062_pos_0,12,query,1071,979,0.6388888888888888,1,1,0,0
0063_neg_0,0,support,881,877,0.639344262295082,1,1,0,0
0063_neg_0,1,support,1154,1157,0.6338028169014085,1,1,0,0
0063_neg_0,2,support,919,1011,0.6307692307692307,1,1,0,0
0063_neg_0,3,support,1023,1025,0.5633802816901409,0,1,0,0
0063_neg_0,4,support,870,1057,0.6307692307692307,1,1,0,0
0063_neg_0,5,support,1629,1438,0.6493506493506493,1,1,0,0
0063_neg_0,6,support,1268,1234,0.6268656716417911,1,1,0,0
0063_neg_0,7,support,1361,855,0.6818181818181818,1,1,0,0
0063_neg_0,8,support,877,986,0.6721311475409836,1,1,0,0
0063_neg_0,9,support,2286,1259,0.375,1,1,0,0
0063_neg_0,10,support,835,936,0.625,0,1,0,0
0063_neg_0,11,support,1025,1113,0.6164383561643836,0,1,0,0
0063_neg_0,12,query,1957,1776,0.6111111111111112,1,1,0,0
0063_pos_0,0,support,1097,1208,0.6285714285714286,1,1,0,0
0063_pos_0,1,support,949,971,0.5797101449275363,1,1,0,0
0063_pos_0,2,support,1107,1017,0.6527777777777778,0,1,0,0
0063_pos_0,3,support,857,930,0.7192982456140351,1,1,0,0
0063_pos_0,4,support,1620,1113,0.5189873417721519,1,1,0,0
0063_pos_0,5,support,1629,1224,0.5777777777777777,0,1,0,0
0063_pos_0,6,support,2235,1549,0.5490196078431373,1,1,0,0
0063_pos_0,7,support,1140,1365,0.734375,1,1,0,0
0063_pos_0,8,support,1222,932,0.6911764705882353,1,1,0,0
0063_pos_0,9,support,941,1015,0.6615384615384615,1,1,0,0
0063_pos_0,10,support,2374,1973,0.4666666666666667,1,1,0,0
0063_pos_0,11,support,835,897,0.5892857142857143,0,1,0,0
0063_pos_0,12,query,885,972,0.6507936507936508,1,1,0,0
0064_neg_0,0,support,1108,2066,0.48863636363636365,1,1,0,0
0064_neg_0,1,support,1701,1399,0.5555555555555556,1,1,0,0
0064_neg_0,2,support,1720,1747,0.5402298850574713,1,1,0,0
0064_neg_0,3,support,1400,1545,0.5833333333333334,1,1,0,0
0064_neg_0,4,support,2074,1336,0.5542168674698795,1,1,0,0
0064_neg_0,5,support,1493,1192,0.6,1,1,0,0
0064_neg_0,6,support,1321,1412,0.5697674418604651,1,1,0,0
0064_neg_0,7,support,2065,2245,0.6206896551724138,1,1,0,0
0064_neg_0,8,support,1862,1749,0.6292134831460674,1,1,0,0
0064_neg_0,9,support,1880,1465,0.5730337078651685,1,1,0,0
0064_neg_0,10,support,1321,1336,0.7,1,1,0,0
0064_neg_0,11,support,1088,1518,0.5595238095238095,1,1,0,0
0064_neg_0,12,query,1261,1993,0.4835164835164835,1,0,0,0
0064_pos_0,0,support,1549,1484,0.64,1,1,0,0
0064_pos_0,1,support,1728,2005,0.5882352941176471,1,1,0,0
0064_pos_0,2,support,1476,1495,0.5376344086021505,1,1,0,0
0064_pos_0,3,support,1277,1768,0.4888888888888889,1,1,0,0
0064_pos_0,4,support,1497,1960,0.6097560975609756,1,1,0,0
0064_pos_0,5,support,2057,1852,0.6625,1,1,0,0
0064_pos_0,6,support,1245,1735,0.6049382716049383,1,1,0,0
0064_pos_0,7,support,1980,1807,0.5360824742268041,1,1,0,0
0064_pos_0,8,support,2069,1643,0.5783132530120482,1,1,0,0
0064_pos_0,9,support,1894,2654,0.5754716981132075,1,1,0,0
0064_pos_0,10,support,1667,1241,0.7368421052631579,1,1,0,0
0064_pos_0,11,support,1317,1218,0.6774193548387096,1,1,0,0
0064_pos_0,12,query,1587,1548,0.4205607476635514,1,1,0,0
0065_neg_0,0,support,1044,1277,0.5844155844155844,1,1,0,0
0065_neg_0,1,support,1125,992,0.6619718309859155,1,1,0,0
0065_neg_0,2,support,1526,1167,0.5225225225225225,1,1,0,0
0065_neg_0,3,support,1067,1078,0.6857142857142857,1,1,0,0
0065_neg_0,4,support,1468,1337,0.7073170731707317,1,1,0,0
0065_neg_0,5,support,1110,1051,0.7246376811594203,1,1,0,0
0065_neg_0,6,support,1209,1192,0.8117647058823529,1,1,0,0
0065_neg_0,7,support,1163,1196,0.7205882352941176,1,1,0,0
0065_neg_0,8,support,1239,2391,0.6132075471698113,1,1,0,0
0065_neg_0,9,support,1271,1427,0.6,1,1,0,0
0065_neg_0,10,support,1173,1338,0.4574468085106383,1,1,0,0
0065_neg_0,11,support,1499,1848,0.5955056179775281,1,1,0,0
0065_neg_0,12,query,1798,1344,0.4519230769230769,1,2,0,1
0065_pos_0,0,support,1121,1112,0.6805555555555556,1,1,0,0
0065_pos_0,1,support,1593,1629,0.49557522123893805,1,1,0,0
0065_pos_0,2,support,1067,1163,0.7101449275362319,1,1,0,0
0065_pos_0,3,support,1454,1376,0.6395348837209303,1,1,0,0
0065_pos_0,4,support,1073,1177,0.6956521739130435,1,0,0,0
0065_pos_0,5,support,2069,2021,0.6666666666666666,1,1,0,0
0065_pos_0,6,support,1818,2271,0.5789473684210527,1,1,0,0
0065_pos_0,7,support,1328,1247,0.7216494845360825,1,1,0,0
0065_pos_0,8,support,1165,876,0.7619047619047619,1,1,0,0
0065_pos_0,9,support,1324,1330,0.6415094339622641,1,1,0,0
0065_pos_0,10,support,1397,1439,0.5714285714285714,1,0,0,0
0065_pos_0,11,support,1413,1172,0.5319148936170213,1,1,0,0
0065_pos_0,12,query,1031,1272,0.6133333333333333,1,2,0,1
0066_neg_0,0,support,916,984,0.6231884057971014,1,1,0,0
0066_neg_0,1,support,911,911,0.6119402985074627,1,1,0,0
0066_neg_0,2,support,1032,1008,0.6865671641791045,1,1,0,0
0066_neg_0,3,support,907,817,0.7413793103448276,1,1,0,0
0066_neg_0,4,support,1113,1278,0.5662650602409639,1,1,0,0
0066_neg_0,5,support,886,1253,0.5915492957746479,1,1,0,0
0066_neg_0,6,support,1165,1185,0.7083333333333334,1,1,0,0
0066_neg_0,7,support,1424,1585,0.5416666666666666,1,1,0,0
0066_neg_0,8,support,941,1161,0.6307692307692307,1,1,0,0
0066_neg_0,9,support,1087,1176,0.5375,1,1,0,0
0066_neg_0,10,support,1103,1114,0.6060606060606061,1,1,0,0
0066_neg_0,11,support,868,844,0.8,1,1,0,0
0066_neg_0,12,query,1287,1181,0.6571428571428571,1,1,0,0
0066_pos_0,0,support,902,873,0.6229508196721312,1,1,0,0
0066_pos_0,1,support,1141,1284,0.6363636363636364,1,1,0,0
0066_pos_0,2,support,883,972,0.5405405405405406,1,1,0,0
0066_pos_0,3,support,1117,821,0.5416666666666666,1,1,0,0
0066_pos_0,4,support,942,948,0.582089552238806,1,1,0,0
0066_pos_0,5,support,1274,1430,0.6172839506172839,1,1,0,0
0066_pos_0,6,support,1288,1194,0.5769230769230769,1,1,0,0
0066_pos_0,7,support,1140,1212,0.6756756756756757,1,1,0,0
0066_pos_0,8,support,1522,1462,0.6373626373626373,1,1,0,0
0066_pos_0,9,support,1075,1168,0.5466666666666666,1,1,0,0
0066_pos_0,10,support,1028,1159,0.6111111111111112,1,1,0,0
0066_pos_0,11,support,1034,1016,0.5857142857142857,1,1,0,0
0066_pos_0,12,query,1006,927,0.7096774193548387,1,1,0,0
0067_neg_0,0,support,1159,1214,0.4742268041237113,0,1,0,0
0067_neg_0,1,support,963,1519,0.56,0,0,0,0
0067_neg_0,2,support,1342,1361,0.5483870967741935,1,1,0,0
0067_neg_0,3,support,957,1097,0.6,0,1,0,0
0067_neg_0,4,support,1337,1096,0.6190476190476191,1,1,0,0
0067_neg_0,5,support,846,1000,0.578125,0,1,0,0
0067_neg_0,6,support,1799,1371,0.6458333333333334,1,1,0,0
0067_neg_0,7,support,962,1037,0.5211267605633803,1,1,0,0
0067_neg_0,8,support,1011,971,0.6060606060606061,1,1,0,0
0067_neg_0,9,support,1033,1255,0.5060240963855421,0,1,0,0
0067_neg_0,10,support,781,893,0.5333333333333333,1,1,0,0
0067_neg_0,11,support,1168,1206,0.575,0,1,0,0
0067_neg_0,12,query,1189,1103,0.5316455696202531,1,0,0,0
0067_pos_0,0,support,980,1352,0.47560975609756095,0,1,0,0
0067_pos_0,1,support,1470,1200,0.45555555555555555,0,1,0,0
0067_pos_0,2,support,988,1139,0.6507936507936508,0,1,0,0
0067_pos_0,3,support,993,1322,0.6612903225806451,1,1,0,0
0067_pos_0,4,support,993,1053,0.6212121212121212,0,1,0,0
0067_pos_0,5,support,1239,1259,0.6282051282051282,0,0,0,0
0067_pos_0,6,support,1098,1152,0.6486486486486487,1,1,0,0
0067_pos_0,7,support,1486,1695,0.5760869565217391,1,1,0,0
0067_pos_0,8,support,754,1056,0.5737704918032787,0,1,0,0
0067_pos_0,9,support,1065,1217,0.42857142857142855,0,1,0,0
0067_pos_0,10,support,1056,1116,0.6111111111111112,1,1,0,0
0067_pos_0,11,support,794,785,0.5272727272727272,0,0,0,0
0067_pos_0,12,query,1122,1331,0.5402298850574713,0,0,0,0
0068_neg_0,0,support,1059,1148,0.5394736842105263,1,1,0,0
0068_neg_0,1,support,966,949,0.5857142857142857,1,1,0,0
0068_neg_0,2,support,1273,1531,0.55,1,1,0,0
0068_neg_0,3,support,1474,987,0.6268656716417911,1,1,0,0
0068_neg_0,4,support,895,1294,0.5588235294117647,1,1,0,0
0068_neg_0,5,support,908,1131,0.6833333333333333,1,1,0,0
0068_neg_0,6,support,1450,1547,0.5795454545454546,1,1,0,0
0068_neg_0,7,support,1486,1678,0.5353535353535354,1,2,0,1
0068_neg_0,8,support,1535,1696,0.7857142857142857,1,1,0,0
0068_neg_0,9,support,1225,1272,0.5714285714285714,1,1,0,0
0068_neg_0,10,support,1373,1260,0.46153846153846156,1,2,0,1
0068_neg_0,11,support,1164,1377,0.5256410256410257,1,1,0,0
0068_neg_0,12,query,1213,1086,0.5789473684210527,1,1,0,0
0068_pos_0,0,support,947,1192,0.6875,1,1,0,0
0068_pos_0,1,support,1276,914,0.5441176470588235,1,1,0,0
0068_pos_0,2,support,1601,1392,0.5,1,1,0,0
0068_pos_0,3,support,878,975,0.65625,1,1,0,0
0068_pos_0,4,support,883,1174,0.6268656716417911,1,1,0,0
0068_pos_0,5,support,1241,1396,0.7183098591549296,0,1,0,0
0068_pos_0,6,support,1213,1267,0.6052631578947368,1,2,0,1
0068_pos_0,7,support,1406,1241,0.6125,1,1,0,0
0068_pos_0,8,support,1546,1318,0.5949367088607594,1,2,0,1
0068_pos_0,9,support,1584,1887,0.5934065934065934,1,1,0,0
0068_pos_0,10,support,1359,1270,0.4946236559139785,1,1,0,0
0068_pos_0,11,support,1410,1405,0.5052631578947369,1,1,0,0
0068_pos_0,12,query,915,998,0.5882352941176471,1,1,0,0
0069_neg_0,0,support,1379,1316,0.5625,1,1,0,0
0069_neg_0,1,support,1517,1937,0.5794392523364486,1,1,0,0
0069_neg_0,2,support,1203,1197,0.5882352941176471,1,1,0,0
0069_neg_0,3,support,1270,1391,0.6,1,1,0,0
0069_neg_0,4,support,1194,918,0.5733333333333334,1,1,0,1
0069_neg_0,5,support,1172,1550,0.5094339622641509,1,2,0,1
0069_neg_0,6,support,1959,1441,0.5510204081632653,1,1,0,0
0069_neg_0,7,support,1306,1154,0.6835443037974683,1,2,0,1
0069_neg_0,8,support,1216,1388,0.5747126436781609,1,1,0,0
0069_neg_0,9,support,1299,1124,0.631578947368421,1,1,0,0
0069_neg_0,10,support,1404,1274,0.5638297872340425,1,1,0,0
0069_neg_0,11,support,2133,1579,0.4716981132075472,1,1,0,0
0069_neg_0,12,query,1800,1366,0.6091954022988506,1,1,0,0
0069_pos_0,0,support,1605,1544,0.6060606060606061,1,2,0,1
0069_pos_0,1,support,1032,1257,0.6410256410256411,1,1,0,0
0069_pos_0,2,support,1335,1336,0.7469879518072289,1,1,0,0
0069_pos_0,3,support,1179,1099,0.782608695652174,1,1,0,0
0069_pos_0,4,support,1162,1717,0.5670103092783505,1,1,0,0
0069_pos_0,5,support,1209,1352,0.5578947368421052,1,1,0,0
0069_pos_0,6,support,1610,1447,0.625,1,1,0,0
0069_pos_0,7,support,1997,1862,0.45081967213114754,1,2,0,1
0069_pos_0,8,support,1307,1403,0.5913978494623656,1,2,0,1
0069_pos_0,9,support,1200,1397,0.5975609756097561,1,2,0,1
0069_pos_0,10,support,1499,1229,0.5116279069767442,1,1,0,1
0069_pos_0,11,support,1373,1512,0.5851063829787234,1,1,0,0
0069_pos_0,12,query,1362,1415,0.651685393258427,1,1,0,0
0070_neg_0,0,support,1216,834,0.7636363636363637,1,1,0,0
0070_neg_0,1,support,1240,1246,0.573170731707317,1,0,0,0
0070_neg_0,2,support,857,873,0.7017543859649122,0,0,0,0
0070_neg_0,3,support,990,1195,0.6086956521739131,0,1,0,0
0070_neg_0,4,support,1560,1524,0.5769230769230769,1,1,0,0
0070_neg_0,5,support,1014,1180,0.7301587301587301,1,1,0,0
0070_neg_0,6,support,2080,1747,0.6428571428571429,1,1,0,0
0070_neg_0,7,support,1143,1165,0.6025641025641025,1,1,0,0
0070_neg_0,8,support,2235,1419,0.5294117647058824,1,1,0,0
0070_neg_0,9,support,789,792,0.7692307692307693,1,1,0,0
0070_neg_0,10,support,1641,1376,0.625,1,1,0,0
0070_neg_0,11,support,803,942,0.5303030303030303,1,1,0,0
0070_neg_0,12,query,1478,1361,0.6022727272727273,1,2,0,1
0070_pos_0,0,support,1193,1268,0.6891891891891891,1,1,0,0
0070_pos_0,1,support,900,1005,0.711864406779661,0,1,0,0
0070_pos_0,2,support,1294,1376,0.7741935483870968,0,1,0,0
0070_pos_0,3,support,1567,1642,0.6,1,1,0,0
0070_pos_0,4,support,1045,1133,0.6461538461538462,1,1,0,0
0070_pos_0,5,support,1205,1387,0.5454545454545454,1,1,0,0
0070_pos_0,6,support,1467,958,0.5625,1,0,0,0
0070_pos_0,7,support,2068,2313,0.6346153846153846,1,1,0,0
0070_pos_0,8,support,1129,1195,0.6027397260273972,1,1,0,0
0070_pos_0,9,support,1687,1818,0.49019607843137253,1,1,0,0
0070_pos_0,10,support,796,895,0.7627118644067796,1,1,0,0
0070_pos_0,11,support,1576,1532,0.573170731707317,1,1,0,0
0070_pos_0,12,query,864,1148,0.640625,1,1,0,0
0071_neg_0,0,support,1493,1562,0.6276595744680851,1,2,0,1
0071_neg_0,1,support,1506,1630,0.5,1,2,0,1
0071_neg_0,2,support,1642,1767,0.5544554455445545,1,1,0,0
0071_neg_0,3,support,1510,1300,0.6805555555555556,1,1,0,0
0071_neg_0,4,support,1350,1227,0.6623376623376623,1,1,0,0
0071_neg_0,5,support,1648,1391,0.5578947368421052,1,1,0,0
0071_neg_0,6,support,1703,1518,0.44660194174757284,1,1,0,0
0071_neg_0,7,support,1475,1863,0.5242718446601942,1,1,0,0
0071_neg_0,8,support,1719,1837,0.4032258064516129,1,2,0,1
0071_neg_0,9,support,1566,1472,0.5520833333333334,1,1,0,0
0071_neg_0,10,support,1689,1327,0.49504950495049505,1,2,0,1
0071_neg_0,11,support,1631,1824,0.5392156862745098,1,2,0,1
0071_neg_0,12,query,1780,2094,0.543859649122807,1,2,0,1
0071_pos_0,0,support,1784,2118,0.47058823529411764,1,1,0,0
0071_pos_0,1,support,1483,2068,0.5816326530612245,1,1,0,0
0071_pos_0,2,support,1390,1268,0.6527777777777778,1,1,0,0
0071_pos_0,3,support,1396,1447,0.6627906976744186,1,2,0,1
0071_pos_0,4,support,1699,1565,0.5294117647058824,1,1,0,0
0071_pos_0,5,support,1605,1462,0.5764705882352941,1,2,0,1
0071_pos_0,6,support,1985,2083,0.5752212389380531,2,2,1,1
0071_pos_0,7,support,1594,1511,0.3904761904761905,1,1,0,0
0071_pos_0,8,support,1321,1874,0.5,1,2,0,1
0071_pos_0,9,support,1719,1659,0.41739130434782606,1,2,0,1
0071_pos_0,10,support,1596,1462,0.48484848484848486,1,1,0,0
0071_pos_0,11,support,1659,1602,0.4954954954954955,1,2,0,1
0071_pos_0,12,query,1701,1889,0.5327102803738317,1,2,0,1
0072_neg_0,0,support,1526,1694,0.6304347826086957,1,2,0,1
0072_neg_0,1,support,1689,1559,0.5096153846153846,0,2,0,1
0072_neg_0,2,support,1421,1039,0.48314606741573035,1,1,0,1
0072_neg_0,3,support,1301,1470,0.5714285714285714,1,2,0,1
0072_neg_0,4,support,1354,1021,0.6395348837209303,1,1,0,1
0072_neg_0,5,support,1170,1264,0.6052631578947368,0,2,0,1
0072_neg_0,6,support,1121,1158,0.5217391304347826,0,0,0,0
0072_neg_0,7,support,1982,1538,0.6629213483146067,2,2,1,1
0072_neg_0,8,support,1013,1156,0.5384615384615384,0,1,0,1
0072_neg_0,9,support,1321,1203,0.5813953488372093,1,2,0,1
0072_neg_0,10,support,1100,1185,0.6419753086419753,0,2,0,1
0072_neg_0,11,support,975,950,0.5915492957746479,1,0,1,0
0072_neg_0,12,query,1239,1231,0.6296296296296297,1,2,0,1
0072_pos_0,0,support,1529,1326,0.5760869565217391,0,2,0,1
0072_pos_0,1,support,1289,1526,0.6309523809523809,1,1,0,0
0072_pos_0,2,support,1313,1386,0.6666666666666666,0,1,0,0
0072_pos_0,3,support,1352,1218,0.6511627906976745,1,1,0,0
0072_pos_0,4,support,1295,1665,0.6363636363636364,1,1,0,0
0072_pos_0,5,support,1179,1457,0.5473684210526316,1,2,0,1
0072_pos_0,6,support,1261,1293,0.6428571428571429,1,1,0,0
0072_pos_0,7,support,1189,1186,0.6704545454545454,0,0,0,0
0072_pos_0,8,support,1927,1368,0.5473684210526316,1,1,0,0
0072_pos_0,9,support,1031,1188,0.6585365853658537,0,1,0,1
0072_pos_0,10,support,1297,1217,0.6753246753246753,0,1,0,0
0072_pos_0,11,support,1141,985,0.6533333333333333,0,0,0,0
0072_pos_0,12,query,1480,941,0.5769230769230769,1,0,0,0
0073_neg_0,0,support,1097,1041,0.6716417910447762,1,1,0,0
0073_neg_0,1,support,1266,1126,0.7230769230769231,1,1,0,0
0073_neg_0,2,support,1039,1057,0.7333333333333333,1,1,0,0
0073_neg_0,3,support,1307,864,0.578125,1,0,0,0
0073_neg_0,4,support,1423,1105,0.6756756756756757,1,0,0,0
0073_neg_0,5,support,1281,1203,0.6842105263157895,1,1,0,0
0073_neg_0,6,support,1608,1619,0.5319148936170213,1,1,0,0
0073_neg_0,7,support,1306,1347,0.7121212121212122,1,1,0,0
0073_neg_0,8,support,1537,1261,0.5609756097560976,1,1,0,0
0073_neg_0,9,support,1074,1186,0.7058823529411765,1,1,0,0
0073_neg_0,10,support,1258,1144,0.5733333333333334,1,1,0,0
0073_neg_0,11,support,1015,1113,0.6911764705882353,1,1,0,0
0073_neg_0,12,query,1518,1865,0.6382978723404256,1,1,0,0
0073_pos_0,0,support,1170,1186,0.7164179104477612,1,1,0,0
0073_pos_0,1,support,1055,1027,0.6349206349206349,1,1,0,0
0073_pos_0,2,support,1120,948,0.8076923076923077,1,0,0,0
0073_pos_0,3,support,1463,1081,0.5769230769230769,1,0,0,0
0073_pos_0,4,support,1314,1258,0.6144578313253012,1,1,0,0
0073_pos_0,5,support,1644,1417,0.675,1,1,0,0
0073_pos_0,6,support,1550,1321,0.6162790697674418,1,1,0,0
0073_pos_0,7,support,1578,1448,0.47474747474747475,1,1,0,0
0073_pos_0,8,support,1385,1557,0.6233766233766234,1,1,0,0
0073_pos_0,9,support,1422,1568,0.65,1,1,0,0
0073_pos_0,10,support,1116,1400,0.5113636363636364,1,1,0,0
0073_pos_0,11,support,1274,1088,0.6714285714285714,1,1,0,0
0073_pos_0,12,query,1048,914,0.582089552238806,1,0,0,0
0074_neg_0,0,support,953,1137,0.5365853658536586,1,1,0,0
0074_neg_0,1,support,1783,1305,0.5824175824175825,1,1,0,0
0074_neg_0,2,support,1269,1199,0.6133333333333333,1,1,0,0
0074_neg_0,3,support,1159,1389,0.618421052631579,1,1,0,0
0074_neg_0,4,support,1488,1536,0.6565656565656566,1,1,0,0
0074_neg_0,5,support,1666,1701,0.5714285714285714,1,1,0,0
0074_neg_0,6,support,1174,890,0.5373134328358209,1,0,0,0
0074_neg_0,7,support,960,1190,0.5342465753424658,1,0,0,0
0074_neg_0,8,support,1116,993,0.5416666666666666,1,0,0,0
0074_neg_0,9,support,1167,1204,0.6081081081081081,1,1,0,0
0074_neg_0,10,support,1201,1471,0.5222222222222223,1,0,0,0
0074_neg_0,11,support,1622,1384,0.627906976744186,1,1,0,0
0074_neg_0,12,query,1488,1441,0.6493506493506493,1,1,0,0
0074_pos_0,0,support,1930,1899,0.5196078431372549,1,1,0,0
0074_pos_0,1,support,1281,1230,0.6,1,1,0,0
0074_pos_0,2,support,1240,1100,0.5915492957746479,1,1,0,0
0074_pos_0,3,support,1353,1379,0.6853932584269663,1,1,0,0
0074_pos_0,4,support,1743,1424,0.6276595744680851,1,1,0,0
0074_pos_0,5,support,1241,1353,0.6,0,0,0,0
0074_pos_0,6,support,1429,1511,0.5897435897435898,1,1,0,0
0074_pos_0,7,support,1119,1100,0.6875,0,1,0,0
0074_pos_0,8,support,934,1271,0.5735294117647058,1,1,0,0
0074_pos_0,9,support,946,1102,0.5833333333333334,1,1,0,0
0074_pos_0,10,support,1661,1446,0.6172839506172839,1,1,0,0
0074_pos_0,11,support,1190,1137,0.6052631578947368,1,1,0,0
0074_pos_0,12,query,967,978,0.5757575757575758,1,0,0,0
0075_neg_0,0,support,1386,1946,0.5247524752475248,1,2,0,1
0075_neg_0,1,support,1261,1247,0.5949367088607594,0,1,0,0
0075_neg_0,2,support,1415,1470,0.6263736263736264,1,1,0,0
0075_neg_0,3,support,1081,987,0.7857142857142857,0,0,0,0
0075_neg_0,4,support,1445,1543,0.5212765957446809,1,1,0,0
0075_neg_0,5,support,1496,1353,0.5842696629213483,1,1,0,0
0075_neg_0,6,support,1451,1507,0.6551724137931034,1,2,0,1
0075_neg_0,7,support,1213,1168,0.55,1,0,0,0
0075_neg_0,8,support,1369,1437,0.6049382716049383,1,1,0,0
0075_neg_0,9,support,1209,1250,0.7857142857142857,0,1,0,1
0075_neg_0,10,support,1597,1653,0.5913978494623656,1,1,0,0
0075_neg_0,11,support,1548,1332,0.6296296296296297,1,1,0,0
0075_neg_0,12,query,1397,1546,0.5287356321839081,1,1,0,0
0075_pos_0,0,support,1226,1360,0.6133333333333333,0,1,0,1
0075_pos_0,1,support,1414,1613,0.504950495049505,1,1,0,0
0075_pos_0,2,support,1126,1123,0.7,0,1,0,1
0075_pos_0,3,support,1444,1247,0.6746987951807228,1,1,0,0
0075_pos_0,4,support,1560,1443,0.651685393258427,1,1,0,0
0075_pos_0,5,support,1477,1313,0.6136363636363636,1,1,0,0
0075_pos_0,6,support,1715,1617,0.5339805825242718,1,1,0,0
0075_pos_0,7,support,1544,1267,0.6666666666666666,1,1,0,0
0075_pos_0,8,support,1217,1350,0.6621621621621622,1,2,0,1
0075_pos_0,9,support,1342,1289,0.6363636363636364,1,2,0,1
0075_pos_0,10,support,1436,1140,0.5975609756097561,1,0,0,0
0075_pos_0,11,support,1537,1401,0.6153846153846154,1,1,0,0
0075_pos_0,12,query,1441,1622,0.5913978494623656,1,1,0,0
0076_neg_0,0,support,1602,1578,0.5487804878048781,0,0,0,0
0076_neg_0,1,support,1023,946,0.6,0,1,0,0
0076_neg_0,2,support,1041,1037,0.5542168674698795,1,1,0,0
0076_neg_0,3,support,862,1073,0.5,0,1,0,0
0076_neg_0,4,support,1144,1277,0.5974025974025974,0,1,0,0
0076_neg_0,5,support,1326,1069,0.4642857142857143,0,1,0,0
0076_neg_0,6,support,895,897,0.6,1,1,0,0
0076_neg_0,7,support,846,949,0.65,1,1,0,0
0076_neg_0,8,support,1001,1431,0.48863636363636365,0,0,0,0
0076_neg_0,9,support,961,941,0.640625,1,1,0,0
0076_neg_0,10,support,1000,863,0.6060606060606061,0,1,0,0
0076_neg_0,11,support,1057,1097,0.4024390243902439,0,1,0,0
0076_neg_0,12,query,1260,1111,0.6455696202531646,1,1,0,0
0076_pos_0,0,support,1139,1108,0.6164383561643836,1,1,0,0
0076_pos_0,1,support,944,1169,0.5056179775280899,1,1,0,0
0076_pos_0,2,support,955,1071,0.5555555555555556,0,1,0,0
0076_pos_0,3,support,1161,1383,0.6571428571428571,0,1,0,0
0076_pos_0,4,support,1101,2208,0.5714285714285714,0,0,0,0
0076_pos_0,5,support,888,946,0.6666666666666666,0,1,0,0
0076_pos_0,6,support,1215,1153,0.6046511627906976,0,1,0,0
0076_pos_0,7,support,866,929,0.5076923076923077,0,1,0,0
0076_pos_0,8,support,896,873,0.5714285714285714,0,1,0,0
0076_pos_0,9,support,944,1229,0.56,0,1,0,0
0076_pos_0,10,support,917,951,0.7241379310344828,0,0,0,0
0076_pos_0,11,support,1189,1130,0.4148936170212766,1,1,0,0
0076_pos_0,12,query,1526,1950,0.5238095238095238,0,0,0,0
0077_neg_0,0,support,1897,1799,0.5555555555555556,1,1,0,0
0077_neg_0,1,support,1875,1679,0.6097560975609756,1,1,0,0
0077_neg_0,2,support,1624,1167,0.8125,1,1,0,0
0077_neg_0,3,support,2108,1794,0.5480769230769231,1,1,0,0
0077_neg_0,4,support,1240,1337,0.7051282051282052,1,1,0,0
0077_neg_0,5,support,1650,1712,0.6235294117647059,1,1,0,0
0077_neg_0,6,support,1944,2216,0.5943396226415094,1,1,0,0
0077_neg_0,7,support,1623,1345,0.6025641025641025,1,1,0,0
0077_neg_0,8,support,1790,2251,0.5463917525773195,1,0,0,0
0077_neg_0,9,support,2094,1702,0.6344086021505376,1,1,0,0
0077_neg_0,10,support,1805,1383,0.5172413793103449,1,1,0,0
0077_neg_0,11,support,1515,1728,0.5617977528089888,1,1,0,0
0077_neg_0,12,query,2125,2780,0.5727272727272728,1,1,0,0
0077_pos_0,0,support,2167,1914,0.6111111111111112,1,1,0,0
0077_pos_0,1,support,1605,1753,0.726027397260274,1,1,0,0
0077_pos_0,2,support,1975,1372,0.4766355140186916,1,1,0,0
0077_pos_0,3,support,1258,1416,0.6829268292682927,1,1,0,0
0077_pos_0,4,support,1925,1859,0.5862068965517241,1,1,0,0
0077_pos_0,5,support,1996,1512,0.5784313725490197,1,1,0,0
0077_pos_0,6,support,2250,2114,0.7528089887640449,1,1,0,0
0077_pos_0,7,support,2143,2331,0.56,1,1,0,0
0077_pos_0,8,support,1335,1624,0.6538461538461539,1,1,0,0
0077_pos_0,9,support,1687,1025,0.35443037974683544,1,1,0,0
0077_pos_0,10,support,1927,1383,0.5145631067961165,1,1,0,0
0077_pos_0,11,support,1826,1573,0.5465116279069767,1,1,0,0
0077_pos_0,12,query,1953,1819,0.5666666666666667,1,1,0,0
0078_neg_0,0,support,986,1326,0.5348837209302325,0,0,0,0
0078_neg_0,1,support,1045,1178,0.5064935064935064,0,0,0,0
0078_neg_0,2,support,859,919,0.59375,0,0,0,0
0078_neg_0,3,support,1001,1205,0.3956043956043956,0,0,0,0
0078_neg_0,4,support,1378,1705,0.46846846846846846,1,1,0,0
0078_neg_0,5,support,1365,1268,0.6578947368421053,1,2,0,1
0078_neg_0,6,support,1505,1647,0.4945054945054945,1,1,0,0
0078_neg_0,7,support,1150,1169,0.5657894736842105,1,1,0,0
0078_neg_0,8,support,1346,1552,0.632183908045977,1,1,0,0
0078_neg_0,9,support,1710,2106,0.6481481481481481,2,1,0,0
0078_neg_0,10,support,979,943,0.5797101449275363,0,0,0,0
0078_neg_0,11,support,1253,1319,0.6024096385542169,1,2,0,1
0078_neg_0,12,query,1492,1464,0.6477272727272727,1,2,0,1
0078_pos_0,0,support,1052,1261,0.581081081081081,0,0,0,0
0078_pos_0,1,support,894,1034,0.7301587301587301,0,0,0,0
0078_pos_0,2,support,1105,951,0.5882352941176471,0,0,0,0
0078_pos_0,3,support,1448,1582,0.5225225225225225,2,1,1,0
0078_pos_0,4,support,1400,1204,0.5769230769230769,1,2,0,1
0078_pos_0,5,support,1364,1370,0.5591397849462365,1,1,0,0
0078_pos_0,6,support,1515,1474,0.6547619047619048,1,2,0,1
0078_pos_0,7,support,1498,1207,0.5301204819277109,1,1,0,0
0078_pos_0,8,support,1173,1116,0.6111111111111112,1,1,0,0
0078_pos_0,9,support,1341,1190,0.5697674418604651,1,1,0,0
0078_pos_0,10,support,1761,1499,0.45871559633027525,2,0,0,0
0078_pos_0,11,support,977,1059,0.676923076923077,0,0,0,0
0078_pos_0,12,query,1149,948,0.6133333333333333,0,0,0,0
0079_neg_0,0,support,1069,1048,0.5897435897435898,1,1,0,0
0079_neg_0,1,support,1062,1023,0.6363636363636364,1,1,0,0
0079_neg_0,2,support,1226,1352,0.7702702702702703,3,2,1,0
0079_neg_0,3,support,843,997,0.6029411764705882,1,1,0,0
0079_neg_0,4,support,1044,1091,0.7121212121212122,1,1,0,0
0079_neg_0,5,support,1041,1245,0.6388888888888888,1,0,0,0
0079_neg_0,6,support,1647,1464,0.6625,1,2,0,1
0079_neg_0,7,support,1586,1606,0.6385542168674698,1,1,0,0
0079_neg_0,8,support,1025,1337,0.6571428571428571,0,1,0,0
0079_neg_0,9,support,896,873,0.640625,1,1,0,0
0079_neg_0,10,support,880,905,0.7833333333333333,1,1,0,0
0079_neg_0,11,support,784,801,0.7307692307692307,1,1,0,0
0079_neg_0,12,query,1495,1264,0.5454545454545454,0,1,0,0
0079_pos_0,0,support,1090,1180,0.5789473684210527,1,1,0,0
0079_pos_0,1,support,1185,1329,0.7361111111111112,1,3,0,1
0079_pos_0,2,support,938,950,0.6515151515151515,1,1,0,0
0079_pos_0,3,support,1056,1151,0.5733333333333334,1,1,0,0
0079_pos_0,4,support,1117,948,0.7213114754098361,1,1,0,0
0079_pos_0,5,support,1486,1523,0.5862068965517241,1,1,0,0
0079_pos_0,6,support,1332,1432,0.6,1,1,0,0
0079_pos_0,7,support,1432,1533,0.6419753086419753,1,2,0,1
0079_pos_0,8,support,1779,1669,0.6136363636363636,1,1,0,0
0079_pos_0,9,support,1009,980,0.5,0,0,0,0
0079_pos_0,10,support,896,873,0.6779661016949152,1,1,0,0
0079_pos_0,11,support,900,840,0.5217391304347826,1,1,0,0
0079_pos_0,12,query,1085,1040,0.6710526315789473,1,1,0,0
0080_neg_0,0,support,776,841,0.7254901960784313,0,0,0,0
0080_neg_0,1,support,1172,904,0.6285714285714286,1,0,0,0
0080_neg_0,2,support,819,887,0.5909090909090909,0,0,0,0
0080_neg_0,3,support,851,871,0.7090909090909091,0,0,0,0
0080_neg_0,4,support,962,1043,0.6612903225806451,0,0,0,0
0080_neg_0,5,support,1175,1412,0.6486486486486487,1,1,0,0
0080_neg_0,6,support,1602,1535,0.5833333333333334,1,1,0,0
0080_neg_0,7,support,1794,1587,0.6413043478260869,1,2,0,1
0080_neg_0,8,support,1643,1404,0.691358024691358,1,1,0,0
0080_neg_0,9,support,684,936,0.6140350877192983,0,1,0,1
0080_neg_0,10,support,1343,1066,0.5802469135802469,1,0,0,0
0080_neg_0,11,support,748,831,0.6428571428571429,0,0,0,0
0080_neg_0,12,query,1381,1558,0.5340909090909091,1,2,0,1
0080_pos_0,0,support,1175,1107,0.5945945945945946,1,0,0,0
0080_pos_0,1,support,819,1088,0.6086956521739131,0,0,0,0
0080_pos_0,2,support,854,842,0.7735849056603774,0,0,0,0
0080_pos_0,3,support,971,901,0.7636363636363637,0,0,0,0
0080_pos_0,4,support,1181,1317,0.6575342465753424,1,1,0,0
0080_pos_0,5,support,1358,1302,0.6578947368421053,1,1,0,0
0080_pos_0,6,support,1362,1465,0.6144578313253012,1,1,0,0
0080_pos_0,7,support,1391,1647,0.5333333333333333,1,1,0,0
0080_pos_0,8,support,1790,1844,0.6020408163265306,1,1,0,0
0080_pos_0,9,support,1761,1672,0.5869565217391305,1,1,0,0
0080_pos_0,10,support,643,766,0.6326530612244898,0,1,0,1
0080_pos_0,11,support,1169,867,0.6666666666666666,1,0,0,0
0080_pos_0,12,query,817,841,0.6727272727272727,0,0,0,0
0081_neg_0,0,support,966,844,0.6029411764705882,0,0,0,0
0081_neg_0,1,support,1074,1044,0.71875,1,1,0,0
0081_neg_0,2,support,1145,1052,0.7101449275362319,1,1,0,0
0081_neg_0,3,support,919,1047,0.6721311475409836,1,1,0,0
0081_neg_0,4,support,938,962,0.6935483870967742,0,0,0,0
0081_neg_0,5,support,988,1176,0.5176470588235295,0,0,0,0
0081_neg_0,6,support,1623,1377,0.5631067961165048,1,1,0,0
0081_neg_0,7,support,1702,1531,0.6455696202531646,1,1,0,0
0081_neg_0,8,support,1297,1172,0.6164383561643836,1,1,0,0
0081_neg_0,9,support,1298,1094,0.5066666666666667,1,0,0,0
0081_neg_0,10,support,1554,1505,0.6705882352941176,1,1,0,0
0081_neg_0,11,support,1636,1567,0.6022727272727273,1,1,0,0
0081_neg_0,12,query,1775,1938,0.5504587155963303,1,1,0,0
0081_pos_0,0,support,1229,1424,0.5662650602409639,0,1,0,0
0081_pos_0,1,support,1098,1339,0.5595238095238095,1,1,0,0
0081_pos_0,2,support,950,1031,0.7142857142857143,1,1,0,0
0081_pos_0,3,support,1006,1042,0.6301369863013698,0,1,0,1
0081_pos_0,4,support,1005,1279,0.5897435897435898,0,1,0,0
0081_pos_0,5,support,1404,1792,0.5,1,1,0,0
0081_pos_0,6,support,1622,1878,0.5784313725490197,1,1,0,0
0081_pos_0,7,support,1620,1515,0.64,1,2,0,1
0081_pos_0,8,support,1743,1546,0.6666666666666666,1,1,0,0
0081_pos_0,9,support,1308,1195,0.48936170212765956,1,1,0,0
0081_pos_0,10,support,1315,970,0.6935483870967742,1,0,0,0
0081_pos_0,11,support,1610,1484,0.6818181818181818,1,1,0,0
0081_pos_0,12,query,871,853,0.5555555555555556,0,0,0,0
0082_neg_0,0,support,1500,1421,0.6883116883116883,1,1,0,0
0082_neg_0,1,support,1049,1333,0.6153846153846154,1,1,0,0
0082_neg_0,2,support,1045,1046,0.746268656716418,1,1,0,0
0082_neg_0,3,support,1018,1137,0.7301587301587301,1,1,0,0
0082_neg_0,4,support,1383,1301,0.573170731707317,1,1,0,0
0082_neg_0,5,support,1152,1232,0.6376811594202898,1,1,0,0
0082_neg_0,6,support,1248,1142,0.6533333333333333,1,1,0,0
0082_neg_0,7,support,1440,1475,0.5769230769230769,0,2,0,1
0082_neg_0,8,support,1881,1729,0.6382978723404256,1,1,0,0
0082_neg_0,9,support,1299,1432,0.5232558139534884,1,1,0,0
0082_neg_0,10,support,1126,1303,0.5833333333333334,1,1,0,0
0082_neg_0,11,support,1183,1236,0.6470588235294118,1,2,0,1
0082_neg_0,12,query,1337,1356,0.5333333333333333,1,2,0,1
0082_pos_0,0,support,1102,1432,0.5662650602409639,1,1,0,0
0082_pos_0,1,support,1072,1372,0.6712328767123288,1,0,0,0
0082_pos_0,2,support,1032,1127,0.6268656716417911,1,2,0,1
0082_pos_0,3,support,1432,1398,0.6103896103896104,1,2,0,1
0082_pos_0,4,support,1222,1352,0.625,1,1,0,0
0082_pos_0,5,support,1588,1534,0.5376344086021505,1,1,0,0
0082_pos_0,6,support,1296,1356,0.6455696202531646,1,1,0,0
0082_pos_0,7,support,1126,1175,0.6216216216216216,1,1,0,0
0082_pos_0,8,support,1352,1545,0.569620253164557,1,2,0,1
0082_pos_0,9,support,1897,1740,0.5520833333333334,1,1,0,0
0082_pos_0,10,support,1504,1299,0.5208333333333334,1,1,0,0
0082_pos_0,11,support,1160,1194,0.676056338028169,1,1,0,0
0082_pos_0,12,query,1594,1511,0.47474747474747475,1,1,0,0
0083_neg_0,0,support,1128,1190,0.6825396825396826,1,1,0,0
0083_neg_0,1,support,1305,1427,0.6986301369863014,1,1,0,0
0083_neg_0,2,support,1144,1115,0.803030303030303,1,1,0,0
0083_neg_0,3,support,1309,1399,0.6666666666666666,1,1,0,0
0083_neg_0,4,support,1528,1836,0.5274725274725275,1,1,0,0
0083_neg_0,5,support,1855,2069,0.525,1,1,0,0
0083_neg_0,6,support,1632,1768,0.5454545454545454,1,1,0,0
0083_neg_0,7,support,891,935,0.9148936170212766,1,1,0,0
0083_neg_0,8,support,1360,1315,0.6911764705882353,1,1,0,0
0083_neg_0,9,support,1882,1981,0.4895833333333333,1,1,0,0
0083_neg_0,10,support,1474,1421,0.6025641025641025,1,1,0,0
0083_neg_0,11,support,1063,1377,0.676056338028169,1,1,0,0
0083_neg_0,12,query,1460,1701,0.5208333333333334,0,1,0,0
0083_pos_0,0,support,1382,1231,0.6375,1,1,0,0
0083_pos_0,1,support,1104,1399,0.6282051282051282,1,1,0,0
0083_pos_0,2,support,1320,1273,0.6176470588235294,0,1,0,0
0083_pos_0,3,support,1527,1476,0.6621621621621622,1,1,0,0
0083_pos_0,4,support,1834,1994,0.49411764705882355,1,1,0,0
0083_pos_0,5,support,1376,1293,0.7,1,1,0,0
0083_pos_0,6,support,1532,1633,0.5578947368421052,0,0,0,0
0083_pos_0,7,support,1640,2376,0.5058823529411764,1,1,0,0
0083_pos_0,8,support,891,1077,0.7142857142857143,1,1,0,0
0083_pos_0,9,support,1238,1367,0.7619047619047619,1,1,0,0
0083_pos_0,10,support,1884,1473,0.5897435897435898,1,1,0,0
0083_pos_0,11,support,1474,1209,0.5526315789473685,1,1,0,0
0083_pos_0,12,query,1178,1277,0.6612903225806451,1,1,0,0
0084_neg_0,0,support,1184,1575,0.5760869565217391,1,1,0,0
0084_neg_0,1,support,997,1074,0.7727272727272727,1,1,0,0
0084_neg_0,2,support,1272,1287,0.6282051282051282,1,1,0,0
0084_neg_0,3,support,1168,1294,0.5375,1,1,0,0
0084_neg_0,4,support,1289,1210,0.7391304347826086,1,1,0,0
0084_neg_0,5,support,1204,1364,0.7,1,1,0,0
0084_neg_0,6,support,1205,1033,0.6447368421052632,1,1,0,0
0084_neg_0,7,support,1138,911,0.6231884057971014,0,1,0,0
0084_neg_0,8,support,1357,1120,0.6164383561643836,1,1,0,0
0084_neg_0,9,support,1166,1015,0.7058823529411765,1,1,0,0
0084_neg_0,10,support,1231,1083,0.6438356164383562,1,1,0,0
0084_neg_0,11,support,1355,1308,0.704225352112676,1,1,0,0
0084_neg_0,12,query,1077,1207,0.6153846153846154,1,1,0,0
0084_pos_0,0,support,998,1114,0.7183098591549296,1,1,0,0
0084_pos_0,1,support,1195,1297,0.6712328767123288,1,1,0,0
0084_pos_0,2,support,1185,1340,0.5569620253164557,1,1,0,0
0084_pos_0,3,support,1297,1445,0.573170731707317,1,1,0,0
0084_pos_0,4,support,1241,1046,0.7121212121212122,1,1,0,0
0084_pos_0,5,support,1664,1488,0.6195652173913043,1,1,0,0
0084_pos_0,6,support,1078,1167,0.647887323943662,1,1,0,0
0084_pos_0,7,support,1230,1267,0.618421052631579,1,1,0,0
0084_pos_0,8,support,824,858,0.6842105263157895,0,1,0,0
0084_pos_0,9,support,1357,1154,0.5789473684210527,1,1,0,0
0084_pos_0,10,support,1175,1328,0.5949367088607594,1,1,0,0
0084_pos_0,11,support,1183,1055,0.6571428571428571,1,1,0,0
0084_pos_0,12,query,1221,1296,0.7941176470588235,1,1,0,0
0085_neg_0,0,support,1877,1730,0.6436781609195402,1,1,0,0
0085_neg_0,1,support,1198,1289,0.5168539325842697,1,1,0,0
0085_neg_0,2,support,1281,1584,0.5949367088607594,1,1,0,0
0085_neg_0,3,support,1330,1406,0.7428571428571429,1,1,0,0
0085_neg_0,4,support,1532,1653,0.5393258426966292,1,1,0,0
0085_neg_0,5,support,1679,2233,0.55,1,1,0,0
0085_neg_0,6,support,1375,1500,0.5494505494505495,1,1,0,0
0085_neg_0,7,support,1196,1149,0.6231884057971014,1,1,0,0
0085_neg_0,8,support,1541,1405,0.5897435897435898,1,1,0,0
0085_neg_0,9,support,1420,1322,0.575,1,1,0,0
0085_neg_0,10,support,1696,1709,0.5698924731182796,1,1,0,0
0085_neg_0,11,support,2015,1155,0.6363636363636364,1,1,0,0
0085_neg_0,12,query,964,1097,0.5223880597014925,0,1,0,0
0085_pos_0,0,support,1176,1586,0.5568181818181818,1,1,0,0
0085_pos_0,1,support,1275,1443,0.6111111111111112,1,1,0,0
0085_pos_0,2,support,1377,1748,0.59375,1,1,0,0
0085_pos_0,3,support,1402,1448,0.5232558139534884,1,1,0,0
0085_pos_0,4,support,1700,1812,0.5625,1,1,0,0
0085_pos_0,5,support,1076,974,0.5142857142857142,1,1,0,0
0085_pos_0,6,support,966,956,0.5571428571428572,0,1,0,0
0085_pos_0,7,support,1362,1236,0.5301204819277109,1,1,0,0
0085_pos_0,8,support,1128,1204,0.6615384615384615,1,0,0,0
0085_pos_0,9,support,1515,1334,0.5411764705882353,1,1,0,0
0085_pos_0,10,support,1402,1660,0.5730337078651685,1,1,0,0
0085_pos_0,11,support,1723,1854,0.5742574257425742,1,2,0,1
0085_pos_0,12,query,1813,1519,0.5930232558139535,1,1,0,0
0086_neg_0,0,support,961,948,0.6785714285714286,1,1,0,0
0086_neg_0,1,support,1374,1860,0.6375,1,1,0,0
0086_neg_0,2,support,882,913,0.7586206896551724,0,0,0,0
0086_neg_0,3,support,1519,1250,0.5844155844155844,0,1,0,0
0086_neg_0,4,support,2091,1825,0.5294117647058824,1,1,0,0
0086_neg_0,5,support,1215,1335,0.6805555555555556,1,1,0,0
0086_neg_0,6,support,1034,1165,0.5833333333333334,1,1,0,0
0086_neg_0,7,support,1032,909,0.5538461538461539,1,1,0,0
0086_neg_0,8,support,1191,1151,0.7647058823529411,1,0,0,0
0086_neg_0,9,support,1093,1303,0.525,1,1,0,0
0086_neg_0,10,support,1111,1086,0.7384615384615385,1,1,0,0
0086_neg_0,11,support,1142,1260,0.6857142857142857,0,0,0,0
0086_neg_0,12,query,1297,1608,0.4891304347826087,2,2,1,1
0086_pos_0,0,support,1348,1520,0.5866666666666667,1,0,0,0
0086_pos_0,1,support,853,856,0.7017543859649122,0,1,0,0
0086_pos_0,2,support,1436,1551,0.5411764705882353,0,1,0,0
0086_pos_0,3,support,2066,2006,0.5656565656565656,1,1,0,0
0086_pos_0,4,support,1315,1274,0.5,1,1,0,0
0086_pos_0,5,support,1389,1402,0.620253164556962,0,0,0,0
0086_pos_0,6,support,1300,1443,0.48314606741573035,2,2,1,1
0086_pos_0,7,support,1239,1304,0.6493506493506493,1,1,0,0
0086_pos_0,8,support,1205,893,0.44871794871794873,1,1,0,0
0086_pos_0,9,support,1199,942,0.75,1,1,0,0
0086_pos_0,10,support,1122,1040,0.75,1,1,0,0
0086_pos_0,11,support,978,1042,0.6119402985074627,0,1,0,0
0086_pos_0,12,query,946,992,0.7090909090909091,1,1,0,0
0087_neg_0,0,support,2313,2645,0.5495495495495496,1,1,0,0
0087_neg_0,1,support,2064,2272,0.5545454545454546,1,1,0,0
0087_neg_0,2,support,2074,2269,0.4090909090909091,1,1,0,0
0087_neg_0,3,support,2443,1931,0.7402597402597403,1,1,0,0
0087_neg_0,4,support,1900,2160,0.5196078431372549,1,1,0,0
0087_neg_0,5,support,1607,1769,0.6923076923076923,0,1,0,0
0087_neg_0,6,support,1860,2039,0.5882352941176471,1,1,0,0
0087_neg_0,7,support,1252,1317,0.7205882352941176,0,0,0,0
0087_neg_0,8,support,1262,1363,0.5277777777777778,1,1,0,0
0087_neg_0,9,support,2283,1966,0.543859649122807,1,1,0,0
0087_neg_0,10,support,1496,1481,0.5974025974025974,2,1,1,0
0087_neg_0,11,support,3832,3451,0.6534653465346535,1,0,0,0
0087_neg_0,12,query,2308,1592,0.5051546391752577,1,1,0,0
0087_pos_0,0,support,2025,2269,0.3779527559055118,1,1,0,0
0087_pos_0,1,support,2151,2202,0.45528455284552843,1,1,0,0
0087_pos_0,2,support,2237,2307,0.6309523809523809,1,1,0,0
0087_pos_0,3,support,2094,1759,0.5568181818181818,1,1,0,0
0087_pos_0,4,support,2040,2117,0.5656565656565656,1,1,0,0
0087_pos_0,5,support,2203,1259,0.37142857142857144,1,1,0,0
0087_pos_0,6,support,2007,1720,0.6153846153846154,1,1,0,0
0087_pos_0,7,support,1950,1565,0.5643564356435643,1,1,0,0
0087_pos_0,8,support,1288,1023,0.6285714285714286,1,1,0,0
0087_pos_0,9,support,977,1078,0.5064935064935064,1,1,0,0
0087_pos_0,10,support,2083,1907,0.58,1,1,0,0
0087_pos_0,11,support,1700,1580,0.625,1,1,0,0
0087_pos_0,12,query,1833,2420,0.5188679245283019,1,1,0,0
0088_neg_0,0,support,1330,1325,0.7205882352941176,1,2,0,1
0088_neg_0,1,support,1471,1431,0.6463414634146342,2,2,1,1
0088_neg_0,2,support,1195,1052,0.7571428571428571,1,1,0,0
0088_neg_0,3,support,1314,1206,0.6309523809523809,1,1,0,0
0088_neg_0,4,support,1535,1509,0.6190476190476191,1,1,0,0
0088_neg_0,5,support,1410,1703,0.675,1,2,0,1
0088_neg_0,6,support,1771,1743,0.5567010309278351,1,0,0,0
0088_neg_0,7,support,1434,1418,0.5773195876288659,1,1,0,0
0088_neg_0,8,support,1921,2009,0.5104166666666666,1,2,0,1
0088_neg_0,9,support,1100,938,0.5555555555555556,0,1,0,0
0088_neg_0,10,support,1598,1256,0.6666666666666666,1,1,0,0
0088_neg_0,11,support,1315,1419,0.6790123456790124,1,1,0,0
0088_neg_0,12,query,1367,999,0.625,1,0,0,0
0088_pos_0,0,support,1448,1434,0.6923076923076923,1,1,0,0
0088_pos_0,1,support,1142,1014,0.746268656716418,1,1,0,0
0088_pos_0,2,support,1299,1266,0.5909090909090909,1,1,0,0
0088_pos_0,3,support,1518,1646,0.6625,1,1,0,0
0088_pos_0,4,support,1329,1643,0.5444444444444444,1,2,0,1
0088_pos_0,5,support,1697,1730,0.5784313725490197,1,1,0,0
0088_pos_0,6,support,1556,1169,0.525,1,0,0,0
0088_pos_0,7,support,1528,1661,0.5952380952380952,1,1,0,0
0088_pos_0,8,support,1327,1374,0.6222222222222222,1,1,0,0
0088_pos_0,9,support,1853,1753,0.6547619047619048,1,2,0,1
0088_pos_0,10,support,1208,982,0.47560975609756095,0,1,0,0
0088_pos_0,11,support,1276,1129,0.6621621621621622,1,1,0,0
0088_pos_0,12,query,1337,1587,0.6707317073170732,1,2,0,1
0089_neg_0,0,support,1287,1758,0.4423076923076923,1,2,0,1
0089_neg_0,1,support,1603,1454,0.5647058823529412,2,3,0,1
0089_neg_0,2,support,1330,1686,0.5882352941176471,1,1,0,0
0089_neg_0,3,support,1118,1167,0.684931506849315,1,1,0,0
0089_neg_0,4,support,1524,1714,0.42727272727272725,1,3,0,1
0089_neg_0,5,support,1140,1282,0.6071428571428571,1,1,0,0
0089_neg_0,6,support,1254,1172,0.6888888888888889,1,2,0,1
0089_neg_0,7,support,1396,1037,0.6944444444444444,1,2,0,0
0089_neg_0,8,support,1866,1312,0.5520833333333334,1,1,0,0
0089_neg_0,9,support,1350,1109,0.676056338028169,0,1,0,0
0089_neg_0,10,support,1212,1319,0.7341772151898734,2,2,1,1
0089_neg_0,11,support,1402,1649,0.5402298850574713,2,2,0,1
0089_neg_0,12,query,1180,1188,0.8153846153846154,0,2,0,1
0089_pos_0,0,support,1615,1469,0.5157894736842106,2,2,0,0
0089_pos_0,1,support,1330,1530,0.5647058823529412,1,2,0,1
0089_pos_0,2,support,1125,1036,0.7936507936507936,1,1,0,0
0089_pos_0,3,support,1544,1571,0.4948453608247423,1,1,0,0
0089_pos_0,4,support,1143,1028,0.7428571428571429,1,1,0,0
0089_pos_0,5,support,1719,1800,0.7241379310344828,1,1,0,0
0089_pos_0,6,support,1191,1173,0.6301369863013698,0,2,0,1
0089_pos_0,7,support,1256,1262,0.6470588235294118,1,1,0,0
0089_pos_0,8,support,1129,1239,0.7391304347826086,1,2,0,1
0089_pos_0,9,support,1959,1203,0.5306122448979592,1,2,0,1
0089_pos_0,10,support,1353,1298,0.8,0,0,0,0
0089_pos_0,11,support,1191,1192,0.5476190476190477,2,2,1,1
0089_pos_0,12,query,1728,1650,0.5625,1,2,0,1
0090_neg_0,0,support,1555,1604,0.5578947368421052,2,1,1,0
0090_neg_0,1,support,1296,1154,0.5333333333333333,1,1,0,0
0090_neg_0,2,support,929,928,0.6825396825396826,0,2,0,1
0090_neg_0,3,support,1215,1220,0.6463414634146342,2,1,1,0
0090_neg_0,4,support,944,942,0.6363636363636364,1,1,0,0
0090_neg_0,5,support,1327,1291,0.6794871794871795,1,1,0,0
0090_neg_0,6,support,1282,1243,0.7391304347826086,1,1,0,0
0090_neg_0,7,support,1125,1043,0.7538461538461538,1,1,0,0
0090_neg_0,8,support,889,828,0.7543859649122807,0,1,0,1
0090_neg_0,9,support,1472,1116,0.5465116279069767,1,2,0,1
0090_neg_0,10,support,1023,1053,0.6049382716049383,0,0,0,0
0090_neg_0,11,support,768,886,0.6551724137931034,1,1,0,0
0090_neg_0,12,query,1060,1245,0.5844155844155844,0,1,0,0
0090_pos_0,0,support,1136,1213,0.5875,1,1,0,0
0090_pos_0,1,support,943,838,0.8035714285714286,0,0,0,0
0090_pos_0,2,support,1172,1276,0.6666666666666666,1,1,0,0
0090_pos_0,3,support,895,962,0.5846153846153846,1,1,0,0
0090_pos_0,4,support,1304,1338,0.7916666666666666,1,1,0,0
0090_pos_0,5,support,1355,1429,0.6842105263157895,1,1,0,0
0090_pos_0,6,support,1072,1270,0.56,0,2,0,1
0090_pos_0,7,support,1282,1091,0.6714285714285714,1,2,0,1
0090_pos_0,8,support,1154,1187,0.7123287671232876,2,1,1,0
0090_pos_0,9,support,838,789,0.82,0,1,0,1
0090_pos_0,10,support,1213,1424,0.48,1,2,0,1
0090_pos_0,11,support,1022,1175,0.5402298850574713,0,1,0,1
0090_pos_0,12,query,1665,1710,0.7078651685393258,1,2,0,1
0091_neg_0,0,support,1233,1403,0.5098039215686274,2,2,0,1
0091_neg_0,1,support,1034,1104,0.5529411764705883,0,0,0,0
0091_neg_0,2,support,1061,1318,0.7101449275362319,1,1,0,0
0091_neg_0,3,support,1046,849,0.6417910447761194,1,0,0,0
0091_neg_0,4,support,1148,1106,0.6756756756756757,2,1,1,0
0091_neg_0,5,support,760,854,0.6607142857142857,0,1,0,0
0091_neg_0,6,support,798,880,0.8043478260869565,1,1,0,0
0091_neg_0,7,support,1180,1255,0.6212121212121212,1,1,0,0
0091_neg_0,8,support,748,861,0.7358490566037735,0,1,0,0
0091_neg_0,9,support,815,834,0.7307692307692307,0,1,0,0
0091_neg_0,10,support,1418,1313,0.6304347826086957,2,2,0,1
0091_neg_0,11,support,846,985,0.6825396825396826,0,1,0,0
0091_neg_0,12,query,1134,1344,0.6388888888888888,0,1,0,0
0091_pos_0,0,support,1077,1047,0.6266666666666667,0,1,0,1
0091_pos_0,1,support,1035,1252,0.7164179104477612,1,1,0,0
0091_pos_0,2,support,917,919,0.7166666666666667,0,0,0,0
0091_pos_0,3,support,1116,1304,0.6024096385542169,1,2,0,1
0091_pos_0,4,support,763,801,0.5862068965517241,0,1,0,0
0091_pos_0,5,support,1198,1239,0.7397260273972602,1,1,0,0
0091_pos_0,6,support,1019,1160,0.6231884057971014,0,1,0,0
0091_pos_0,7,support,798,851,0.7916666666666666,1,1,0,0
0091_pos_0,8,support,1191,1119,0.5833333333333334,1,1,0,0
0091_pos_0,9,support,773,920,0.6727272727272727,0,0,0,0
0091_pos_0,10,support,786,899,0.6428571428571429,0,1,0,0
0091_pos_0,11,support,1489,1345,0.5894736842105263,2,2,0,1
0091_pos_0,12,query,1355,1212,0.5212765957446809,1,3,0,1
0092_neg_0,0,support,925,1146,0.4367816091954023,1,1,0,0
0092_neg_0,1,support,1046,1170,0.5675675675675675,0,1,0,0
0092_neg_0,2,support,1600,1329,0.5647058823529412,1,1,0,0
0092_neg_0,3,support,1273,1342,0.5769230769230769,1,1,0,0
0092_neg_0,4,support,888,899,0.5932203389830508,1,1,0,0
0092_neg_0,5,support,1055,1702,0.45161290322580644,1,0,0,0
0092_neg_0,6,support,1278,1518,0.573170731707317,1,1,0,0
0092_neg_0,7,support,1842,1867,0.6206896551724138,1,1,0,0
0092_neg_0,8,support,933,1106,0.609375,1,1,0,0
0092_neg_0,9,support,864,1096,0.6119402985074627,0,0,0,0
0092_neg_0,10,support,983,1285,0.4823529411764706,0,1,0,0
0092_neg_0,11,support,820,828,0.75,1,1,0,0
0092_neg_0,12,query,1441,1169,0.37037037037037035,1,0,0,0
0092_pos_0,0,support,992,1098,0.5789473684210527,0,1,0,0
0092_pos_0,1,support,1772,1699,0.6753246753246753,1,1,0,0
0092_pos_0,2,support,1332,1210,0.5285714285714286,1,0,0,0
0092_pos_0,3,support,899,1006,0.6190476190476191,1,1,0,0
0092_pos_0,4,support,1011,1982,0.5113636363636364,1,1,0,0
0092_pos_0,5,support,1840,2096,0.5544554455445545,1,1,0,0
0092_pos_0,6,support,1401,1302,0.32558139534883723,1,2,0,0
0092_pos_0,7,support,1271,1186,0.6233766233766234,1,0,0,0
0092_pos_0,8,support,1788,1752,0.5909090909090909,1,2,0,1
0092_pos_0,9,support,960,966,0.6029411764705882,1,0,0,0
0092_pos_0,10,support,868,881,0.5666666666666667,0,1,0,0
0092_pos_0,11,support,1008,1112,0.5454545454545454,0,0,0,0
0092_pos_0,12,query,1477,2245,0.4166666666666667,1,1,0,0
0093_neg_0,0,support,1010,1226,0.6710526315789473,1,1,0,0
0093_neg_0,1,support,1137,1316,0.5,1,1,0,0
0093_neg_0,2,support,976,1029,0.5569620253164557,1,1,0,0
0093_neg_0,3,support,1090,1242,0.5365853658536586,1,1,0,0
0093_neg_0,4,support,1395,1207,0.7333333333333333,1,1,0,0
0093_neg_0,5,support,1339,1682,0.5921052631578947,0,1,0,0
0093_neg_0,6,support,1489,1469,0.6666666666666666,1,1,0,0
0093_neg_0,7,support,1289,1468,0.6292134831460674,1,1,0,0
0093_neg_0,8,support,1409,1481,0.5466666666666666,0,1,0,0
0093_neg_0,9,support,1753,1753,0.5,1,1,0,0
0093_neg_0,10,support,1333,1033,0.6571428571428571,1,1,0,0
0093_neg_0,11,support,1091,1364,0.7230769230769231,1,1,0,0
0093_neg_0,12,query,1419,1360,0.7941176470588235,1,1,0,0
0093_pos_0,0,support,1117,1372,0.5802469135802469,1,1,0,0
0093_pos_0,1,support,1005,1291,0.6619718309859155,1,1,0,0
0093_pos_0,2,support,1074,1291,0.49411764705882355,1,1,0,0
0093_pos_0,3,support,1456,1628,0.5048543689320388,1,1,0,0
0093_pos_0,4,support,1298,1529,0.5757575757575758,0,1,0,0
0093_pos_0,5,support,1034,1527,0.5425531914893617,1,1,0,0
0093_pos_0,6,support,1351,1402,0.6891891891891891,1,1,0,0
0093_pos_0,7,support,1511,1255,0.6309523809523809,1,1,0,0
0093_pos_0,8,support,1291,1258,0.5747126436781609,1,1,0,0
0093_pos_0,9,support,1432,1424,0.704225352112676,1,1,0,0
0093_pos_0,10,support,1766,1740,0.5154639175257731,1,1,0,0
0093_pos_0,11,support,1387,1190,0.5301204819277109,1,1,0,0
0093_pos_0,12,query,1104,1226,0.6049382716049383,1,1,0,0
0094_neg_0,0,support,1274,1381,0.5517241379310345,1,2,0,1
0094_neg_0,1,support,1404,1198,0.6666666666666666,1,0,0,0
0094_neg_0,2,support,1605,1795,0.54,1,2,0,1
0094_neg_0,3,support,1300,1317,0.6,1,1,0,0
0094_neg_0,4,support,1233,1725,0.550561797752809,1,1,0,0
0094_neg_0,5,support,1647,1647,0.5142857142857142,1,2,0,1
0094_neg_0,6,support,1297,1389,0.6794871794871795,1,2,0,1
0094_neg_0,7,support,1472,2152,0.43119266055045874,1,1,0,0
0094_neg_0,8,support,2473,2548,0.5945945945945946,1,1,0,0
0094_neg_0,9,support,1966,1287,0.6046511627906976,1,1,0,0
0094_neg_0,10,support,1345,1465,0.5434782608695652,1,2,0,1
0094_neg_0,11,support,1472,1914,0.53,1,2,0,1
0094_neg_0,12,query,1338,1300,0.49,1,2,0,1
0094_pos_0,0,support,1484,1382,0.6470588235294118,1,1,0,0
0094_pos_0,1,support,1698,1200,0.6582278481012658,1,1,0,0
0094_pos_0,2,support,1373,1267,0.6575342465753424,1,1,0,0
0094_pos_0,3,support,1362,1619,0.5257731958762887,1,1,0,0
0094_pos_0,4,support,1608,1247,0.6477272727272727,1,2,0,1
0094_pos_0,5,support,2210,1142,0.5952380952380952,1,2,0,1
0094_pos_0,6,support,1356,1554,0.5955056179775281,1,2,0,1
0094_pos_0,7,support,1412,1374,0.6428571428571429,1,2,0,1
0094_pos_0,8,support,1607,1609,0.5959595959595959,1,2,0,1
0094_pos_0,9,support,2298,2202,0.7303370786516854,1,2,0,1
0094_pos_0,10,support,1939,1180,0.5402298850574713,1,2,0,1
0094_pos_0,11,support,1439,1802,0.5471698113207547,1,3,0,1
0094_pos_0,12,query,1244,1331,0.6794871794871795,1,2,0,1
0095_neg_0,0,support,1115,1129,0.6805555555555556,2,2,1,1
0095_neg_0,1,support,1303,1622,0.5327102803738317,1,1,0,0
0095_neg_0,2,support,2147,1882,0.6428571428571429,1,2,0,1
0095_neg_0,3,support,2044,1446,0.5806451612903226,1,1,0,0
0095_neg_0,4,support,2001,1728,0.5,1,2,0,1
0095_neg_0,5,support,1400,1504,0.7023809523809523,1,2,0,1
0095_neg_0,6,support,1891,1600,0.5,1,2,0,1
0095_neg_0,7,support,1750,1297,0.6043956043956044,1,2,0,1
0095_neg_0,8,support,1247,1434,0.5212765957446809,1,1,0,0
0095_neg_0,9,support,2129,1394,0.5922330097087378,1,1,0,0
0095_neg_0,10,support,1308,1195,0.6805555555555556,1,2,0,1
0095_neg_0,11,support,1458,1518,0.6195652173913043,1,1,0,0
0095_neg_0,12,query,1537,1984,0.4298245614035088,1,2,0,1
0095_pos_0,0,support,1320,1566,0.5959595959595959,1,1,0,0
0095_pos_0,1,support,2154,1727,0.5673076923076923,1,1,0,0
0095_pos_0,2,support,1889,1495,0.5841584158415841,1,1,0,0
0095_pos_0,3,support,1488,1655,0.5272727272727272,1,2,0,1
0095_pos_0,4,support,1422,1835,0.4666666666666667,1,2,0,1
0095_pos_0,5,support,1298,1588,0.5196078431372549,1,2,0,1
0095_pos_0,6,support,1439,1796,0.52,1,2,0,1
0095_pos_0,7,support,1739,1534,0.5851063829787234,1,1,0,0
0095_pos_0,8,support,1525,1397,0.49038461538461536,1,1,0,0
0095_pos_0,9,support,1407,1570,0.6276595744680851,1,1,0,0
0095_pos_0,10,support,2111,1806,0.48598130841121495,1,2,0,1
0095_pos_0,11,support,1435,1263,0.5595238095238095,1,2,0,1
0095_pos_0,12,query,1141,1191,0.6575342465753424,1,2,0,1
0096_neg_0,0,support,1144,1208,0.581081081081081,0,1,0,0
0096_neg_0,1,support,2212,1268,0.46835443037974683,0,1,0,0
0096_neg_0,2,support,1249,1118,0.56,0,1,0,0
0096_neg_0,3,support,1050,1160,0.4523809523809524,0,1,0,0
0096_neg_0,4,support,1347,1401,0.45918367346938777,1,1,0,0
0096_neg_0,5,support,2109,1939,0.6666666666666666,1,1,0,0
0096_neg_0,6,support,846,974,0.639344262295082,0,1,0,0
0096_neg_0,7,support,1448,1086,0.5568181818181818,1,1,0,0
0096_neg_0,8,support,2035,2378,0.5581395348837209,1,1,0,0
0096_neg_0,9,support,984,1086,0.7,1,1,0,0
0096_neg_0,10,support,1597,1606,0.5555555555555556,1,1,0,0
0096_neg_0,11,support,965,1115,0.7049180327868853,1,1,0,0
0096_neg_0,12,query,1131,1304,0.5591397849462365,1,1,0,0
0096_pos_0,0,support,2016,1231,0.7049180327868853,1,1,0,0
0096_pos_0,1,support,1263,1175,0.5,0,1,0,0
0096_pos_0,2,support,1110,1169,0.5697674418604651,0,1,0,0
0096_pos_0,3,support,1428,1104,0.5609756097560976,1,1,0,0
0096_pos_0,4,support,1827,1059,0.7142857142857143,1,1,0,0
0096_pos_0,5,support,951,1504,0.4939759036144578,0,0,0,0
0096_pos_0,6,support,1522,1134,0.5822784810126582,1,1,0,0
0096_pos_0,7,support,874,977,0.6607142857142857,0,1,0,0
0096_pos_0,8,support,1195,1425,0.5897435897435898,1,1,0,0
0096_pos_0,9,support,903,1848,0.5189873417721519,1,1,0,0
0096_pos_0,10,support,1037,1085,0.6575342465753424,1,1,0,0
0096_pos_0,11,support,1554,1445,0.611764705882353,1,1,0,0
0096_pos_0,12,query,1177,961,0.5,0,0,0,0
0097_neg_0,0,support,1377,1152,0.5,0,1,0,0
0097_neg_0,1,support,893,1076,0.7755102040816326,1,1,0,0
0097_neg_0,2,support,1149,1167,0.6521739130434783,1,0,0,0
0097_neg_0,3,support,1225,1091,0.671875,1,1,0,0
0097_neg_0,4,support,1019,1138,0.547945205479452,1,1,0,0
0097_neg_0,5,support,1093,937,0.6491228070175439,1,1,0,0
0097_neg_0,6,support,2089,1851,0.6153846153846154,0,1,0,0
0097_neg_0,7,support,791,893,0.639344262295082,1,1,0,0
0097_neg_0,8,support,1058,1230,0.5595238095238095,1,1,0,0
0097_neg_0,9,support,1855,2060,0.68,0,1,0,0
0097_neg_0,10,support,941,1020,0.5526315789473685,1,1,0,0
0097_neg_0,11,support,1084,1075,0.5333333333333333,0,1,0,0
0097_neg_0,12,query,1567,1491,0.5113636363636364,0,1,0,0
0097_pos_0,0,support,900,918,0.6538461538461539,1,1,0,0
0097_pos_0,1,support,1269,1138,0.6268656716417911,1,1,0,0
0097_pos_0,2,support,1199,988,0.8135593220338984,1,1,0,0
0097_pos_0,3,support,1088,1277,0.734375,1,1,0,0
0097_pos_0,4,support,1098,884,0.6779661016949152,1,1,0,0
0097_pos_0,5,support,1808,2223,0.6176470588235294,1,1,0,0
0097_pos_0,6,support,1555,1292,0.6533333333333333,0,1,0,0
0097_pos_0,7,support,1705,2127,0.6266666666666667,0,1,0,0
0097_pos_0,8,support,933,895,0.7096774193548387,0,0,0,0
0097_pos_0,9,support,993,1251,0.7391304347826086,1,1,0,0
0097_pos_0,10,support,1955,2288,0.4725274725274725,0,1,0,0
0097_pos_0,11,support,904,899,0.6785714285714286,1,1,0,0
0097_pos_0,12,query,1355,1254,0.6271186440677966,0,1,0,0
0098_neg_0,0,support,1329,1269,0.48314606741573035,1,2,0,1
0098_neg_0,1,support,1060,1197,0.4838709677419355,1,0,0,0
0098_neg_0,2,support,1610,1647,0.625,1,2,0,1
0098_neg_0,3,support,1355,1082,0.5111111111111111,1,1,0,0
0098_neg_0,4,support,1930,1905,0.4636363636363636,1,1,0,0
0098_neg_0,5,support,1211,1415,0.4891304347826087,1,2,0,1
0098_neg_0,6,support,1291,951,0.5466666666666666,1,1,0,1
0098_neg_0,7,support,1599,1562,0.4732142857142857,1,1,0,0
0098_neg_0,8,support,1187,1387,0.6538461538461539,1,1,0,0
0098_neg_0,9,support,1299,1025,0.5058823529411764,1,1,0,0
0098_neg_0,10,support,1015,1067,0.5897435897435898,0,1,0,1
0098_neg_0,11,support,1212,1219,0.6292134831460674,1,1,0,0
0098_neg_0,12,query,1251,1281,0.6627906976744186,1,2,0,1
0098_pos_0,0,support,1060,1182,0.5172413793103449,1,1,0,1
0098_pos_0,1,support,1560,1545,0.6222222222222222,1,1,0,0
0098_pos_0,2,support,1320,1108,0.5113636363636364,1,2,0,1
0098_pos_0,3,support,1181,2261,0.514018691588785,1,1,0,0
0098_pos_0,4,support,1636,1326,0.5212765957446809,1,1,0,0
0098_pos_0,5,support,1869,1777,0.7032967032967034,1,2,0,1
0098_pos_0,6,support,1323,1563,0.4946236559139785,1,1,0,0
0098_pos_0,7,support,1094,1081,0.5316455696202531,1,1,0,0
0098_pos_0,8,support,1517,1755,0.5283018867924528,1,2,0,1
0098_pos_0,9,support,1194,1181,0.5897435897435898,1,1,0,0
0098_pos_0,10,support,1488,1470,0.47619047619047616,1,2,0,1
0098_pos_0,11,support,1071,962,0.6805555555555556,0,0,0,0
0098_pos_0,12,query,1402,1314,0.5930232558139535,1,1,0,0
0099_neg_0,0,support,1567,1412,0.6329113924050633,2,2,1,1
0099_neg_0,1,support,1257,1247,0.7681159420289855,1,1,0,0
0099_neg_0,2,support,1043,1016,0.7627118644067796,1,1,0,0
0099_neg_0,3,support,1113,947,0.7333333333333333,0,1,0,0
0099_neg_0,4,support,1094,1337,0.7,0,0,0,0
0099_neg_0,5,support,1701,1292,0.5176470588235295,0,1,0,0
0099_neg_0,6,support,876,881,0.6545454545454545,1,1,0,0
0099_neg_0,7,support,1376,1514,0.6136363636363636,1,0,0,0
0099_neg_0,8,support,761,1050,0.6166666666666667,0,0,0,0
0099_neg_0,9,support,1417,1363,0.6233766233766234,1,1,0,0
0099_neg_0,10,support,981,1172,0.5714285714285714,1,1,0,0
0099_neg_0,11,support,1083,1210,0.5507246376811594,1,1,0,0
0099_neg_0,12,query,1343,1366,0.7647058823529411,1,1,0,0
0099_pos_0,0,support,1312,1356,0.5882352941176471,1,1,0,0
0099_pos_0,1,support,1009,888,0.7333333333333333,1,1,0,0
0099_pos_0,2,support,1120,1039,0.6323529411764706,0,1,0,0
0099_pos_0,3,support,1067,1160,0.609375,0,0,0,0
0099_pos_0,4,support,1612,1531,0.5764705882352941,0,0,0,0
0099_pos_0,5,support,1641,1525,0.6025641025641025,1,1,0,0
0099_pos_0,6,support,1385,1293,0.5512820512820513,1,1,0,0
0099_pos_0,7,support,944,881,0.8043478260869565,1,1,0,0
0099_pos_0,8,support,1524,1456,0.5909090909090909,1,1,0,0
0099_pos_0,9,support,995,872,0.53125,0,1,0,0
0099_pos_0,10,support,1529,1403,0.72,1,1,0,0
0099_pos_0,11,support,1006,1105,0.52,1,1,0,0
0099_pos_0,12,query,1579,1350,0.5733333333333334,2,1,1,0
0100_neg_0,0,support,1095,1203,0.7538461538461538,1,1,0,0
0100_neg_0,1,support,1103,1283,0.5802469135802469,1,1,0,0
0100_neg_0,2,support,1123,1347,0.6395348837209303,1,1,0,0
0100_neg_0,3,support,1108,1092,0.6621621621621622,1,1,0,0
0100_neg_0,4,support,1353,1465,0.7469879518072289,1,1,0,0
0100_neg_0,5,support,1267,1361,0.5294117647058824,1,1,0,0
0100_neg_0,6,support,1179,1139,0.494949494949495,0,1,0,1
0100_neg_0,7,support,1586,1238,0.6790123456790124,1,1,0,0
0100_neg_0,8,support,1199,1180,0.7142857142857143,1,1,0,0
0100_neg_0,9,support,1123,1005,0.6212121212121212,1,1,0,1
0100_neg_0,10,support,1321,1360,0.6707317073170732,1,1,0,0
0100_neg_0,11,support,1279,1325,0.7222222222222222,1,1,0,0
0100_neg_0,12,query,1087,1113,0.7222222222222222,1,1,0,0
0100_pos_0,0,support,1075,1196,0.6527777777777778,1,1,0,0
0100_pos_0,1,support,1108,1176,0.7857142857142857,1,1,0,0
0100_pos_0,2,support,1113,1138,0.704225352112676,1,1,0,0
0100_pos_0,3,support,1314,1598,0.5384615384615384,1,1,0,0
0100_pos_0,4,support,1285,1536,0.5232558139534884,1,1,0,0
0100_pos_0,5,support,1159,1085,0.6376811594202898,1,1,0,0
0100_pos_0,6,support,1040,1203,0.7027027027027027,1,1,0,0
0100_pos_0,7,support,1197,1398,0.5294117647058824,0,1,0,0
0100_pos_0,8,support,1594,1423,0.6091954022988506,1,1,0,0
0100_pos_0,9,support,1262,1100,0.6575342465753424,1,1,0,0
0100_pos_0,10,support,1123,880,0.5873015873015873,1,0,0,0
0100_pos_0,11,support,1296,1333,0.6923076923076923,1,1,0,0
0100_pos_0,12,query,1095,1148,0.6612903225806451,1,1,0,0
0101_neg_0,0,support,1120,1258,0.5060240963855421,0,1,0,0
0101_neg_0,1,support,1553,1525,0.5656565656565656,1,2,0,1
0101_neg_0,2,support,1366,1358,0.5346534653465347,1,2,0,1
0101_neg_0,3,support,1385,1349,0.6145833333333334,1,1,0,0
0101_neg_0,4,support,1533,1542,0.46875,0,1,0,0
0101_neg_0,5,support,1672,1614,0.5757575757575758,1,1,0,0
0101_neg_0,6,support,1450,1785,0.5408163265306123,2,1,1,0
0101_neg_0,7,support,1046,1139,0.6323529411764706,0,1,0,0
0101_neg_0,8,support,1464,1444,0.6486486486486487,1,2,0,1
0101_neg_0,9,support,1500,1211,0.6470588235294118,1,1,0,0
0101_neg_0,10,support,1646,1669,0.654320987654321,1,1,0,0
0101_neg_0,11,support,1602,1851,0.5855855855855856,1,2,0,1
0101_neg_0,12,query,1714,1693,0.6607142857142857,1,1,0,0
0101_pos_0,0,support,1409,1508,0.6421052631578947,1,2,0,1
0101_pos_0,1,support,1226,1251,0.611764705882353,0,2,0,1
0101_pos_0,2,support,1436,1242,0.5567010309278351,1,1,0,0
0101_pos_0,3,support,1680,1572,0.5714285714285714,1,0,0,0
0101_pos_0,4,support,1552,1468,0.6705882352941176,1,2,0,1
0101_pos_0,5,support,1629,1509,0.6436781609195402,1,1,0,0
0101_pos_0,6,support,1858,1307,0.509090909090909,1,1,0,0
0101_pos_0,7,support,1504,2000,0.6666666666666666,2,1,1,0
0101_pos_0,8,support,1044,1100,0.5857142857142857,0,1,0,0
0101_pos_0,9,support,1435,1270,0.6133333333333333,1,1,0,0
0101_pos_0,10,support,1569,1065,0.6582278481012658,1,1,0,0
0101_pos_0,11,support,1666,1495,0.6363636363636364,1,1,0,0
0101_pos_0,12,query,1094,1154,0.7241379310344828,0,1,0,0
0102_neg_0,0,support,1338,1594,0.5232558139534884,1,1,0,0
0102_neg_0,1,support,1328,1346,0.48484848484848486,1,1,0,0
0102_neg_0,2,support,1703,1378,0.6086956521739131,1,1,0,0
0102_neg_0,3,support,1785,1412,0.5483870967741935,1,1,0,0
0102_neg_0,4,support,1243,1500,0.6,1,1,0,0
0102_neg_0,5,support,2522,2311,0.6078431372549019,1,1,0,0
0102_neg_0,6,support,1001,1283,0.5443037974683544,1,1,0,0
0102_neg_0,7,support,1661,1643,0.5046728971962616,1,2,0,1
0102_neg_0,8,support,1522,1823,0.5051546391752577,1,1,0,0
0102_neg_0,9,support,1965,1312,0.5609756097560976,1,0,0,0
0102_neg_0,10,support,1381,1270,0.6533333333333333,1,0,0,0
0102_neg_0,11,support,1653,1545,0.5376344086021505,1,2,0,1
0102_neg_0,12,query,1410,1176,0.6753246753246753,1,1,0,0
0102_pos_0,0,support,1259,1303,0.6428571428571429,1,1,0,0
0102_pos_0,1,support,1515,1252,0.5357142857142857,1,1,0,0
0102_pos_0,2,support,1858,1623,0.5428571428571428,1,1,0,0
0102_pos_0,3,support,1393,1359,0.5204081632653061,1,1,0,0
0102_pos_0,4,support,2525,2060,0.5360824742268041,1,1,0,0
0102_pos_0,5,support,2124,1699,0.4424778761061947,1,1,0,0
0102_pos_0,6,support,1264,954,0.6216216216216216,1,1,0,0
0102_pos_0,7,support,1012,1153,0.5974025974025974,1,1,0,0
0102_pos_0,8,support,1469,1332,0.4636363636363636,1,1,0,0
0102_pos_0,9,support,1440,1722,0.45054945054945056,1,1,0,0
0102_pos_0,10,support,2079,1817,0.4752475247524752,1,1,0,0
0102_pos_0,11,support,1270,1132,0.6617647058823529,1,1,0,0
0102_pos_0,12,query,1391,1531,0.5104166666666666,1,1,0,0
0103_neg_0,0,support,1635,1244,0.4329896907216495,1,1,0,0
0103_neg_0,1,support,847,1159,0.5394736842105263,0,1,0,0
0103_neg_0,2,support,1036,1376,0.5119047619047619,1,1,0,0
0103_neg_0,3,support,998,1264,0.5866666666666667,1,1,0,0
0103_neg_0,4,support,955,1267,0.5652173913043478,0,0,0,0
0103_neg_0,5,support,1442,1788,0.5306122448979592,1,2,0,1
0103_neg_0,6,support,1121,1229,0.6351351351351351,1,1,0,0
0103_neg_0,7,support,1646,1240,0.6493506493506493,1,1,0,0
0103_neg_0,8,support,1093,1174,0.6857142857142857,1,1,0,0
0103_neg_0,9,support,966,1047,0.6833333333333333,1,1,0,0
0103_neg_0,10,support,1283,1221,0.6265060240963856,1,2,0,1
0103_neg_0,11,support,1109,1315,0.5802469135802469,1,1,0,0
0103_neg_0,12,query,1469,1309,0.5222222222222223,1,1,0,0
0103_pos_0,0,support,891,1276,0.5555555555555556,0,1,0,0
0103_pos_0,1,support,1149,1247,0.6533333333333333,1,1,0,0
0103_pos_0,2,support,1039,1236,0.5333333333333333,1,1,0,0
0103_pos_0,3,support,957,966,0.5901639344262295,1,1,0,0
0103_pos_0,4,support,1657,1330,0.5416666666666666,1,1,0,0
0103_pos_0,5,support,1390,1324,0.5833333333333334,1,1,0,0
0103_pos_0,6,support,1498,1928,0.5094339622641509,1,1,0,0
0103_pos_0,7,support,1078,1102,0.7230769230769231,1,1,0,0
0103_pos_0,8,support,1476,1184,0.5769230769230769,1,1,0,0
0103_pos_0,9,support,904,936,0.5714285714285714,1,1,0,0
0103_pos_0,10,support,848,1090,0.639344262295082,1,1,0,0
0103_pos_0,11,support,1272,1222,0.684931506849315,1,1,0,0
0103_pos_0,12,query,1631,1779,0.5681818181818182,1,1,0,0
0104_neg_0,0,support,1554,1314,0.5824175824175825,1,2,0,1
0104_neg_0,1,support,1388,1555,0.6224489795918368,1,1,0,0
0104_neg_0,2,support,1458,1744,0.6382978723404256,1,2,0,1
0104_neg_0,3,support,1827,1654,0.6022727272727273,1,2,0,1
0104_neg_0,4,support,1900,1761,0.5754716981132075,1,1,0,0
0104_neg_0,5,support,2075,1568,0.62,1,1,0,0
0104_neg_0,6,support,1228,1179,0.5694444444444444,1,1,0,0
0104_neg_0,7,support,1646,1413,0.5425531914893617,1,1,0,0
0104_neg_0,8,support,1410,1317,0.6024096385542169,1,1,0,0
0104_neg_0,9,support,1879,1559,0.5047619047619047,1,1,0,0
0104_neg_0,10,support,1183,1422,0.5795454545454546,1,1,0,0
0104_neg_0,11,support,1188,1323,0.5376344086021505,1,0,0,0
0104_neg_0,12,query,1265,1180,0.42105263157894735,1,2,0,1
0104_pos_0,0,support,1492,1467,0.5510204081632653,1,2,0,1
0104_pos_0,1,support,1308,1343,0.6875,2,2,1,1
0104_pos_0,2,support,1833,1888,0.5510204081632653,1,2,0,1
0104_pos_0,3,support,1877,1444,0.5257731958762887,1,2,0,1
0104_pos_0,4,support,2050,1990,0.6095238095238096,1,2,0,1
0104_pos_0,5,support,1621,1960,0.49523809523809526,1,1,0,0
0104_pos_0,6,support,1283,1116,0.6103896103896104,1,1,0,0
0104_pos_0,7,support,1228,1280,0.6527777777777778,1,1,0,0
0104_pos_0,8,support,1582,1525,0.6941176470588235,1,0,0,0
0104_pos_0,9,support,1505,1520,0.6097560975609756,1,1,0,0
0104_pos_0,10,support,1689,1759,0.52,1,2,0,1
0104_pos_0,11,support,1278,1420,0.5111111111111111,1,1,0,0
0104_pos_0,12,query,1540,1621,0.57,1,2,0,1
0105_neg_0,0,support,1109,1164,0.6527777777777778,1,0,0,0
0105_neg_0,1,support,1150,1163,0.6575342465753424,0,1,0,0
0105_neg_0,2,support,1449,1578,0.48598130841121495,1,1,0,0
0105_neg_0,3,support,1131,1149,0.6301369863013698,0,1,0,0
0105_neg_0,4,support,1257,1281,0.6375,1,1,0,0
0105_neg_0,5,support,1589,1470,0.5888888888888889,0,2,0,1
0105_neg_0,6,support,1616,1366,0.6753246753246753,1,1,0,0
0105_neg_0,7,support,831,834,0.7192982456140351,1,1,0,0
0105_neg_0,8,support,737,895,0.6938775510204082,1,0,0,0
0105_neg_0,9,support,1202,1342,0.6901408450704225,1,1,0,0
0105_neg_0,10,support,1059,1784,0.4444444444444444,1,1,0,0
0105_neg_0,11,support,905,1057,0.5657894736842105,1,1,0,0
0105_neg_0,12,query,934,1251,0.6923076923076923,1,1,0,0
0105_pos_0,0,support,1156,1358,0.5882352941176471,0,1,0,0
0105_pos_0,1,support,1536,1261,0.6024096385542169,1,1,0,0
0105_pos_0,2,support,1154,963,0.5789473684210527,0,0,0,0
0105_pos_0,3,support,1128,1082,0.6266666666666667,1,1,0,0
0105_pos_0,4,support,1505,1571,0.5257731958762887,0,2,0,1
0105_pos_0,5,support,2449,1724,0.59,1,1,0,0
0105_pos_0,6,support,934,945,0.8301886792452831,1,1,0,0
0105_pos_0,7,support,1552,1128,0.5454545454545454,1,0,0,0
0105_pos_0,8,support,768,833,0.75,1,1,0,0
0105_pos_0,9,support,730,878,0.6226415094339622,1,1,0,0
0105_pos_0,10,support,1322,1396,0.6329113924050633,1,1,0,0
0105_pos_0,11,support,1045,949,0.5492957746478874,1,1,0,0
0105_pos_0,12,query,1148,983,0.6338028169014085,0,1,0,0
0106_neg_0,0,support,1250,1245,0.6461538461538462,1,1,0,0
0106_neg_0,1,support,1581,1424,0.5833333333333334,1,1,0,0
0106_neg_0,2,support,1510,1334,0.6486486486486487,1,1,0,0
0106_neg_0,3,support,1715,1734,0.4519230769230769,1,0,0,0
0106_neg_0,4,support,1465,1609,0.48936170212765956,1,1,0,0
0106_neg_0,5,support,1702,1483,0.5833333333333334,1,1,0,0
0106_neg_0,6,support,1915,1874,0.5111111111111111,1,0,0,0
0106_neg_0,7,support,1467,1580,0.65,1,1,0,0
0106_neg_0,8,support,1603,1473,0.6022727272727273,1,1,0,0
0106_neg_0,9,support,1578,1487,0.5952380952380952,1,1,0,0
0106_neg_0,10,support,1545,1301,0.5697674418604651,1,1,0,0
0106_neg_0,11,support,1455,1534,0.5795454545454546,1,1,0,0
0106_neg_0,12,query,1545,1186,0.5106382978723404,1,1,0,0
0106_pos_0,0,support,1628,1769,0.53,1,1,0,0
0106_pos_0,1,support,1510,1448,0.6575342465753424,1,1,0,0
0106_pos_0,2,support,1344,1325,0.45121951219512196,1,1,0,0
0106_pos_0,3,support,1504,1414,0.5333333333333333,1,0,0,0
0106_pos_0,4,support,1700,1868,0.5612244897959183,2,2,1,1
0106_pos_0,5,support,1696,1606,0.5222222222222223,2,1,1,0
0106_pos_0,6,support,1462,1408,0.4791666666666667,1,1,0,0
0106_pos_0,7,support,1911,1804,0.6235294117647059,1,1,0,0
0106_pos_0,8,support,1485,1509,0.5051546391752577,1,1,0,0
0106_pos_0,9,support,1576,1520,0.7023809523809523,1,1,0,0
0106_pos_0,10,support,1603,1755,0.5052631578947369,1,1,0,0
0106_pos_0,11,support,1456,1488,0.5747126436781609,1,1,0,0
0106_pos_0,12,query,1250,1226,0.582089552238806,1,1,0,0
0107_neg_0,0,support,1486,1657,0.51,1,2,0,1
0107_neg_0,1,support,1289,1323,0.5280898876404494,1,1,0,0
0107_neg_0,2,support,1749,1832,0.5148514851485149,1,1,0,0
0107_neg_0,3,support,1829,1665,0.47706422018348627,2,1,1,0
0107_neg_0,4,support,1159,1281,0.6410256410256411,1,2,0,1
0107_neg_0,5,support,1579,1810,0.4017094017094017,1,2,0,1
0107_neg_0,6,support,1562,1582,0.6136363636363636,1,1,0,0
0107_neg_0,7,support,1362,1811,0.5841584158415841,1,1,0,0
0107_neg_0,8,support,1025,1180,0.5641025641025641,1,1,0,0
0107_neg_0,9,support,1485,1728,0.5631067961165048,1,1,0,0
0107_neg_0,10,support,1730,2038,0.49137931034482757,1,2,0,1
0107_neg_0,11,support,1274,1146,0.6533333333333333,1,1,0,0
0107_neg_0,12,query,1338,1857,0.59375,1,1,0,0
0107_pos_0,0,support,1445,1324,0.6794871794871795,1,2,0,1
0107_pos_0,1,support,1623,1860,0.5543478260869565,1,2,0,1
0107_pos_0,2,support,1649,1783,0.5714285714285714,1,1,0,0
0107_pos_0,3,support,1342,1325,0.6463414634146342,2,3,0,1
0107_pos_0,4,support,2123,1534,0.5132743362831859,1,1,0,0
0107_pos_0,5,support,2363,2188,0.5,1,2,0,1
0107_pos_0,6,support,1558,1568,0.5247524752475248,1,0,0,0
0107_pos_0,7,support,1789,1526,0.5274725274725275,1,2,0,1
0107_pos_0,8,support,1412,1437,0.5806451612903226,2,2,1,1
0107_pos_0,9,support,1195,1000,0.7142857142857143,1,1,0,0
0107_pos_0,10,support,1462,1498,0.625,2,1,1,0
0107_pos_0,11,support,1706,1836,0.46153846153846156,1,1,0,0
0107_pos_0,12,query,1361,1451,0.5393258426966292,1,2,0,1
0108_neg_0,0,support,1471,1591,0.6263736263736264,1,1,0,0
0108_neg_0,1,support,1527,1291,0.6753246753246753,1,2,0,1
0108_neg_0,2,support,1298,1459,0.5647058823529412,1,2,0,1
0108_neg_0,3,support,1835,1693,0.5154639175257731,1,2,0,1
0108_neg_0,4,support,1776,1832,0.6276595744680851,1,2,0,1
0108_neg_0,5,support,1464,1367,0.6043956043956044,1,2,0,1
0108_neg_0,6,support,1014,994,0.6376811594202898,1,2,0,1
0108_neg_0,7,support,1331,1542,0.49019607843137253,1,2,0,1
0108_neg_0,8,support,1661,1412,0.5813953488372093,1,2,0,1
0108_neg_0,9,support,985,1086,0.6164383561643836,0,0,0,0
0108_neg_0,10,support,1340,1262,0.6046511627906976,1,2,0,1
0108_neg_0,11,support,2141,1360,0.6436781609195402,1,2,0,1
0108_neg_0,12,query,1244,1317,0.5681818181818182,1,2,0,1
0108_pos_0,0,support,1538,1505,0.6190476190476191,1,1,0,0
0108_pos_0,1,support,1216,1416,0.5111111111111111,1,2,0,1
0108_pos_0,2,support,1829,1913,0.5096153846153846,1,2,0,1
0108_pos_0,3,support,1716,1833,0.5858585858585859,1,2,0,1
0108_pos_0,4,support,1541,1282,0.632183908045977,1,2,0,1
0108_pos_0,5,support,1362,1539,0.6704545454545454,1,1,0,0
0108_pos_0,6,support,1138,1233,0.573170731707317,1,1,0,0
0108_pos_0,7,support,1000,1127,0.6056338028169014,1,1,0,0
0108_pos_0,8,support,1291,1293,0.7195121951219512,1,2,0,1
0108_pos_0,9,support,1556,1228,0.611764705882353,1,2,0,1
0108_pos_0,10,support,1093,1146,0.6027397260273972,1,0,0,0
0108_pos_0,11,support,1379,1396,0.4857142857142857,1,1,0,0
0108_pos_0,12,query,1464,1595,0.5327102803738317,1,1,0,0
0109_neg_0,0,support,1502,1344,0.5301204819277109,1,1,0,0
0109_neg_0,1,support,1539,1514,0.5660377358490566,1,1,0,0
0109_neg_0,2,support,1116,987,0.6111111111111112,1,1,0,0
0109_neg_0,3,support,1199,1276,0.6,1,1,0,0
0109_neg_0,4,support,1443,1610,0.5384615384615384,1,2,0,1
0109_neg_0,5,support,1823,1627,0.5675675675675675,1,2,0,1
0109_neg_0,6,support,1262,1335,0.6190476190476191,1,1,0,0
0109_neg_0,7,support,1416,1377,0.6352941176470588,1,1,0,0
0109_neg_0,8,support,1534,1468,0.7123287671232876,1,1,0,0
0109_neg_0,9,support,1102,1412,0.5058823529411764,1,1,0,0
0109_neg_0,10,support,1546,1436,0.6447368421052632,1,1,0,0
0109_neg_0,11,support,1299,1141,0.6216216216216216,1,1,0,0
0109_neg_0,12,query,1451,1446,0.5714285714285714,1,1,0,0
0109_pos_0,0,support,1577,1442,0.5979381443298969,1,1,0,0
0109_pos_0,1,support,1128,1259,0.5844155844155844,1,1,0,0
0109_pos_0,2,support,1211,1381,0.5348837209302325,1,1,0,0
0109_pos_0,3,support,1429,1485,0.6296296296296297,1,2,0,1
0109_pos_0,4,support,1727,1520,0.6122448979591837,1,2,0,1
0109_pos_0,5,support,1398,1670,0.51,1,1,0,0
0109_pos_0,6,support,1379,1491,0.4945054945054945,1,1,0,0
0109_pos_0,7,support,1459,1253,0.6756756756756757,1,1,0,0
0109_pos_0,8,support,1223,1062,0.6818181818181818,1,2,0,1
0109_pos_0,9,support,1534,1399,0.7428571428571429,1,1,0,0
0109_pos_0,10,support,1148,1429,0.5822784810126582,1,2,0,1
0109_pos_0,11,support,1403,1239,0.5789473684210527,1,1,0,0
0109_pos_0,12,query,1320,1391,0.5061728395061729,1,1,0,0
0110_neg_0,0,support,1489,1172,0.5882352941176471,0,1,0,0
0110_neg_0,1,support,1647,1426,0.6063829787234043,1,1,0,0
0110_neg_0,2,support,1426,1384,0.5591397849462365,1,2,0,1
0110_neg_0,3,support,1788,1609,0.47619047619047616,1,1,0,0
0110_neg_0,4,support,1575,1494,0.65,1,1,0,0
0110_neg_0,5,support,1280,1384,0.6785714285714286,1,1,0,0
0110_neg_0,6,support,1453,1342,0.6875,1,1,0,0
0110_neg_0,7,support,1213,1356,0.6046511627906976,1,1,0,0
0110_neg_0,8,support,1090,1268,0.6144578313253012,1,1,0,0
0110_neg_0,9,support,1499,1240,0.6933333333333334,1,1,0,0
0110_neg_0,10,support,1394,1225,0.6049382716049383,0,1,0,0
0110_neg_0,11,support,1343,1140,0.6164383561643836,0,1,0,1
0110_neg_0,12,query,1393,1437,0.5952380952380952,0,1,0,1
0110_pos_0,0,support,1419,1457,0.7222222222222222,1,1,0,0
0110_pos_0,1,support,1484,1157,0.5833333333333334,1,1,0,0
0110_pos_0,2,support,1806,1615,0.5181818181818182,1,2,0,1
0110_pos_0,3,support,1394,1757,0.6,1,1,0,0
0110_pos_0,4,support,1043,1194,0.6666666666666666,1,2,0,1
0110_pos_0,5,support,1630,1438,0.48484848484848486,1,2,0,1
0110_pos_0,6,support,1300,1288,0.625,0,1,0,0
0110_pos_0,7,support,1471,1398,0.6746987951807228,1,1,0,0
0110_pos_0,8,support,1312,1371,0.6235294117647059,2,1,0,0
0110_pos_0,9,support,1186,1187,0.5822784810126582,1,2,0,1
0110_pos_0,10,support,1506,1811,0.5473684210526316,1,1,0,0
0110_pos_0,11,support,1379,1243,0.6103896103896104,0,2,0,1
0110_pos_0,12,query,1440,1422,0.42727272727272725,0,1,0,0
0111_neg_0,0,support,1325,1495,0.6071428571428571,1,1,0,0
0111_neg_0,1,support,1377,1462,0.6547619047619048,1,1,0,0
0111_neg_0,2,support,1363,1366,0.6666666666666666,1,1,0,0
0111_neg_0,3,support,1544,1627,0.6222222222222222,1,1,0,0
0111_neg_0,4,support,1125,1570,0.6052631578947368,1,1,0,0
0111_neg_0,5,support,1812,1181,0.5411764705882353,1,1,0,0
0111_neg_0,6,support,1884,1592,0.4144144144144144,0,0,0,0
0111_neg_0,7,support,1493,1309,0.6233766233766234,1,1,0,0
0111_neg_0,8,support,2098,2258,0.6122448979591837,1,1,0,0
0111_neg_0,9,support,901,1073,0.5064935064935064,0,0,0,0
0111_neg_0,10,support,1386,1296,0.6219512195121951,1,1,0,0
0111_neg_0,11,support,1187,1202,0.6538461538461539,1,1,0,0
0111_neg_0,12,query,1117,1080,0.48148148148148145,1,1,0,0
0111_pos_0,0,support,1343,1299,0.6621621621621622,1,1,0,0
0111_pos_0,1,support,1470,1326,0.6111111111111112,1,1,0,0
0111_pos_0,2,support,1514,1488,0.5581395348837209,1,1,0,0
0111_pos_0,3,support,1201,1200,0.575,1,1,0,0
0111_pos_0,4,support,1797,1309,0.5402298850574713,1,1,0,0
0111_pos_0,5,support,1399,1559,0.6585365853658537,1,1,0,0
0111_pos_0,6,support,1164,1129,0.5487804878048781,1,1,0,0
0111_pos_0,7,support,1644,1196,0.5581395348837209,0,0,0,0
0111_pos_0,8,support,1454,1315,0.5625,1,1,0,0
0111_pos_0,9,support,2070,2056,0.7380952380952381,1,1,0,0
0111_pos_0,10,support,863,1035,0.6,0,0,0,0
0111_pos_0,11,support,1642,1589,0.6744186046511628,1,1,0,0
0111_pos_0,12,query,1312,1071,0.5172413793103449,1,1,0,0
0112_neg_0,0,support,1795,2279,0.631578947368421,1,1,0,0
0112_neg_0,1,support,1732,1918,0.57,1,1,0,0
0112_neg_0,2,support,1795,1514,0.6375,1,1,0,0
0112_neg_0,3,support,1884,1581,0.611764705882353,1,1,0,0
0112_neg_0,4,support,1629,1553,0.5434782608695652,1,1,0,0
0112_neg_0,5,support,2200,1372,0.4766355140186916,1,1,0,0
0112_neg_0,6,support,2189,2099,0.5242718446601942,1,1,0,0
0112_neg_0,7,support,1934,1909,0.6136363636363636,1,1,0,0
0112_neg_0,8,support,1726,2007,0.55,1,1,0,0
0112_neg_0,9,support,1369,1216,0.5526315789473685,1,1,0,0
0112_neg_0,10,support,1992,2314,0.5670103092783505,1,1,0,0
0112_neg_0,11,support,2206,2795,0.6185567010309279,1,1,0,0
0112_neg_0,12,query,1901,1836,0.4496124031007752,1,2,0,1
0112_pos_0,0,support,1721,2117,0.5172413793103449,1,1,0,0
0112_pos_0,1,support,1851,1837,0.5777777777777777,1,1,0,0
0112_pos_0,2,support,1737,1809,0.6551724137931034,1,1,0,0
0112_pos_0,3,support,1564,1430,0.5853658536585366,1,1,0,0
0112_pos_0,4,support,2298,1844,0.53,1,1,0,0
0112_pos_0,5,support,2457,2208,0.575,1,1,0,0
0112_pos_0,6,support,2072,1887,0.5625,1,1,0,0
0112_pos_0,7,support,1952,1985,0.5957446808510638,1,1,0,0
0112_pos_0,8,support,1675,1879,0.550561797752809,1,1,0,0
0112_pos_0,9,support,1900,1950,0.5858585858585859,1,1,0,0
0112_pos_0,10,support,1421,1262,0.64,1,1,0,0
0112_pos_0,11,support,1601,1709,0.5578947368421052,1,1,0,0
0112_pos_0,12,query,1940,2685,0.6060606060606061,1,1,0,0
0113_neg_0,0,support,1569,1588,0.5108695652173914,1,1,0,0
0113_neg_0,1,support,1474,1469,0.524390243902439,0,3,0,1
0113_neg_0,2,support,1314,1416,0.7162162162162162,1,2,0,1
0113_neg_0,3,support,1314,1500,0.6179775280898876,1,1,0,0
0113_neg_0,4,support,1300,1127,0.640625,1,0,0,0
0113_neg_0,5,support,1476,1537,0.5975609756097561,1,2,0,1
0113_neg_0,6,support,1233,1366,0.6296296296296297,1,1,0,0
0113_neg_0,7,support,1933,1554,0.5555555555555556,1,1,0,0
0113_neg_0,8,support,1751,1790,0.4954954954954955,1,1,0,0
0113_neg_0,9,support,1082,1029,0.6290322580645161,1,1,0,0
0113_neg_0,10,support,1123,1282,0.5844155844155844,1,1,0,0
0113_neg_0,11,support,1125,927,0.6307692307692307,1,0,0,0
0113_neg_0,12,query,1517,1524,0.6710526315789473,1,1,0,0
0113_pos_0,0,support,1457,1602,0.5,0,1,0,1
0113_pos_0,1,support,1354,1280,0.6233766233766234,1,1,0,0
0113_pos_0,2,support,1324,1575,0.7236842105263158,1,1,0,0
0113_pos_0,3,support,1313,957,0.7192982456140351,1,0,0,0
0113_pos_0,4,support,1652,1747,0.5,1,1,0,0
0113_pos_0,5,support,1406,1434,0.6506024096385542,1,1,0,0
0113_pos_0,6,support,1527,1471,0.6621621621621622,1,1,0,0
0113_pos_0,7,support,1215,1367,0.5925925925925926,1,1,0,1
0113_pos_0,8,support,1773,1762,0.56,1,2,0,0
0113_pos_0,9,support,1751,1760,0.5145631067961165,1,1,0,0
0113_pos_0,10,support,1082,1046,0.6557377049180327,1,1,0,0
0113_pos_0,11,support,1152,1234,0.5853658536585366,1,1,0,0
0113_pos_0,12,query,1655,1344,0.6363636363636364,1,1,0,0
0114_neg_0,0,support,1056,1249,0.6052631578947368,1,1,0,0
0114_neg_0,1,support,1237,1065,0.7164179104477612,1,1,0,0
0114_neg_0,2,support,1561,1341,0.504950495049505,1,1,0,0
0114_neg_0,3,support,1215,1252,0.6712328767123288,1,1,0,0
0114_neg_0,4,support,1188,1569,0.47058823529411764,1,1,0,0
0114_neg_0,5,support,1248,1262,0.6623376623376623,1,1,0,0
0114_neg_0,6,support,1310,1243,0.6125,1,1,0,0
0114_neg_0,7,support,1462,1212,0.746268656716418,1,1,0,0
0114_neg_0,8,support,1075,1402,0.6233766233766234,1,1,0,0
0114_neg_0,9,support,1148,1133,0.6470588235294118,1,1,0,0
0114_neg_0,10,support,1031,1010,0.6875,1,1,0,0
0114_neg_0,11,support,1268,1081,0.5238095238095238,1,1,0,0
0114_neg_0,12,query,1281,965,0.5769230769230769,1,1,0,0
0114_pos_0,0,support,1304,1207,0.5657894736842105,1,1,0,0
0114_pos_0,1,support,1330,939,0.6075949367088608,1,1,0,0
0114_pos_0,2,support,1234,1394,0.6172839506172839,1,1,0,0
0114_pos_0,3,support,1234,1518,0.47115384615384615,1,1,0,0
0114_pos_0,4,support,1243,1308,0.6125,1,1,0,0
0114_pos_0,5,support,1154,1200,0.6075949367088608,1,1,0,0
0114_pos_0,6,support,1247,1048,0.6027397260273972,1,1,0,0
0114_pos_0,7,support,1339,1567,0.5875,1,1,0,0
0114_pos_0,8,support,1494,1475,0.6296296296296297,1,1,0,0
0114_pos_0,9,support,1020,1082,0.5571428571428572,1,1,0,0
0114_pos_0,10,support,1096,1334,0.6710526315789473,1,1,0,0
0114_pos_0,11,support,1040,1330,0.5949367088607594,1,1,0,0
0114_pos_0,12,query,1065,1109,0.6164383561643836,1,1,0,0
0115_neg_0,0,support,822,908,0.7321428571428571,1,1,0,0
0115_neg_0,1,support,850,902,0.7142857142857143,1,1,0,0
0115_neg_0,2,support,938,1005,0.7258064516129032,1,1,0,0
0115_neg_0,3,support,1230,1146,0.6,1,1,0,0
0115_neg_0,4,support,1264,1470,0.4777777777777778,1,1,0,0
0115_neg_0,5,support,1061,717,0.6,1,0,0,0
0115_neg_0,6,support,1274,1230,0.7647058823529411,1,1,0,0
0115_neg_0,7,support,1024,987,0.4875,1,1,0,0
0115_neg_0,8,support,965,1014,0.6153846153846154,1,1,0,0
0115_neg_0,9,support,1262,1294,0.6575342465753424,1,1,0,0
0115_neg_0,10,support,848,794,0.5737704918032787,1,1,0,0
0115_neg_0,11,support,1060,1217,0.6521739130434783,1,1,0,0
0115_neg_0,12,query,1188,1174,0.6582278481012658,1,1,0,0
0115_pos_0,0,support,850,1086,0.6515151515151515,1,0,0,0
0115_pos_0,1,support,982,1078,0.7333333333333333,1,0,0,0
0115_pos_0,2,support,1165,1171,0.7464788732394366,1,1,0,0
0115_pos_0,3,support,1310,1408,0.6329113924050633,1,1,0,0
0115_pos_0,4,support,1039,1119,0.6521739130434783,1,1,0,0
0115_pos_0,5,support,1610,1416,0.5054945054945055,1,1,0,0
0115_pos_0,6,support,1197,1324,0.5555555555555556,1,1,0,0
0115_pos_0,7,support,1272,1451,0.5977011494252874,1,1,0,0
0115_pos_0,8,support,1017,824,0.582089552238806,1,1,0,0
0115_pos_0,9,support,1046,1056,0.734375,1,1,0,0
0115_pos_0,10,support,1235,1257,0.6756756756756757,1,1,0,0
0115_pos_0,11,support,848,839,0.6440677966101694,1,0,0,0
0115_pos_0,12,query,815,912,0.7142857142857143,1,1,0,0
0116_neg_0,0,support,970,1021,0.6461538461538462,1,1,0,0
0116_neg_0,1,support,1087,1211,0.6470588235294118,1,1,0,0
0116_neg_0,2,support,1157,1020,0.6,1,1,0,0
0116_neg_0,3,support,1227,1231,0.6,1,1,0,0
0116_neg_0,4,support,1149,1304,0.6842105263157895,1,1,0,0
0116_neg_0,5,support,1187,1214,0.6712328767123288,1,1,0,0
0116_neg_0,6,support,1389,1403,0.6296296296296297,1,1,0,0
0116_neg_0,7,support,1316,1353,0.6133333333333333,1,1,0,0
0116_neg_0,8,support,1087,1313,0.5921052631578947,1,1,0,0
0116_neg_0,9,support,1127,1238,0.5119047619047619,1,4,0,1
0116_neg_0,10,support,993,1010,0.7678571428571429,1,1,0,0
0116_neg_0,11,support,1465,1133,0.5657894736842105,1,2,0,1
0116_neg_0,12,query,1523,1597,0.6309523809523809,1,1,0,0
0116_pos_0,0,support,1076,1068,0.7833333333333333,1,1,0,0
0116_pos_0,1,support,1305,1274,0.6067415730337079,1,1,0,0
0116_pos_0,2,support,1196,1498,0.5581395348837209,1,1,0,0
0116_pos_0,3,support,1145,1311,0.5866666666666667,1,1,0,0
0116_pos_0,4,support,1055,1219,0.7,1,1,0,0
0116_pos_0,5,support,1012,1014,0.7868852459016393,1,1,0,0
0116_pos_0,6,support,1484,1487,0.5542168674698795,1,1,0,0
0116_pos_0,7,support,1467,1175,0.6153846153846154,1,1,0,0
0116_pos_0,8,support,1330,1285,0.7285714285714285,1,1,0,0
0116_pos_0,9,support,979,1092,0.6507936507936508,1,1,0,0
0116_pos_0,10,support,1127,1111,0.6231884057971014,1,2,0,1
0116_pos_0,11,support,993,1035,0.7857142857142857,1,1,0,0
0116_pos_0,12,query,970,1280,0.5833333333333334,1,1,0,0
0117_neg_0,0,support,1256,1136,0.6621621621621622,1,1,0,0
0117_neg_0,1,support,966,1136,0.5316455696202531,0,1,0,0
0117_neg_0,2,support,1312,1513,0.6621621621621622,1,0,0,0
0117_neg_0,3,support,964,1162,0.6515151515151515,0,1,0,0
0117_neg_0,4,support,2741,2648,0.5480769230769231,1,0,0,0
0117_neg_0,5,support,1321,1373,0.7341772151898734,1,2,0,1
0117_neg_0,6,support,1149,1397,0.5714285714285714,1,1,0,0
0117_neg_0,7,support,843,982,0.6896551724137931,1,1,0,0
0117_neg_0,8,support,1313,1158,0.7580645161290323,1,1,0,0
0117_neg_0,9,support,1119,1430,0.5180722891566265,1,1,0,0
0117_neg_0,10,support,1138,1374,0.5526315789473685,1,0,0,0
0117_neg_0,11,support,918,921,0.6086956521739131,1,1,0,0
0117_neg_0,12,query,1323,1586,0.5048543689320388,0,2,0,1
0117_pos_0,0,support,987,1085,0.589041095890411,0,1,0,0
0117_pos_0,1,support,1538,1356,0.5340909090909091,2,1,1,0
0117_pos_0,2,support,1016,1233,0.6268656716417911,0,0,0,0
0117_pos_0,3,support,2438,2696,0.6966292134831461,1,1,0,0
0117_pos_0,4,support,1299,1350,0.6707317073170732,0,1,0,0
0117_pos_0,5,support,1847,2249,0.5714285714285714,1,1,0,0
0117_pos_0,6,support,1340,1082,0.4891304347826087,0,1,0,1
0117_pos_0,7,support,1146,1358,0.5942028985507246,1,1,0,0
0117_pos_0,8,support,853,1115,0.6166666666666667,1,1,0,0
0117_pos_0,9,support,1318,1227,0.7384615384615385,1,1,0,0
0117_pos_0,10,support,1927,953,0.5308641975308642,1,1,0,0
0117_pos_0,11,support,1071,1318,0.6875,1,1,0,0
0117_pos_0,12,query,1255,1059,0.5625,1,0,0,0
0118_neg_0,0,support,1483,1642,0.6477272727272727,1,1,0,0
0118_neg_0,1,support,1438,1455,0.5111111111111111,1,1,0,0
0118_neg_0,2,support,1073,1037,0.7121212121212122,0,0,0,0
0118_neg_0,3,support,1346,1199,0.48863636363636365,1,0,0,0
0118_neg_0,4,support,1178,980,0.7777777777777778,1,0,0,0
0118_neg_0,5,support,1424,1329,0.5632183908045977,1,1,0,0
0118_neg_0,6,support,1522,1468,0.44144144144144143,1,1,0,0
0118_neg_0,7,support,1601,1709,0.5913978494623656,1,1,0,0
0118_neg_0,8,support,1458,1555,0.5102040816326531,1,2,0,1
0118_neg_0,9,support,1423,1257,0.6805555555555556,1,1,0,0
0118_neg_0,10,support,1268,1208,0.6575342465753424,1,1,0,0
0118_neg_0,11,support,1130,1291,0.5789473684210527,1,1,0,0
0118_neg_0,12,query,1689,1834,0.5909090909090909,1,1,0,0
0118_pos_0,0,support,1438,1467,0.5340909090909091,1,2,0,1
0118_pos_0,1,support,1012,1092,0.5857142857142857,0,1,0,1
0118_pos_0,2,support,1352,1125,0.6,1,0,0,0
0118_pos_0,3,support,1235,1061,0.6376811594202898,1,0,0,0
0118_pos_0,4,support,1489,1732,0.45871559633027525,1,1,0,0
0118_pos_0,5,support,1607,1440,0.6071428571428571,1,1,0,0
0118_pos_0,6,support,1556,1661,0.5376344086021505,1,1,0,0
0118_pos_0,7,support,1512,1181,0.47959183673469385,1,1,0,0
0118_pos_0,8,support,1599,1760,0.4608695652173913,1,1,0,0
0118_pos_0,9,support,1448,1601,0.6039603960396039,1,1,0,0
0118_pos_0,10,support,1335,1246,0.6666666666666666,1,1,0,0
0118_pos_0,11,support,1268,1291,0.6493506493506493,1,1,0,0
0118_pos_0,12,query,1636,1537,0.5263157894736842,1,1,0,0
0119_neg_0,0,support,1657,1674,0.3787878787878788,1,2,0,1
0119_neg_0,1,support,1459,1549,0.4895833333333333,1,1,0,0
0119_neg_0,2,support,1694,1803,0.4608695652173913,1,2,0,1
0119_neg_0,3,support,1607,1920,0.48695652173913045,1,1,0,0
0119_neg_0,4,support,1472,1679,0.5137614678899083,1,2,0,1
0119_neg_0,5,support,1439,1484,0.47619047619047616,1,1,0,0
0119_neg_0,6,support,1802,2623,0.49137931034482757,1,1,0,0
0119_neg_0,7,support,1755,1290,0.4351851851851852,1,2,0,1
0119_neg_0,8,support,1474,1846,0.5555555555555556,1,2,0,1
0119_neg_0,9,support,1404,1495,0.5714285714285714,1,1,0,0
0119_neg_0,10,support,1759,1668,0.6630434782608695,1,1,0,0
0119_neg_0,11,support,1448,1678,0.53125,1,1,0,0
0119_neg_0,12,query,1622,1571,0.4444444444444444,1,2,0,1
0119_pos_0,0,support,1412,1705,0.4803921568627451,1,2,0,1
0119_pos_0,1,support,1703,1589,0.4628099173553719,1,1,0,0
0119_pos_0,2,support,1659,1855,0.5192307692307693,1,1,0,0
0119_pos_0,3,support,1589,1217,0.6222222222222222,1,2,0,1
0119_pos_0,4,support,1456,1511,0.5531914893617021,1,1,0,0
0119_pos_0,5,support,1588,1611,0.5612244897959183,1,2,0,1
0119_pos_0,6,support,1598,1552,0.5333333333333333,1,1,0,0
0119_pos_0,7,support,1792,1586,0.46226415094339623,1,1,0,0
0119_pos_0,8,support,1632,1568,0.5934065934065934,1,2,0,1
0119_pos_0,9,support,1550,1564,0.45714285714285713,2,1,1,0
0119_pos_0,10,support,1386,1392,0.550561797752809,1,1,0,0
0119_pos_0,11,support,1553,1815,0.4774774774774775,1,1,0,0
0119_pos_0,12,query,1467,1514,0.4672897196261682,1,2,0,1
0120_neg_0,0,support,1330,1201,0.6708860759493671,1,2,0,1
0120_neg_0,1,support,1048,1077,0.7076923076923077,1,1,0,0
0120_neg_0,2,support,1120,1464,0.5212765957446809,1,2,0,1
0120_neg_0,3,support,1309,1435,0.5568181818181818,1,2,0,1
0120_neg_0,4,support,1297,1381,0.5930232558139535,1,2,0,1
0120_neg_0,5,support,1360,1243,0.6428571428571429,2,2,1,1
0120_neg_0,6,support,1074,1212,0.6538461538461539,1,1,0,0
0120_neg_0,7,support,1414,1344,0.46,1,2,0,1
0120_neg_0,8,support,1481,1192,0.56,1,1,0,0
0120_neg_0,9,support,1563,1534,0.4563106796116505,1,1,0,0
0120_neg_0,10,support,1616,1714,0.46226415094339623,2,1,1,0
0120_neg_0,11,support,1070,1109,0.5569620253164557,1,2,0,1
0120_neg_0,12,query,1603,1526,0.5473684210526316,1,1,0,0
0120_pos_0,0,support,1190,1183,0.6125,1,2,0,1
0120_pos_0,1,support,1369,1418,0.4766355140186916,1,1,0,0
0120_pos_0,2,support,1299,1285,0.4787234042553192,1,1,0,0
0120_pos_0,3,support,1187,1577,0.6097560975609756,1,1,0,0
0120_pos_0,4,support,1428,1200,0.5617977528089888,1,1,0,0
0120_pos_0,5,support,1652,1763,0.5229357798165137,1,2,0,1
0120_pos_0,6,support,1629,1517,0.40186915887850466,1,1,0,0
0120_pos_0,7,support,1235,2325,0.6024096385542169,1,1,0,0
0120_pos_0,8,support,1626,1358,0.4854368932038835,1,3,0,1
0120_pos_0,9,support,1909,1887,0.5480769230769231,1,2,0,1
0120_pos_0,10,support,1644,1475,0.47474747474747475,1,2,0,1
0120_pos_0,11,support,1472,1444,0.6705882352941176,2,1,1,0
0120_pos_0,12,query,1235,1347,0.5185185185185185,1,1,0,0
0121_neg_0,0,support,2313,1939,0.5641025641025641,1,1,0,0
0121_neg_0,1,support,1563,1489,0.6413043478260869,1,2,0,1
0121_neg_0,2,support,1465,1721,0.5714285714285714,1,2,0,1
0121_neg_0,3,support,2837,2765,0.6770833333333334,1,1,0,0
0121_neg_0,4,support,2708,1446,0.4891304347826087,1,1,0,0
0121_neg_0,5,support,1562,1661,0.7037037037037037,1,1,0,0
0121_neg_0,6,support,1620,1515,0.6022727272727273,1,2,0,1
0121_neg_0,7,support,1744,2234,0.5495495495495496,1,2,0,1
0121_neg_0,8,support,1472,1336,0.6020408163265306,1,1,0,0
0121_neg_0,9,support,1646,1858,0.48598130841121495,1,1,0,0
0121_neg_0,10,support,1825,1425,0.5222222222222223,1,1,0,0
0121_neg_0,11,support,2703,2581,0.5728155339805825,1,1,0,0
0121_neg_0,12,query,1549,1790,0.47706422018348627,1,1,0,0
0121_pos_0,0,support,1489,1504,0.6326530612244898,1,1,0,0
0121_pos_0,1,support,1617,1411,0.45454545454545453,1,1,0,0
0121_pos_0,2,support,2704,2609,0.5638297872340425,1,1,0,0
0121_pos_0,3,support,2076,1432,0.5294117647058824,1,1,0,0
0121_pos_0,4,support,2016,1734,0.5567010309278351,1,1,0,0
0121_pos_0,5,support,1753,1525,0.5423728813559322,1,2,0,1
0121_pos_0,6,support,1486,2113,0.5412844036697247,1,1,0,0
0121_pos_0,7,support,1609,1522,0.6235294117647059,1,2,0,1
0121_pos_0,8,support,1726,1979,0.6037735849056604,1,2,0,0
0121_pos_0,9,support,1430,1488,0.6185567010309279,1,1,0,0
0121_pos_0,10,support,2325,1861,0.59,1,1,0,0
0121_pos_0,11,support,1689,1908,0.5346534653465347,1,1,0,0
0121_pos_0,12,query,2055,2119,0.45901639344262296,1,1,0,0
0122_neg_0,0,support,882,925,0.671875,1,1,0,0
0122_neg_0,1,support,1236,1479,0.5357142857142857,1,1,0,0
0122_neg_0,2,support,1667,1498,0.5217391304347826,1,1,0,0
0122_neg_0,3,support,1293,1456,0.5806451612903226,1,1,0,0
0122_neg_0,4,support,1259,1158,0.5945945945945946,1,1,0,0
0122_neg_0,5,support,1433,1641,0.5444444444444444,1,1,0,0
0122_neg_0,6,support,1394,1873,0.4854368932038835,1,1,0,0
0122_neg_0,7,support,789,870,0.6379310344827587,1,1,0,0
0122_neg_0,8,support,1377,1337,0.5543478260869565,1,1,0,0
0122_neg_0,9,support,1011,1270,0.6615384615384615,1,1,0,0
0122_neg_0,10,support,1060,1065,0.5733333333333334,1,0,0,0
0122_neg_0,11,support,1655,1871,0.6213592233009708,1,0,0,0
0122_neg_0,12,query,1459,1276,0.5769230769230769,1,1,0,0
0122_pos_0,0,support,1321,1481,0.5365853658536586,1,1,0,0
0122_pos_0,1,support,1316,1260,0.5357142857142857,1,1,0,0
0122_pos_0,2,support,1155,1284,0.4782608695652174,1,1,0,0
0122_pos_0,3,support,1263,1347,0.7391304347826086,1,1,0,0
0122_pos_0,4,support,1433,1547,0.6265060240963856,1,1,0,0
0122_pos_0,5,support,1257,1300,0.5584415584415584,1,1,0,0
0122_pos_0,6,support,1467,1445,0.6266666666666667,1,1,0,0
0122_pos_0,7,support,1576,1607,0.611764705882353,1,1,0,0
0122_pos_0,8,support,827,911,0.6229508196721312,1,1,0,0
0122_pos_0,9,support,1369,1420,0.5760869565217391,1,1,0,0
0122_pos_0,10,support,1017,1231,0.5970149253731343,1,1,0,0
0122_pos_0,11,support,1115,1190,0.6666666666666666,1,1,0,0
0122_pos_0,12,query,882,966,0.746031746031746,1,1,0,0
0123_neg_0,0,support,1143,1346,0.6829268292682927,1,1,0,0
0123_neg_0,1,support,1320,1234,0.6375,1,1,0,0
0123_neg_0,2,support,1150,1077,0.7014925373134329,1,1,0,0
0123_neg_0,3,support,1395,1475,0.6593406593406593,1,1,0,0
0123_neg_0,4,support,1325,1324,0.6428571428571429,1,1,0,0
0123_neg_0,5,support,1281,1283,0.7631578947368421,1,1,0,0
0123_neg_0,6,support,1504,1498,0.5684210526315789,1,1,0,0
0123_neg_0,7,support,1587,1995,0.5,1,1,0,0
0123_neg_0,8,support,1199,1161,0.647887323943662,0,0,0,0
0123_neg_0,9,support,1383,1515,0.5,1,1,0,0
0123_neg_0,10,support,1228,981,0.6266666666666667,1,0,0,0
0123_neg_0,11,support,1392,1362,0.6125,1,1,0,0
0123_neg_0,12,query,1273,1176,0.5454545454545454,1,0,0,0
0123_pos_0,0,support,1246,1491,0.6206896551724138,1,1,0,0
0123_pos_0,1,support,1163,1376,0.5822784810126582,1,1,0,0
0123_pos_0,2,support,1302,1085,0.6842105263157895,1,1,0,0
0123_pos_0,3,support,1322,1203,0.6875,1,1,0,0
0123_pos_0,4,support,1298,1249,0.7837837837837838,1,1,0,0
0123_pos_0,5,support,2574,2388,0.7156862745098039,1,1,0,0
0123_pos_0,6,support,1332,1131,0.5568181818181818,1,1,0,0
0123_pos_0,7,support,1483,1354,0.5483870967741935,1,1,0,0
0123_pos_0,8,support,1499,1399,0.5842696629213483,1,1,0,0
0123_pos_0,9,support,1127,1140,0.589041095890411,1,2,0,1
0123_pos_0,10,support,1269,1577,0.5411764705882353,1,1,0,0
0123_pos_0,11,support,1155,1007,0.5975609756097561,1,0,0,0
0123_pos_0,12,query,1313,1252,0.7466666666666667,1,1,0,0
0124_neg_0,0,support,1395,1597,0.6341463414634146,1,1,0,0
0124_neg_0,1,support,1333,1382,0.6875,1,1,0,0
0124_neg_0,2,support,1198,1001,0.6438356164383562,1,0,0,0
0124_neg_0,3,support,1386,1296,0.6666666666666666,1,1,0,0
0124_neg_0,4,support,1224,1430,0.5844155844155844,1,1,0,0
0124_neg_0,5,support,1410,1646,0.6122448979591837,1,1,0,0
0124_neg_0,6,support,1203,811,0.6153846153846154,1,0,0,0
0124_neg_0,7,support,1301,1230,0.5584415584415584,1,1,0,0
0124_neg_0,8,support,1352,1197,0.6716417910447762,1,1,0,0
0124_neg_0,9,support,1330,1361,0.6708860759493671,1,1,0,0
0124_neg_0,10,support,1317,1342,0.6666666666666666,1,1,0,0
0124_neg_0,11,support,1275,1215,0.6133333333333333,1,1,0,0
0124_neg_0,12,query,1365,1234,0.7432432432432432,1,1,0,0
0124_pos_0,0,support,1393,1281,0.7397260273972602,1,1,0,0
0124_pos_0,1,support,1195,1249,0.6049382716049383,1,1,0,0
0124_pos_0,2,support,1307,1370,0.7916666666666666,1,1,0,0
0124_pos_0,3,support,1298,1243,0.625,1,1,0,0
0124_pos_0,4,support,1283,1271,0.5555555555555556,1,1,0,0
0124_pos_0,5,support,1444,1528,0.5542168674698795,1,1,0,0
0124_pos_0,6,support,1306,1344,0.7375,1,1,0,0
0124_pos_0,7,support,1226,904,0.6764705882352942,1,0,0,0
0124_pos_0,8,support,1305,1130,0.5822784810126582,1,1,0,0
0124_pos_0,9,support,1327,1147,0.6027397260273972,1,0,0,0
0124_pos_0,10,support,1244,1325,0.7361111111111112,1,1,0,0
0124_pos_0,11,support,1282,1299,0.6538461538461539,1,1,0,0
0124_pos_0,12,query,1395,1668,0.6626506024096386,1,1,0,0
0125_neg_0,0,support,1277,1559,0.5057471264367817,1,1,0,0
0125_neg_0,1,support,1519,1255,0.5824175824175825,1,2,0,1
0125_neg_0,2,support,1047,1134,0.5866666666666667,1,1,0,0
0125_neg_0,3,support,1599,1370,0.5714285714285714,1,1,0,0
0125_neg_0,4,support,1308,1292,0.631578947368421,1,0,0,0
0125_neg_0,5,support,1064,1288,0.6527777777777778,0,1,0,0
0125_neg_0,6,support,1214,1299,0.6621621621621622,1,1,0,0
0125_neg_0,7,support,1429,1381,0.569620253164557,1,1,0,0
0125_neg_0,8,support,1216,1256,0.5822784810126582,1,0,0,0
0125_neg_0,9,support,1170,1142,0.6818181818181818,1,1,0,0
0125_neg_0,10,support,1225,1127,0.5584415584415584,1,1,0,0
0125_neg_0,11,support,1184,1330,0.6233766233766234,1,1,0,0
0125_neg_0,12,query,1180,1506,0.5930232558139535,1,1,0,0
0125_pos_0,0,support,1521,1368,0.6067415730337079,1,1,0,0
0125_pos_0,1,support,1060,1096,0.6231884057971014,1,1,0,0
0125_pos_0,2,support,1592,1373,0.6071428571428571,1,1,0,0
0125_pos_0,3,support,1320,1288,0.5921052631578947,1,1,0,0
0125_pos_0,4,support,1065,1249,0.6376811594202898,0,1,0,0
0125_pos_0,5,support,1470,2068,0.5346534653465347,1,2,0,1
0125_pos_0,6,support,1215,1265,0.7323943661971831,1,1,0,0
0125_pos_0,7,support,1221,1549,0.5802469135802469,1,1,0,0
0125_pos_0,8,support,1465,1434,0.684931506849315,1,1,0,0
0125_pos_0,9,support,1136,1226,0.6052631578947368,1,1,0,0
0125_pos_0,10,support,1151,1291,0.6857142857142857,1,1,0,0
0125_pos_0,11,support,1176,1007,0.6376811594202898,1,1,0,0
0125_pos_0,12,query,1372,1416,0.4888888888888889,1,1,0,0
0126_neg_0,0,support,1326,1521,0.625,1,1,0,0
0126_neg_0,1,support,1692,1640,0.6363636363636364,1,1,0,0
0126_neg_0,2,support,1454,1446,0.6588235294117647,1,1,0,0
0126_neg_0,3,support,1312,1526,0.5154639175257731,1,2,0,1
0126_neg_0,4,support,1701,1763,0.5533980582524272,1,1,0,0
0126_neg_0,5,support,1605,1908,0.5047619047619047,1,1,0,0
0126_neg_0,6,support,1353,1391,0.5813953488372093,1,2,0,1
0126_neg_0,7,support,1294,1446,0.6172839506172839,1,1,0,0
0126_neg_0,8,support,1263,1083,0.7605633802816901,1,1,0,0
0126_neg_0,9,support,1712,1822,0.5436893203883495,1,1,0,0
0126_neg_0,10,support,1369,1276,0.7377049180327869,1,1,0,0
0126_neg_0,11,support,1415,1346,0.5952380952380952,1,1,0,0
0126_neg_0,12,query,1753,1625,0.5662650602409639,1,1,0,0
0126_pos_0,0,support,1819,1612,0.5096153846153846,1,2,0,1
0126_pos_0,1,support,1605,1534,0.5714285714285714,1,1,0,0
0126_pos_0,2,support,1739,1330,0.6136363636363636,1,1,0,0
0126_pos_0,3,support,1640,1742,0.5555555555555556,1,1,0,0
0126_pos_0,4,support,1623,1734,0.5760869565217391,1,1,0,0
0126_pos_0,5,support,1372,1318,0.5263157894736842,1,1,0,0
0126_pos_0,6,support,1808,1722,0.5425531914893617,1,1,0,0
0126_pos_0,7,support,1330,1460,0.550561797752809,1,1,0,0
0126_pos_0,8,support,1712,1055,0.5949367088607594,1,0,0,0
0126_pos_0,9,support,1147,1150,0.6944444444444444,1,1,0,0
0126_pos_0,10,support,1966,1602,0.6021505376344086,1,1,0,0
0126_pos_0,11,support,1290,1258,0.7419354838709677,1,1,0,0
0126_pos_0,12,query,1388,1349,0.6708860759493671,1,2,0,1
0127_neg_0,0,support,1389,1791,0.5057471264367817,1,0,0,0
0127_neg_0,1,support,1564,1523,0.7093023255813954,1,1,0,0
0127_neg_0,2,support,1067,1130,0.6142857142857143,1,1,0,0
0127_neg_0,3,support,1550,1861,0.4247787610619469,1,1,0,0
0127_neg_0,4,support,1051,1263,0.5789473684210527,1,1,0,0
0127_neg_0,5,support,1938,1499,0.6341463414634146,1,1,0,0
0127_neg_0,6,support,1704,1823,0.5681818181818182,1,0,0,0
0127_neg_0,7,support,1592,1529,0.7560975609756098,1,1,0,0
0127_neg_0,8,support,1128,1186,0.7384615384615385,1,0,0,0
0127_neg_0,9,support,1586,1692,0.49473684210526314,1,0,0,0
0127_neg_0,10,support,1667,1502,0.5204081632653061,1,1,0,0
0127_neg_0,11,support,2215,1769,0.59375,1,1,0,0
0127_neg_0,12,query,1324,1478,0.5227272727272727,1,1,0,0
0127_pos_0,0,support,1536,1411,0.6626506024096386,1,1,0,0
0127_pos_0,1,support,1090,1123,0.7014925373134329,1,1,0,0
0127_pos_0,2,support,2326,1877,0.5520833333333334,1,1,0,0
0127_pos_0,3,support,1318,1224,0.6753246753246753,1,1,0,0
0127_pos_0,4,support,1855,1686,0.691358024691358,1,1,0,0
0127_pos_0,5,support,1472,1324,0.5869565217391305,2,2,1,1
0127_pos_0,6,support,1324,1247,0.7027027027027027,1,1,0,0
0127_pos_0,7,support,1636,1807,0.5157894736842106,1,1,0,0
0127_pos_0,8,support,1592,1450,0.717948717948718,1,1,0,0
0127_pos_0,9,support,1129,1007,0.7377049180327869,1,1,0,0
0127_pos_0,10,support,1684,1629,0.5909090909090909,1,1,0,0
0127_pos_0,11,support,1667,1487,0.6195652173913043,1,1,0,0
0127_pos_0,12,query,1662,1588,0.5543478260869565,1,1,0,0
0128_neg_0,0,support,1067,1205,0.5733333333333334,1,1,0,0
0128_neg_0,1,support,1044,1090,0.6865671641791045,1,4,0,3
0128_neg_0,2,support,1062,1024,0.6086956521739131,1,1,0,0
0128_neg_0,3,support,1123,993,0.6818181818181818,1,1,0,0
0128_neg_0,4,support,1076,1289,0.6571428571428571,1,1,0,0
0128_neg_0,5,support,1294,1626,0.6875,1,1,0,0
0128_neg_0,6,support,1032,935,0.5416666666666666,1,1,0,1
0128_neg_0,7,support,1296,1568,0.6049382716049383,2,2,1,1
0128_neg_0,8,support,838,924,0.6164383561643836,1,1,0,0
0128_neg_0,9,support,856,885,0.711864406779661,0,1,0,1
0128_neg_0,10,support,913,1129,0.5641025641025641,0,1,0,0
0128_neg_0,11,support,1671,1772,0.704225352112676,1,1,0,0
0128_neg_0,12,query,1015,1543,0.5555555555555556,0,2,0,1
0128_pos_0,0,support,1061,1365,0.7538461538461538,1,2,0,1
0128_pos_0,1,support,1025,923,0.6865671641791045,1,1,0,0
0128_pos_0,2,support,1112,1258,0.5866666666666667,1,1,0,0
0128_pos_0,3,support,1155,1199,0.7076923076923077,1,1,0,0
0128_pos_0,4,support,1457,1626,0.4835164835164835,1,1,0,0
0128_pos_0,5,support,870,1216,0.75,1,1,0,0
0128_pos_0,6,support,1075,1192,0.7123287671232876,0,0,0,0
0128_pos_0,7,support,1057,1118,0.7619047619047619,1,1,0,0
0128_pos_0,8,support,1280,1317,0.5897435897435898,1,2,0,1
0128_pos_0,9,support,829,868,0.6349206349206349,1,1,0,0
0128_pos_0,10,support,826,1147,0.639344262295082,0,1,0,0
0128_pos_0,11,support,957,1199,0.6764705882352942,0,1,0,0
0128_pos_0,12,query,912,1146,0.5970149253731343,0,2,0,1
0129_neg_0,0,support,891,1004,0.5774647887323944,1,1,0,0
0129_neg_0,1,support,1100,1056,0.676056338028169,1,1,0,0
0129_neg_0,2,support,1248,1020,0.6666666666666666,1,1,0,0
0129_neg_0,3,support,1294,1332,0.726027397260274,1,1,0,0
0129_neg_0,4,support,948,954,0.782608695652174,1,1,0,0
0129_neg_0,5,support,959,951,0.5606060606060606,1,1,0,0
0129_neg_0,6,support,1152,1148,0.6714285714285714,1,1,0,0
0129_neg_0,7,support,1240,1342,0.7236842105263158,1,1,0,0
0129_neg_0,8,support,1386,1263,0.5789473684210527,1,1,0,0
0129_neg_0,9,support,1338,1407,0.6025641025641025,1,1,0,0
0129_neg_0,10,support,1235,1333,0.6933333333333334,1,1,0,0
0129_neg_0,11,support,1194,1122,0.7352941176470589,1,1,0,0
0129_neg_0,12,query,1294,1326,0.5057471264367817,1,1,0,0
0129_pos_0,0,support,1100,1159,0.5333333333333333,1,1,0,0
0129_pos_0,1,support,1248,1156,0.5647058823529412,1,1,0,0
0129_pos_0,2,support,1104,1135,0.7101449275362319,1,1,0,0
0129_pos_0,3,support,953,937,0.8235294117647058,1,1,0,0
0129_pos_0,4,support,960,845,0.5909090909090909,1,1,0,0
0129_pos_0,5,support,935,1097,0.5441176470588235,1,1,0,0
0129_pos_0,6,support,1329,1297,0.6024096385542169,1,1,0,0
0129_pos_0,7,support,1198,1268,0.6282051282051282,1,1,0,0
0129_pos_0,8,support,1240,1015,0.6266666666666667,1,1,0,0
0129_pos_0,9,support,1385,1465,0.5866666666666667,1,1,0,0
0129_pos_0,10,support,1306,1104,0.6164383561643836,1,1,0,0
0129_pos_0,11,support,1233,1405,0.5681818181818182,1,2,0,1
0129_pos_0,12,query,893,931,0.6567164179104478,1,1,0,0
0130_neg_0,0,support,1151,1332,0.5844155844155844,0,1,0,0
0130_neg_0,1,support,1376,1314,0.5949367088607594,0,1,0,0
0130_neg_0,2,support,1580,1390,0.4489795918367347,1,2,0,1
0130_neg_0,3,support,1560,2000,0.5773195876288659,1,1,0,0
0130_neg_0,4,support,1337,1401,0.6265060240963856,1,1,0,0
0130_neg_0,5,support,1266,1512,0.4791666666666667,1,1,0,0
0130_neg_0,6,support,1570,1570,0.5643564356435643,1,2,0,1
0130_neg_0,7,support,1428,1699,0.5662650602409639,0,1,0,0
0130_neg_0,8,support,1211,1575,0.5,1,2,0,1
0130_neg_0,9,support,1373,1418,0.5051546391752577,1,1,0,0
0130_neg_0,10,support,1630,1801,0.5806451612903226,1,1,0,0
0130_neg_0,11,support,1108,1174,0.569620253164557,1,1,0,0
0130_neg_0,12,query,1677,1398,0.5333333333333333,1,1,0,0
0130_pos_0,0,support,1563,1500,0.5529411764705883,1,1,0,0
0130_pos_0,1,support,1475,1485,0.52,1,2,0,1
0130_pos_0,2,support,1692,1789,0.6483516483516484,1,1,0,0
0130_pos_0,3,support,1308,1337,0.6578947368421053,1,1,0,0
0130_pos_0,4,support,1260,1340,0.5568181818181818,1,1,0,0
0130_pos_0,5,support,1457,1221,0.620253164556962,1,2,0,1
0130_pos_0,6,support,1759,1685,0.4368932038834951,1,0,0,0
0130_pos_0,7,support,1531,1490,0.47115384615384615,0,1,0,0
0130_pos_0,8,support,1411,1584,0.6309523809523809,1,1,0,0
0130_pos_0,9,support,1190,1194,0.6125,2,1,1,0
0130_pos_0,10,support,1407,1618,0.6021505376344086,1,1,0,0
0130_pos_0,11,support,1572,1760,0.5319148936170213,1,2,0,1
0130_pos_0,12,query,1212,1300,0.5882352941176471,1,1,0,0
0131_neg_0,0,support,1156,1083,0.5972222222222222,1,0,0,0
0131_neg_0,1,support,1092,960,0.625,1,1,0,0
0131_neg_0,2,support,1122,1349,0.5164835164835165,0,1,0,0
0131_neg_0,3,support,1183,1366,0.5411764705882353,0,1,0,0
0131_neg_0,4,support,1219,1481,0.6,0,1,0,0
0131_neg_0,5,support,1525,1350,0.5222222222222223,1,1,0,0
0131_neg_0,6,support,1730,1534,0.494949494949495,1,1,0,0
0131_neg_0,7,support,805,972,0.6727272727272727,0,1,0,0
0131_neg_0,8,support,1047,873,0.6612903225806451,1,0,0,0
0131_neg_0,9,support,1558,862,0.6,0,1,0,0
0131_neg_0,10,support,962,1073,0.5205479452054794,0,0,0,0
0131_neg_0,11,support,1082,1384,0.676923076923077,0,0,0,0
0131_neg_0,12,query,1276,1314,0.618421052631579,1,1,0,0
0131_pos_0,0,support,1088,1066,0.65625,1,1,0,0
0131_pos_0,1,support,1283,1102,0.5180722891566265,0,1,0,0
0131_pos_0,2,support,1189,1423,0.5641025641025641,0,1,0,0
0131_pos_0,3,support,1233,1452,0.5866666666666667,0,1,0,0
0131_pos_0,4,support,1259,1138,0.782608695652174,1,1,0,0
0131_pos_0,5,support,1196,1403,0.6351351351351351,0,1,0,0
0131_pos_0,6,support,1246,1147,0.6617647058823529,1,1,0,0
0131_pos_0,7,support,1916,1780,0.5047619047619047,1,1,0,0
0131_pos_0,8,support,916,934,0.6065573770491803,0,0,0,0
0131_pos_0,9,support,1098,1168,0.6811594202898551,1,2,0,1
0131_pos_0,10,support,1466,969,0.524390243902439,0,1,0,0
0131_pos_0,11,support,902,1005,0.6285714285714286,1,1,0,0
0131_pos_0,12,query,1106,1030,0.5333333333333333,1,1,0,0
0132_neg_0,0,support,1162,1181,0.7457627118644068,2,1,1,0
0132_neg_0,1,support,1225,1545,0.6233766233766234,1,1,0,0
0132_neg_0,2,support,1173,1262,0.6585365853658537,1,1,0,0
0132_neg_0,3,support,1439,1575,0.6794871794871795,1,1,0,0
0132_neg_0,4,support,1282,1105,0.6097560975609756,1,1,0,0
0132_neg_0,5,support,1209,1370,0.6511627906976745,1,1,0,0
0132_neg_0,6,support,1070,1134,0.6623376623376623,1,1,0,0
0132_neg_0,7,support,813,845,0.8363636363636363,1,1,0,0
0132_neg_0,8,support,1365,1103,0.7222222222222222,1,1,0,0
0132_neg_0,9,support,1413,1172,0.7222222222222222,1,1,0,0
0132_neg_0,10,support,832,844,0.7049180327868853,1,1,0,0
0132_neg_0,11,support,1392,1423,0.5444444444444444,1,1,0,0
0132_neg_0,12,query,1131,1156,0.7142857142857143,1,1,0,0
0132_pos_0,0,support,1343,1353,0.6375,1,1,0,0
0132_pos_0,1,support,1177,1163,0.5925925925925926,1,1,0,0
0132_pos_0,2,support,1378,1461,0.6097560975609756,1,1,0,0
0132_pos_0,3,support,1177,1276,0.5949367088607594,1,1,0,0
0132_pos_0,4,support,1419,1225,0.654320987654321,1,1,0,0
0132_pos_0,5,support,1516,1304,0.5747126436781609,1,2,0,1
0132_pos_0,6,support,1131,1204,0.7611940298507462,1,1,0,0
0132_pos_0,7,support,1026,1111,0.5789473684210527,1,1,0,0
0132_pos_0,8,support,813,877,0.7857142857142857,1,1,0,0
0132_pos_0,9,support,1329,1185,0.6419753086419753,1,1,0,0
0132_pos_0,10,support,1296,1377,0.7532467532467533,1,1,0,0
0132_pos_0,11,support,875,833,0.6363636363636364,1,1,0,0
0132_pos_0,12,query,1164,1244,0.6507936507936508,0,1,0,0
0133_neg_0,0,support,813,885,0.7735849056603774,1,1,0,0
0133_neg_0,1,support,821,913,0.515625,0,1,0,0
0133_neg_0,2,support,844,879,0.7192982456140351,1,1,0,0
0133_neg_0,3,support,848,859,0.7090909090909091,0,0,0,0
0133_neg_0,4,support,839,843,0.6607142857142857,1,0,0,0
0133_neg_0,5,support,842,895,0.5714285714285714,0,1,0,0
0133_neg_0,6,support,884,976,0.578125,1,1,0,0
0133_neg_0,7,support,800,818,0.7169811320754716,1,1,0,0
0133_neg_0,8,support,849,965,0.5072463768115942,1,4,0,1
0133_neg_0,9,support,853,809,0.6140350877192983,1,1,0,0
0133_neg_0,10,support,682,924,0.559322033898305,0,1,0,0
0133_neg_0,11,support,825,829,0.6666666666666666,1,1,0,0
0133_neg_0,12,query,621,795,0.5555555555555556,0,0,0,0
0133_pos_0,0,support,776,848,0.6181818181818182,0,1,0,0
0133_pos_0,1,support,829,866,0.6851851851851852,1,1,0,0
0133_pos_0,2,support,853,874,0.5806451612903226,1,1,0,0
0133_pos_0,3,support,836,928,0.6666666666666666,0,1,0,0
0133_pos_0,4,support,849,841,0.6727272727272727,0,1,0,0
0133_pos_0,5,support,852,794,0.6964285714285714,1,1,0,0
0133_pos_0,6,support,609,647,0.5531914893617021,0,0,0,0
0133_pos_0,7,support,884,859,0.5409836065573771,1,1,0,0
0133_pos_0,8,support,821,830,0.576271186440678,1,0,0,0
0133_pos_0,9,support,835,905,0.6491228070175439,1,1,0,0
0133_pos_0,10,support,944,892,0.6557377049180327,1,1,0,0
0133_pos_0,11,support,820,711,0.5849056603773585,1,0,0,0
0133_pos_0,12,query,806,894,0.6666666666666666,1,0,0,0
0134_neg_0,0,support,2048,2495,0.5888888888888889,0,1,0,0
0134_neg_0,1,support,913,1054,0.7241379310344828,0,0,0,0
0134_neg_0,2,support,824,950,0.5223880597014925,1,0,0,0
0134_neg_0,3,support,1240,1373,0.7397260273972602,2,2,1,1
0134_neg_0,4,support,1330,1135,0.6944444444444444,1,1,0,0
0134_neg_0,5,support,1156,1166,0.527027027027027,0,1,0,0
0134_neg_0,6,support,937,1012,0.5342465753424658,1,1,0,0
0134_neg_0,7,support,864,827,0.5645161290322581,0,1,0,0
0134_neg_0,8,support,907,1002,0.6515151515151515,1,1,0,0
0134_neg_0,9,support,968,985,0.7580645161290323,0,0,0,0
0134_neg_0,10,support,978,962,0.640625,1,0,0,0
0134_neg_0,11,support,973,1051,0.5512820512820513,1,0,0,0
0134_neg_0,12,query,854,1079,0.6290322580645161,0,1,0,0
0134_pos_0,0,support,1002,1000,0.6792452830188679,0,0,0,0
0134_pos_0,1,support,827,868,0.5645161290322581,1,0,0,0
0134_pos_0,2,support,1238,1348,0.6527777777777778,2,1,1,0
0134_pos_0,3,support,1554,1311,0.6363636363636364,1,2,0,1
0134_pos_0,4,support,1165,1140,0.5333333333333333,0,0,0,0
0134_pos_0,5,support,1158,1186,0.6447368421052632,1,1,0,0
0134_pos_0,6,support,851,1042,0.7037037037037037,0,1,0,0
0134_pos_0,7,support,939,1066,0.6268656716417911,1,1,0,0
0134_pos_0,8,support,962,1078,0.5972222222222222,1,1,0,0
0134_pos_0,9,support,867,955,0.6935483870967742,1,0,0,0
0134_pos_0,10,support,967,992,0.5774647887323944,0,0,0,0
0134_pos_0,11,support,945,988,0.5882352941176471,1,1,0,0
0134_pos_0,12,query,2088,2311,0.6707317073170732,0,0,0,0
0135_neg_0,0,support,1657,1458,0.7564102564102564,1,2,0,1
0135_neg_0,1,support,1668,1746,0.5192307692307693,1,1,0,0
0135_neg_0,2,support,2000,1843,0.6226415094339622,1,1,0,0
0135_neg_0,3,support,1655,1425,0.5510204081632653,1,2,0,0
0135_neg_0,4,support,1633,1782,0.53,1,1,0,0
0135_neg_0,5,support,1688,1812,0.5934065934065934,1,2,0,1
0135_neg_0,6,support,1209,1269,0.569620253164557,1,1,0,0
0135_neg_0,7,support,1222,1416,0.5609756097560976,0,2,0,1
0135_neg_0,8,support,1217,1389,0.6071428571428571,0,1,0,0
0135_neg_0,9,support,1673,1306,0.4479166666666667,1,1,0,0
0135_neg_0,10,support,1154,1257,0.5853658536585366,1,1,0,0
0135_neg_0,11,support,1294,1465,0.6049382716049383,1,1,0,0
0135_neg_0,12,query,1620,1361,0.6521739130434783,1,1,0,0
0135_pos_0,0,support,1654,1698,0.4491525423728814,2,2,1,1
0135_pos_0,1,support,1767,1705,0.673469387755102,1,2,0,1
0135_pos_0,2,support,1412,1523,0.6428571428571429,1,2,0,1
0135_pos_0,3,support,1305,1419,0.6395348837209303,1,0,0,0
0135_pos_0,4,support,1657,1516,0.6067415730337079,2,2,1,1
0135_pos_0,5,support,1095,1097,0.6883116883116883,1,1,0,0
0135_pos_0,6,support,1383,1410,0.6951219512195121,1,2,0,1
0135_pos_0,7,support,1344,1264,0.5483870967741935,1,2,0,1
0135_pos_0,8,support,1215,1471,0.5875,0,1,0,0
0135_pos_0,9,support,1106,1382,0.6419753086419753,1,2,0,1
0135_pos_0,10,support,1645,1661,0.45689655172413796,1,2,0,1
0135_pos_0,11,support,1164,1323,0.5681818181818182,1,1,0,0
0135_pos_0,12,query,1781,1561,0.5567010309278351,0,2,0,1
0136_neg_0,0,support,1268,1156,0.5333333333333333,1,0,0,0
0136_neg_0,1,support,1450,1773,0.47474747474747475,1,1,0,0
0136_neg_0,2,support,1049,993,0.6935483870967742,1,0,0,0
0136_neg_0,3,support,1315,1648,0.49038461538461536,1,2,0,1
0136_neg_0,4,support,1822,1724,0.509090909090909,1,2,0,1
0136_neg_0,5,support,1461,1590,0.504950495049505,1,2,0,1
0136_neg_0,6,support,1523,1168,0.6623376623376623,1,2,0,1
0136_neg_0,7,support,1585,1605,0.5376344086021505,1,1,0,0
0136_neg_0,8,support,1578,1488,0.5116279069767442,1,1,0,0
0136_neg_0,9,support,1240,1272,0.7538461538461538,1,0,0,0
0136_neg_0,10,support,1293,1145,0.5064935064935064,1,1,0,0
0136_neg_0,11,support,1357,1632,0.5866666666666667,1,1,0,0
0136_neg_0,12,query,1426,1182,0.5679012345679012,1,1,0,0
0136_pos_0,0,support,1487,1596,0.6144578313253012,1,1,0,0
0136_pos_0,1,support,1182,1117,0.6666666666666666,1,1,0,0
0136_pos_0,2,support,1489,1247,0.6477272727272727,1,1,0,0
0136_pos_0,3,support,1754,1530,0.5416666666666666,1,1,0,0
0136_pos_0,4,support,1475,1541,0.48484848484848486,1,2,0,0
0136_pos_0,5,support,1670,1523,0.5760869565217391,1,3,0,2
0136_pos_0,6,support,1390,1320,0.5681818181818182,1,2,0,1
0136_pos_0,7,support,1295,1274,0.5,0,1,0,0
0136_pos_0,8,support,1547,1450,0.4326923076923077,1,0,0,0
0136_pos_0,9,support,1607,1695,0.5684210526315789,1,1,0,0
0136_pos_0,10,support,1181,1179,0.6417910447761194,1,1,0,0
0136_pos_0,11,support,1014,985,0.7333333333333333,1,1,0,0
0136_pos_0,12,query,1300,1297,0.6984126984126984,1,1,0,0
0137_neg_0,0,support,1109,1099,0.5774647887323944,1,2,0,1
0137_neg_0,1,support,965,1164,0.6764705882352942,1,1,0,0
0137_neg_0,2,support,1438,1604,0.6585365853658537,1,1,0,0
0137_neg_0,3,support,1314,1477,0.5425531914893617,1,0,0,0
0137_neg_0,4,support,1592,1442,0.5638297872340425,1,1,0,0
0137_neg_0,5,support,1635,1707,0.4830508474576271,1,2,0,1
0137_neg_0,6,support,2182,1550,0.5714285714285714,1,1,0,0
0137_neg_0,7,support,1056,1257,0.7142857142857143,1,2,0,1
0137_neg_0,8,support,945,1075,0.6,1,1,0,0
0137_neg_0,9,support,851,854,0.7222222222222222,1,1,0,0
0137_neg_0,10,support,1816,1944,0.6707317073170732,1,1,0,0
0137_neg_0,11,support,1714,1795,0.4098360655737705,1,1,0,0
0137_neg_0,12,query,1386,1433,0.46808510638297873,1,1,0,0
0137_pos_0,0,support,971,1378,0.5753424657534246,1,2,0,1
0137_pos_0,1,support,1577,1395,0.6794871794871795,1,2,0,1
0137_pos_0,2,support,1583,1129,0.5,1,2,0,1
0137_pos_0,3,support,1563,1600,0.6129032258064516,1,2,0,1
0137_pos_0,4,support,1630,1646,0.44881889763779526,1,1,0,0
0137_pos_0,5,support,1456,1704,0.627906976744186,1,2,0,1
0137_pos_0,6,support,1521,1697,0.5054945054945055,1,1,0,0
0137_pos_0,7,support,2133,1952,0.56,1,1,0,0
0137_pos_0,8,support,1054,1176,0.6805555555555556,1,2,0,1
0137_pos_0,9,support,945,938,0.8035714285714286,1,1,0,0
0137_pos_0,10,support,843,793,0.7735849056603774,1,0,0,0
0137_pos_0,11,support,1889,1817,0.5977011494252874,1,2,0,1
0137_pos_0,12,query,1020,1115,0.6935483870967742,1,1,0,0
0138_neg_0,0,support,1057,861,0.5070422535211268,1,1,0,1
0138_neg_0,1,support,1149,1281,0.6527777777777778,0,2,0,1
0138_neg_0,2,support,1283,1207,0.7101449275362319,1,2,0,1
0138_neg_0,3,support,1393,1289,0.6438356164383562,2,2,0,0
0138_neg_0,4,support,1187,1050,0.5866666666666667,1,2,0,1
0138_neg_0,5,support,1380,1403,0.5543478260869565,1,2,0,1
0138_neg_0,6,support,1348,1568,0.6447368421052632,1,2,0,1
0138_neg_0,7,support,1751,1883,0.6206896551724138,1,1,0,0
0138_neg_0,8,support,2133,1562,0.5192307692307693,1,1,0,0
0138_neg_0,9,support,1370,1289,0.5425531914893617,1,1,0,0
0138_neg_0,10,support,1261,1161,0.5569620253164557,1,1,0,0
0138_neg_0,11,support,1898,1425,0.6161616161616161,1,2,0,1
0138_neg_0,12,query,1530,1443,0.5930232558139535,1,1,0,0
0138_pos_0,0,support,1224,1209,0.7352941176470589,0,2,0,1
0138_pos_0,1,support,1247,1302,0.6666666666666666,1,2,0,1
0138_pos_0,2,support,1476,1369,0.5581395348837209,1,3,0,1
0138_pos_0,3,support,1323,1250,0.7205882352941176,1,1,0,0
0138_pos_0,4,support,1192,1208,0.7361111111111112,2,2,1,1
0138_pos_0,5,support,1599,1396,0.5730337078651685,1,2,0,1
0138_pos_0,6,support,1750,1838,0.5353535353535354,2,2,1,1
0138_pos_0,7,support,1387,1338,0.7352941176470589,1,2,0,1
0138_pos_0,8,support,1886,2287,0.5555555555555556,1,2,0,1
0138_pos_0,9,support,2111,1705,0.4473684210526316,1,1,0,0
0138_pos_0,10,support,1587,1680,0.6559139784946236,1,2,0,1
0138_pos_0,11,support,1237,1010,0.5972222222222222,1,2,0,1
0138_pos_0,12,query,1043,1152,0.47560975609756095,1,0,0,0
0139_neg_0,0,support,1268,1395,0.5287356321839081,0,2,0,1
0139_neg_0,1,support,974,1250,0.5512820512820513,2,1,1,0
0139_neg_0,2,support,989,1059,0.6885245901639344,2,1,1,0
0139_neg_0,3,support,1428,1531,0.6585365853658537,1,1,0,0
0139_neg_0,4,support,1430,1442,0.5662650602409639,2,2,1,1
0139_neg_0,5,support,1389,1509,0.47368421052631576,1,2,0,1
0139_neg_0,6,support,1657,1641,0.5257731958762887,1,1,0,0
0139_neg_0,7,support,1512,1207,0.5416666666666666,0,1,0,0
0139_neg_0,8,support,955,1028,0.5138888888888888,0,1,0,0
0139_neg_0,9,support,1565,1103,0.5647058823529412,1,1,0,0
0139_neg_0,10,support,1808,1367,0.49019607843137253,1,1,0,0
0139_neg_0,11,support,1199,1201,0.6857142857142857,1,1,0,0
0139_neg_0,12,query,1318,1506,0.5227272727272727,1,1,0,0
0139_pos_0,0,support,949,1354,0.5308641975308642,1,2,0,1
0139_pos_0,1,support,913,1122,0.6031746031746031,1,1,0,0
0139_pos_0,2,support,1452,1434,0.6973684210526315,1,1,0,0
0139_pos_0,3,support,1457,1301,0.6125,1,1,0,0
0139_pos_0,4,support,1817,1707,0.45714285714285713,1,2,0,1
0139_pos_0,5,support,1006,1076,0.6567164179104478,1,1,0,0
0139_pos_0,6,support,1289,1215,0.5584415584415584,0,2,0,1
0139_pos_0,7,support,1383,1331,0.75,1,1,0,0
0139_pos_0,8,support,1234,1470,0.5894736842105263,1,1,0,0
0139_pos_0,9,support,975,920,0.59375,0,2,0,1
0139_pos_0,10,support,1403,1516,0.5393258426966292,1,1,0,0
0139_pos_0,11,support,1468,1669,0.5777777777777777,2,1,1,0
0139_pos_0,12,query,1245,1319,0.6111111111111112,0,1,0,1
0140_neg_0,0,support,1208,1230,0.5844155844155844,1,1,0,0
0140_neg_0,1,support,1173,1307,0.6842105263157895,1,1,0,0
0140_neg_0,2,support,1592,1772,0.49038461538461536,1,1,0,0
0140_neg_0,3,support,1924,1944,0.4583333333333333,1,0,0,0
0140_neg_0,4,support,1311,1243,0.5733333333333334,1,1,0,0
0140_neg_0,5,support,1608,1571,0.6373626373626373,1,1,0,0
0140_neg_0,6,support,1487,1354,0.5104166666666666,1,1,0,0
0140_neg_0,7,support,1274,1094,0.711864406779661,1,1,0,0
0140_neg_0,8,support,1203,971,0.7258064516129032,1,1,0,0
0140_neg_0,9,support,1269,1007,0.6363636363636364,1,1,0,0
0140_neg_0,10,support,1168,1051,0.6461538461538462,1,1,0,0
0140_neg_0,11,support,1463,1346,0.7272727272727273,1,1,0,0
0140_neg_0,12,query,1441,1465,0.5591397849462365,1,1,0,0
0140_pos_0,0,support,1088,1058,0.676923076923077,1,1,0,0
0140_pos_0,1,support,1559,1969,0.53,1,1,0,0
0140_pos_0,2,support,1736,1756,0.5612244897959183,1,1,0,0
0140_pos_0,3,support,1311,1086,0.7391304347826086,1,1,0,0
0140_pos_0,4,support,1577,1413,0.5882352941176471,1,1,0,0
0140_pos_0,5,support,1829,1692,0.6808510638297872,1,1,0,0
0140_pos_0,6,support,1458,1515,0.6,1,2,0,1
0140_pos_0,7,support,1510,984,0.4772727272727273,1,1,0,0
0140_pos_0,8,support,1152,1329,0.6363636363636364,1,1,0,0
0140_pos_0,9,support,1218,1057,0.703125,1,1,0,0
0140_pos_0,10,support,1260,1394,0.6710526315789473,1,1,0,0
0140_pos_0,11,support,1075,985,0.676923076923077,1,1,0,0
0140_pos_0,12,query,1185,1092,0.6301369863013698,1,1,0,0
0141_neg_0,0,support,1239,1369,0.5340909090909091,1,1,0,0
0141_neg_0,1,support,1259,1410,0.4883720930232558,2,2,1,1
0141_neg_0,2,support,1244,1360,0.5604395604395604,1,1,0,0
0141_neg_0,3,support,1417,1488,0.5625,2,2,1,1
0141_neg_0,4,support,843,1091,0.5915492957746479,1,1,0,0
0141_neg_0,5,support,1489,1447,0.6438356164383562,1,0,0,0
0141_neg_0,6,support,1063,1157,0.609375,1,1,0,0
0141_neg_0,7,support,1317,1307,0.6179775280898876,1,1,0,0
0141_neg_0,8,support,1114,1008,0.6825396825396826,1,0,0,0
0141_neg_0,9,support,940,850,0.6229508196721312,0,1,0,0
0141_neg_0,10,support,1000,1173,0.48717948717948717,1,1,0,0
0141_neg_0,11,support,1268,1296,0.6338028169014085,0,1,0,0
0141_neg_0,12,query,2022,1247,0.5647058823529412,1,1,0,0
0141_pos_0,0,support,1296,1161,0.6582278481012658,2,2,1,1
0141_pos_0,1,support,1277,1281,0.625,1,1,0,0
0141_pos_0,2,support,1359,1542,0.4666666666666667,1,1,0,0
0141_pos_0,3,support,859,1082,0.6176470588235294,1,1,0,0
0141_pos_0,4,support,1535,1466,0.5921052631578947,1,1,0,0
0141_pos_0,5,support,927,945,0.6610169491525424,1,1,0,0
0141_pos_0,6,support,1418,1335,0.5542168674698795,1,1,0,0
0141_pos_0,7,support,928,1484,0.5342465753424658,1,0,0,0
0141_pos_0,8,support,1327,1376,0.5319148936170213,3,3,1,1
0141_pos_0,9,support,1115,941,0.6825396825396826,1,0,0,0
0141_pos_0,10,support,959,995,0.5671641791044776,0,0,0,0
0141_pos_0,11,support,1012,1437,0.41,1,1,0,0
0141_pos_0,12,query,1249,1267,0.5697674418604651,1,1,0,0
0142_neg_0,0,support,1100,1169,0.527027027027027,1,0,0,0
0142_neg_0,1,support,1537,1253,0.47368421052631576,1,2,0,1
0142_neg_0,2,support,1334,1573,0.6043956043956044,1,2,0,1
0142_neg_0,3,support,1072,1179,0.589041095890411,1,1,0,0
0142_neg_0,4,support,1294,1363,0.6756756756756757,1,1,0,0
0142_neg_0,5,support,932,1092,0.6060606060606061,1,1,0,0
0142_neg_0,6,support,3164,2109,0.4727272727272727,1,1,0,0
0142_neg_0,7,support,1731,2145,0.5520833333333334,1,1,0,0
0142_neg_0,8,support,1891,1509,0.5098039215686274,2,2,1,1
0142_neg_0,9,support,2895,2127,0.5631067961165048,1,1,0,0
0142_neg_0,10,support,2653,2694,0.5454545454545454,1,1,0,0
0142_neg_0,11,support,968,1145,0.6301369863013698,1,1,0,0
0142_neg_0,12,query,2679,2431,0.6,1,1,0,0
0142_pos_0,0,support,1450,1667,0.5555555555555556,1,1,0,0
0142_pos_0,1,support,1383,1468,0.627906976744186,1,2,0,1
0142_pos_0,2,support,1081,1188,0.6911764705882353,1,2,0,1
0142_pos_0,3,support,1327,1372,0.5357142857142857,1,1,0,0
0142_pos_0,4,support,922,965,0.75,1,1,0,0
0142_pos_0,5,support,1491,1195,0.6538461538461539,1,1,0,0
0142_pos_0,6,support,2679,2657,0.5943396226415094,1,1,0,0
0142_pos_0,7,support,2259,2950,0.45528455284552843,1,1,0,0
0142_pos_0,8,support,1887,2295,0.6341463414634146,1,1,0,0
0142_pos_0,9,support,1854,1732,0.4132231404958678,1,1,0,0
0142_pos_0,10,support,2658,2928,0.69,1,1,0,0
0142_pos_0,11,support,2680,2465,0.5196078431372549,1,1,0,0
0142_pos_0,12,query,1248,1233,0.5974025974025974,1,1,0,0
0143_neg_0,0,support,947,1019,0.7288135593220338,0,0,0,0
0143_neg_0,1,support,1101,1198,0.6712328767123288,1,1,0,0
0143_neg_0,2,support,1261,1182,0.5844155844155844,1,1,0,0
0143_neg_0,3,support,1327,1455,0.5476190476190477,1,1,0,0
0143_neg_0,4,support,1135,1033,0.5974025974025974,1,0,0,0
0143_neg_0,5,support,1296,1133,0.6351351351351351,1,1,0,0
0143_neg_0,6,support,1150,1315,0.6756756756756757,1,1,0,0
0143_neg_0,7,support,1451,1030,0.5194805194805194,1,0,0,0
0143_neg_0,8,support,1162,1145,0.6438356164383562,1,2,0,1
0143_neg_0,9,support,1246,1140,0.734375,1,1,0,0
0143_neg_0,10,support,1120,1238,0.6666666666666666,1,1,0,0
0143_neg_0,11,support,1042,1130,0.5774647887323944,1,1,0,0
0143_neg_0,12,query,1273,1305,0.5764705882352941,1,1,0,0
0143_pos_0,0,support,1436,1225,0.7183098591549296,1,0,0,0
0143_pos_0,1,support,1212,1180,0.6233766233766234,1,1,0,0
0143_pos_0,2,support,1413,1447,0.5476190476190477,1,1,0,0
0143_pos_0,3,support,1135,1088,0.6486486486486487,1,1,0,0
0143_pos_0,4,support,1338,1902,0.5517241379310345,1,1,0,0
0143_pos_0,5,support,1316,1269,0.6142857142857143,1,1,0,0
0143_pos_0,6,support,989,1228,0.6619718309859155,1,1,0,0
0143_pos_0,7,support,1150,1089,0.7323943661971831,1,1,0,0
0143_pos_0,8,support,1374,826,0.5588235294117647,1,0,0,0
0143_pos_0,9,support,1102,1074,0.5384615384615384,1,1,0,0
0143_pos_0,10,support,1271,1269,0.5569620253164557,1,1,0,0
0143_pos_0,11,support,1092,1205,0.589041095890411,1,1,0,0
0143_pos_0,12,query,951,1069,0.7627118644067796,0,0,0,0
0144_neg_0,0,support,1316,1294,0.6097560975609756,1,0,0,0
0144_neg_0,1,support,1107,1252,0.5,0,1,0,0
0144_neg_0,2,support,1330,1496,0.5569620253164557,0,1,0,0
0144_neg_0,3,support,866,1066,0.5909090909090909,1,1,0,0
0144_neg_0,4,support,810,1004,0.4657534246575342,0,1,0,0
0144_neg_0,5,support,1136,1243,0.5227272727272727,0,1,0,0
0144_neg_0,6,support,1018,985,0.5846153846153846,1,1,0,0
0144_neg_0,7,support,1079,990,0.6896551724137931,1,1,0,0
0144_neg_0,8,support,933,981,0.7368421052631579,1,1,0,0
0144_neg_0,9,support,1210,1209,0.7538461538461538,2,2,1,1
0144_neg_0,10,support,923,961,0.6774193548387096,1,1,0,0
0144_neg_0,11,support,1009,1056,0.7407407407407407,1,1,0,0
0144_neg_0,12,query,1709,1575,0.676056338028169,0,0,0,0
0144_pos_0,0,support,1410,1240,0.6911764705882353,0,1,0,0
0144_pos_0,1,support,1389,1371,0.6027397260273972,0,0,0,0
0144_pos_0,2,support,1003,966,0.75,1,1,0,0
0144_pos_0,3,support,1136,1070,0.49333333333333335,0,0,0,0
0144_pos_0,4,support,1136,1489,0.6,0,1,0,0
0144_pos_0,5,support,1353,1397,0.7272727272727273,2,1,1,0
0144_pos_0,6,support,1681,1610,0.7105263157894737,0,0,0,0
0144_pos_0,7,support,1018,745,0.5517241379310345,1,1,0,0
0144_pos_0,8,support,1080,810,0.6727272727272727,1,1,0,0
0144_pos_0,9,support,1081,1099,0.6557377049180327,0,1,0,0
0144_pos_0,10,support,1251,1212,0.6811594202898551,2,1,1,0
0144_pos_0,11,support,923,928,0.6507936507936508,1,0,0,0
0144_pos_0,12,query,1426,1600,0.58,0,1,0,0
0145_neg_0,0,support,823,935,0.5,0,1,0,1
0145_neg_0,1,support,1128,1119,0.5384615384615384,1,1,0,0
0145_neg_0,2,support,1086,1122,0.5945945945945946,1,1,0,0
0145_neg_0,3,support,2149,1698,0.5212765957446809,1,1,0,0
0145_neg_0,4,support,1173,1231,0.5975609756097561,1,1,0,0
0145_neg_0,5,support,1287,1381,0.5764705882352941,1,1,0,0
0145_neg_0,6,support,3212,1995,0.5656565656565656,1,1,0,0
0145_neg_0,7,support,1307,1159,0.6052631578947368,1,1,0,0
0145_neg_0,8,support,891,963,0.6417910447761194,1,1,0,0
0145_neg_0,9,support,1603,1469,0.5625,0,1,0,0
0145_neg_0,10,support,1443,1349,0.5340909090909091,1,2,0,1
0145_neg_0,11,support,784,781,0.5423728813559322,0,1,0,0
0145_neg_0,12,query,1216,1115,0.6266666666666667,0,2,0,1
0145_pos_0,0,support,1136,966,0.5833333333333334,1,1,0,0
0145_pos_0,1,support,1106,1062,0.6617647058823529,1,1,0,0
0145_pos_0,2,support,1940,1842,0.49038461538461536,1,1,0,0
0145_pos_0,3,support,1135,1337,0.5675675675675675,1,1,0,0
0145_pos_0,4,support,1216,1415,0.5106382978723404,2,1,1,0
0145_pos_0,5,support,1442,1602,0.4880952380952381,1,1,0,0
0145_pos_0,6,support,1209,1147,0.618421052631579,0,1,0,0
0145_pos_0,7,support,2793,2467,0.5769230769230769,1,0,0,0
0145_pos_0,8,support,1378,1406,0.627906976744186,1,1,0,0
0145_pos_0,9,support,890,976,0.5128205128205128,1,1,0,0
0145_pos_0,10,support,1546,1635,0.4742268041237113,0,1,0,0
0145_pos_0,11,support,1443,1121,0.6714285714285714,1,1,0,0
0145_pos_0,12,query,842,877,0.6610169491525424,0,0,0,0
0146_neg_0,0,support,1058,1256,0.5662650602409639,0,2,0,1
0146_neg_0,1,support,1598,1765,0.5092592592592593,1,0,0,0
0146_neg_0,2,support,1446,1435,0.6309523809523809,0,2,0,1
0146_neg_0,3,support,1098,1083,0.6805555555555556,2,2,1,1
0146_neg_0,4,support,1291,1443,0.5473684210526316,0,1,0,0
0146_neg_0,5,support,1517,1314,0.5913978494623656,0,2,0,1
0146_neg_0,6,support,1264,1469,0.5975609756097561,0,1,0,0
0146_neg_0,7,support,1541,1382,0.6781609195402298,1,1,0,0
0146_neg_0,8,support,1469,1449,0.6341463414634146,1,1,0,0
0146_neg_0,9,support,1267,1810,0.6024096385542169,0,1,0,0
0146_neg_0,10,support,1364,1550,0.6,1,1,0,0
0146_neg_0,11,support,1536,1684,0.594059405940594,0,1,0,0
0146_neg_0,12,query,1217,1066,0.5897435897435898,0,1,0,0
0146_pos_0,0,support,1428,1597,0.6477272727272727,1,2,0,1
0146_pos_0,1,support,1444,1354,0.7012987012987013,0,2,0,1
0146_pos_0,2,support,1082,1065,0.78125,2,2,1,1
0146_pos_0,3,support,1299,1175,0.5882352941176471,0,2,0,1
0146_pos_0,4,support,1373,1496,0.5543478260869565,0,2,0,1
0146_pos_0,5,support,1408,1374,0.696078431372549,1,1,0,0
0146_pos_0,6,support,1218,1101,0.6375,0,2,0,1
0146_pos_0,7,support,1309,1298,0.6756756756756757,0,1,0,0
0146_pos_0,8,support,1552,1387,0.6296296296296297,1,1,0,0
0146_pos_0,9,support,1262,1447,0.632183908045977,1,1,0,0
0146_pos_0,10,support,1370,1298,0.6024096385542169,0,2,0,1
0146_pos_0,11,support,1340,1614,0.6463414634146342,1,2,0,0
0146_pos_0,12,query,1031,1185,0.6714285714285714,0,2,0,1
0147_neg_0,0,support,1562,1496,0.6511627906976745,1,1,0,0
0147_neg_0,1,support,1755,1639,0.4807692307692308,1,2,0,1
0147_neg_0,2,support,1324,1216,0.6266666666666667,1,2,0,1
0147_neg_0,3,support,1215,1206,0.5555555555555556,1,2,0,1
0147_neg_0,4,support,1499,1541,0.6666666666666666,1,1,0,0
0147_neg_0,5,support,917,888,0.7049180327868853,0,0,0,0
0147_neg_0,6,support,1123,1278,0.5,0,0,0,0
0147_neg_0,7,support,1480,1400,0.6708860759493671,1,1,0,0
0147_neg_0,8,support,1139,1084,0.7692307692307693,1,2,0,1
0147_neg_0,9,support,1172,1454,0.5,1,2,0,1
0147_neg_0,10,support,1382,1203,0.7183098591549296,1,2,0,1
0147_neg_0,11,support,1418,1318,0.5730337078651685,1,2,0,1
0147_neg_0,12,query,1109,1171,0.5454545454545454,0,0,0,0
0147_pos_0,0,support,1714,1602,0.6021505376344086,1,2,0,1
0147_pos_0,1,support,1254,1180,0.75,1,1,0,0
0147_pos_0,2,support,1197,1200,0.5930232558139535,1,1,0,0
0147_pos_0,3,support,1491,1495,0.6235294117647059,1,1,0,0
0147_pos_0,4,support,920,918,0.7076923076923077,0,0,0,0
0147_pos_0,5,support,1143,1387,0.550561797752809,1,2,0,1
0147_pos_0,6,support,1025,1041,0.5844155844155844,0,0,0,0
0147_pos_0,7,support,1194,1148,0.44680851063829785,0,1,0,1
0147_pos_0,8,support,1549,1324,0.6538461538461539,1,1,0,0
0147_pos_0,9,support,1112,1253,0.6533333333333333,0,1,0,0
0147_pos_0,10,support,1210,1201,0.5783132530120482,1,1,0,0
0147_pos_0,11,support,1565,1527,0.6962025316455697,1,2,0,1
0147_pos_0,12,query,1588,1417,0.6,1,1,0,0
0148_neg_0,0,support,1382,1445,0.5930232558139535,1,1,0,0
0148_neg_0,1,support,1659,1557,0.5567010309278351,1,2,0,1
0148_neg_0,2,support,1809,1968,0.6276595744680851,1,2,0,1
0148_neg_0,3,support,1671,1335,0.7349397590361446,1,1,0,0
0148_neg_0,4,support,1357,1365,0.51,1,2,0,1
0148_neg_0,5,support,1269,1313,0.6022727272727273,1,2,0,1
0148_neg_0,6,support,1608,1589,0.5,1,2,0,1
0148_neg_0,7,support,1374,1252,0.5473684210526316,1,1,0,1
0148_neg_0,8,support,1510,1109,0.6533333333333333,1,1,0,0
0148_neg_0,9,support,1361,959,0.7538461538461538,1,1,0,0
0148_neg_0,10,support,1594,1891,0.6210526315789474,1,2,0,1
0148_neg_0,11,support,1085,1095,0.6865671641791045,1,1,0,0
0148_neg_0,12,query,1345,1135,0.6666666666666666,1,1,0,0
0148_pos_0,0,support,1622,1301,0.4639175257731959,1,1,0,0
0148_pos_0,1,support,1798,1306,0.5604395604395604,1,2,0,1
0148_pos_0,2,support,1707,1522,0.5888888888888889,1,2,0,1
0148_pos_0,3,support,1437,1353,0.52,1,2,0,1
0148_pos_0,4,support,1233,1322,0.6111111111111112,1,2,0,1
0148_pos_0,5,support,1395,1377,0.6136363636363636,1,2,0,1
0148_pos_0,6,support,1363,1114,0.5294117647058824,1,0,0,0
0148_pos_0,7,support,1563,1673,0.5764705882352941,1,1,0,0
0148_pos_0,8,support,1337,1041,0.5747126436781609,1,1,0,1
0148_pos_0,9,support,1536,1487,0.6172839506172839,1,1,0,0
0148_pos_0,10,support,1352,1483,0.7183098591549296,1,1,0,0
0148_pos_0,11,support,1618,1462,0.6708860759493671,1,0,0,0
0148_pos_0,12,query,1356,1229,0.675,1,1,0,0
0149_neg_0,0,support,1067,1140,0.6363636363636364,1,1,0,0
0149_neg_0,1,support,1206,1420,0.6075949367088608,1,1,0,0
0149_neg_0,2,support,1115,915,0.6290322580645161,1,0,0,0
0149_neg_0,3,support,887,946,0.6666666666666666,1,1,0,0
0149_neg_0,4,support,1667,1404,0.4943820224719101,1,1,0,0
0149_neg_0,5,support,1111,1169,0.6714285714285714,1,1,0,0
0149_neg_0,6,support,1558,1148,0.5952380952380952,1,1,0,0
0149_neg_0,7,support,767,947,0.6785714285714286,0,1,0,0
0149_neg_0,8,support,839,864,0.639344262295082,1,1,0,0
0149_neg_0,9,support,755,848,0.6981132075471698,0,1,0,0
0149_neg_0,10,support,796,789,0.6785714285714286,1,1,0,0
0149_neg_0,11,support,909,912,0.7457627118644068,1,1,0,0
0149_neg_0,12,query,974,1103,0.6164383561643836,0,1,0,0
0149_pos_0,0,support,1231,1425,0.6025641025641025,1,1,0,0
0149_pos_0,1,support,1011,1095,0.6,0,1,0,0
0149_pos_0,2,support,887,918,0.75,1,1,0,0
0149_pos_0,3,support,1279,1220,0.7285714285714285,1,1,0,0
0149_pos_0,4,support,1272,1134,0.6567164179104478,1,1,0,0
0149_pos_0,5,support,1267,1313,0.6911764705882353,1,1,0,0
0149_pos_0,6,support,974,1023,0.6666666666666666,0,1,0,0
0149_pos_0,7,support,1541,1262,0.5106382978723404,0,1,0,0
0149_pos_0,8,support,800,842,0.6792452830188679,0,1,0,0
0149_pos_0,9,support,839,857,0.6129032258064516,1,1,0,0
0149_pos_0,10,support,789,901,0.6333333333333333,1,1,0,0
0149_pos_0,11,support,806,917,0.6451612903225806,1,1,0,0
0149_pos_0,12,query,1040,1099,0.5774647887323944,1,1,0,0
0150_neg_0,0,support,1167,1157,0.5333333333333333,1,1,0,0
0150_neg_0,1,support,1032,1028,0.6666666666666666,1,1,0,0
0150_neg_0,2,support,1599,1287,0.5822784810126582,1,2,0,1
0150_neg_0,3,support,947,1013,0.7288135593220338,1,1,0,0
0150_neg_0,4,support,1046,895,0.6268656716417911,1,1,0,0
0150_neg_0,5,support,1239,1291,0.6533333333333333,1,1,0,0
0150_neg_0,6,support,1478,2239,0.5247524752475248,1,1,0,0
0150_neg_0,7,support,932,1119,0.3978494623655914,1,1,0,0
0150_neg_0,8,support,1081,1095,0.6212121212121212,1,1,0,0
0150_neg_0,9,support,1093,1156,0.5135135135135135,1,1,0,0
0150_neg_0,10,support,1187,1231,0.5125,1,1,0,0
0150_neg_0,11,support,932,1033,0.6571428571428571,1,1,0,0
0150_neg_0,12,query,1529,1700,0.5368421052631579,1,2,0,1
0150_pos_0,0,support,1055,1065,0.7301587301587301,1,1,0,0
0150_pos_0,1,support,1569,1432,0.5402298850574713,1,2,0,1
0150_pos_0,2,support,901,1082,0.582089552238806,1,1,0,0
0150_pos_0,3,support,1053,1124,0.6923076923076923,1,1,0,0
0150_pos_0,4,support,1274,1329,0.684931506849315,1,1,0,0
0150_pos_0,5,support,1344,1485,0.5056179775280899,1,0,0,0
0150_pos_0,6,support,1625,1690,0.5544554455445545,1,1,0,0
0150_pos_0,7,support,1657,1678,0.6419753086419753,1,1,0,0
0150_pos_0,8,support,1035,1059,0.38461538461538464,1,1,0,0
0150_pos_0,9,support,1081,942,0.5882352941176471,1,1,0,0
0150_pos_0,10,support,1019,1217,0.5753424657534246,1,1,0,0
0150_pos_0,11,support,1501,1257,0.4772727272727273,1,1,0,0
0150_pos_0,12,query,1187,1241,0.5432098765432098,1,1,0,0
0151_neg_0,0,support,2199,2461,0.48214285714285715,1,1,0,0
0151_neg_0,1,support,2627,2477,0.62,1,1,0,0
0151_neg_0,2,support,1371,1702,0.5747126436781609,1,1,0,0
0151_neg_0,3,support,2353,1920,0.5858585858585859,1,1,0,0
0151_neg_0,4,support,1833,2163,0.5686274509803921,1,1,0,0
0151_neg_0,5,support,1623,2220,0.5617977528089888,1,1,0,0
0151_neg_0,6,support,1795,1272,0.5168539325842697,1,1,0,0
0151_neg_0,7,support,1638,1705,0.569620253164557,1,0,0,0
0151_neg_0,8,support,1022,1159,0.696969696969697,1,1,0,0
0151_neg_0,9,support,1754,1619,0.6923076923076923,1,1,0,0
0151_neg_0,10,support,1772,1585,0.5813953488372093,1,1,0,0
0151_neg_0,11,support,1216,1199,0.7142857142857143,1,1,0,0
0151_neg_0,12,query,1407,1266,0.6052631578947368,1,0,0,0
0151_pos_0,0,support,3150,2664,0.6330275229357798,1,1,0,0
0151_pos_0,1,support,1481,1586,0.6511627906976745,1,1,0,0
0151_pos_0,2,support,2426,1976,0.5727272727272728,1,1,0,0
0151_pos_0,3,support,2493,2445,0.5299145299145299,1,1,0,0
0151_pos_0,4,support,1631,1621,0.6125,1,1,0,0
0151_pos_0,5,support,1616,1585,0.6216216216216216,1,1,0,0
0151_pos_0,6,support,1394,1364,0.5465116279069767,1,1,0,0
0151_pos_0,7,support,1871,1571,0.5876288659793815,1,1,0,0
0151_pos_0,8,support,1596,1662,0.7012987012987013,1,1,0,0
0151_pos_0,9,support,1031,1136,0.71875,1,1,0,0
0151_pos_0,10,support,1698,1665,0.7272727272727273,1,1,0,0
0151_pos_0,11,support,1725,1267,0.6,1,1,0,0
0151_pos_0,12,query,2868,2688,0.5818181818181818,1,1,0,0
0152_neg_0,0,support,1121,1189,0.5057471264367817,1,1,0,0
0152_neg_0,1,support,1240,1317,0.3958333333333333,1,1,0,0
0152_neg_0,2,support,1254,1518,0.45652173913043476,1,1,0,0
0152_neg_0,3,support,1241,1150,0.4148936170212766,1,1,0,0
0152_neg_0,4,support,1297,1376,0.5402298850574713,1,1,0,0
0152_neg_0,5,support,1324,1137,0.6046511627906976,1,1,0,0
0152_neg_0,6,support,1101,1147,0.47191011235955055,1,1,0,0
0152_neg_0,7,support,1406,1237,0.6125,1,1,0,0
0152_neg_0,8,support,1679,1332,0.5862068965517241,1,1,0,0
0152_neg_0,9,support,1189,1323,0.625,1,1,0,0
0152_neg_0,10,support,1102,1230,0.5949367088607594,1,1,0,0
0152_neg_0,11,support,1365,1573,0.47,1,1,0,0
0152_neg_0,12,query,1108,1106,0.7818181818181819,1,1,0,0
0152_pos_0,0,support,1083,1318,0.5945945945945946,1,1,0,0
0152_pos_0,1,support,1254,1466,0.6712328767123288,1,1,0,0
0152_pos_0,2,support,1175,1230,0.6172839506172839,1,1,0,0
0152_pos_0,3,support,1379,1432,0.6352941176470588,1,1,0,0
0152_pos_0,4,support,1378,1324,0.6626506024096386,1,1,0,0
0152_pos_0,5,support,1377,1246,0.5681818181818182,1,1,0,0
0152_pos_0,6,support,1118,1132,0.7076923076923077,1,1,0,0
0152_pos_0,7,support,1084,1179,0.5555555555555556,1,1,0,0
0152_pos_0,8,support,1164,1364,0.7432432432432432,1,1,0,0
0152_pos_0,9,support,1711,1958,0.5263157894736842,1,1,0,0
0152_pos_0,10,support,1255,1110,0.5104166666666666,1,1,0,0
0152_pos_0,11,support,1058,1175,0.6,1,1,0,0
0152_pos_0,12,query,1126,1216,0.5875,1,1,0,0
0153_neg_0,0,support,1361,1302,0.6575342465753424,0,1,0,0
0153_neg_0,1,support,1634,1575,0.5604395604395604,1,2,0,1
0153_neg_0,2,support,1201,1492,0.5333333333333333,1,2,0,1
0153_neg_0,3,support,1487,1614,0.5795454545454546,1,2,0,1
0153_neg_0,4,support,1706,1522,0.5851063829787234,1,1,0,0
0153_neg_0,5,support,1229,1188,0.5972222222222222,0,2,0,1
0153_neg_0,6,support,1264,1411,0.7534246575342466,1,2,0,1
0153_neg_0,7,support,1328,1332,0.7307692307692307,1,2,0,1
0153_neg_0,8,support,2001,2024,0.5192307692307693,1,1,0,0
0153_neg_0,9,support,1195,1391,0.5609756097560976,0,1,0,0
0153_neg_0,10,support,1151,1883,0.48695652173913045,1,1,0,0
0153_neg_0,11,support,1210,1069,0.5316455696202531,1,1,0,0
0153_neg_0,12,query,1312,1606,0.56,1,2,0,1
0153_pos_0,0,support,1629,1411,0.4731182795698925,1,2,0,1
0153_pos_0,1,support,1208,1576,0.6666666666666666,1,2,0,1
0153_pos_0,2,support,1521,1816,0.6086956521739131,1,1,0,0
0153_pos_0,3,support,1772,1780,0.5612244897959183,1,1,0,0
0153_pos_0,4,support,1291,1166,0.4810126582278481,0,1,0,0
0153_pos_0,5,support,1598,1233,0.6666666666666666,1,1,0,0
0153_pos_0,6,support,2012,1377,0.4752475247524752,1,2,0,1
0153_pos_0,7,support,1372,1714,0.5656565656565656,1,1,0,0
0153_pos_0,8,support,1408,1686,0.59375,1,1,0,0
0153_pos_0,9,support,1905,1903,0.51,1,1,0,0
0153_pos_0,10,support,1234,1455,0.5333333333333333,0,2,0,1
0153_pos_0,11,support,1739,1276,0.5523809523809524,1,1,0,0
0153_pos_0,12,query,1315,1643,0.4444444444444444,1,2,0,1
0154_neg_0,0,support,1141,988,0.6984126984126984,1,1,0,0
0154_neg_0,1,support,989,1121,0.6825396825396826,1,1,0,0
0154_neg_0,2,support,1139,1017,0.7627118644067796,1,1,0,0
0154_neg_0,3,support,1084,995,0.5757575757575758,1,0,0,0
0154_neg_0,4,support,1386,1294,0.5443037974683544,1,1,0,0
0154_neg_0,5,support,1163,1373,0.6172839506172839,1,1,0,0
0154_neg_0,6,support,994,1028,0.7704918032786885,1,1,0,0
0154_neg_0,7,support,1024,1233,0.6351351351351351,1,1,0,0
0154_neg_0,8,support,1191,1248,0.7236842105263158,1,1,0,0
0154_neg_0,9,support,994,871,0.6229508196721312,1,0,1,0
0154_neg_0,10,support,1310,1260,0.6533333333333333,1,1,0,0
0154_neg_0,11,support,1418,1814,0.6309523809523809,1,1,0,0
0154_neg_0,12,query,1061,1136,0.581081081081081,1,1,0,0
0154_pos_0,0,support,989,1193,0.6268656716417911,1,1,0,0
0154_pos_0,1,support,1102,1180,0.5555555555555556,1,1,0,0
0154_pos_0,2,support,1065,1232,0.6307692307692307,1,1,0,0
0154_pos_0,3,support,1381,1429,0.575,1,0,0,0
0154_pos_0,4,support,1186,1192,0.6923076923076923,1,1,0,0
0154_pos_0,5,support,1202,1374,0.7397260273972602,1,1,0,0
0154_pos_0,6,support,1052,1172,0.6,1,1,0,0
0154_pos_0,7,support,994,1099,0.6764705882352942,1,1,0,0
0154_pos_0,8,support,1262,1296,0.7432432432432432,1,1,0,0
0154_pos_0,9,support,1287,1329,0.6933333333333334,1,1,0,0
0154_pos_0,10,support,1027,852,0.7068965517241379,1,0,1,0
0154_pos_0,11,support,1325,1669,0.6265060240963856,1,1,0,0
0154_pos_0,12,query,1181,1064,0.6417910447761194,1,1,0,0
0155_neg_0,0,support,1116,978,0.6111111111111112,1,1,0,0
0155_neg_0,1,support,1239,1246,0.5617977528089888,1,1,0,0
0155_neg_0,2,support,1163,1159,0.625,1,1,0,0
0155_neg_0,3,support,952,977,0.6716417910447762,1,1,0,0
0155_neg_0,4,support,1353,1262,0.6705882352941176,1,1,0,0
0155_neg_0,5,support,1192,1131,0.625,1,1,0,0
0155_neg_0,6,support,1266,1440,0.6329113924050633,1,1,0,0
0155_neg_0,7,support,945,1015,0.7258064516129032,1,1,0,0
0155_neg_0,8,support,1684,1446,0.5212765957446809,1,1,0,0
0155_neg_0,9,support,1298,1541,0.5319148936170213,1,1,0,0
0155_neg_0,10,support,869,1051,0.6153846153846154,1,1,0,0
0155_neg_0,11,support,1254,1307,0.6363636363636364,1,1,0,0
0155_neg_0,12,query,1726,1799,0.6162790697674418,1,1,0,0
0155_pos_0,0,support,1208,1013,0.6103896103896104,1,1,0,0
0155_pos_0,1,support,1065,1246,0.6533333333333333,1,1,0,0
0155_pos_0,2,support,856,888,0.5,1,1,0,0
0155_pos_0,3,support,1403,1252,0.6162790697674418,1,1,0,0
0155_pos_0,4,support,1192,1200,0.7432432432432432,1,1,0,0
0155_pos_0,5,support,1600,1401,0.6582278481012658,1,1,0,0
0155_pos_0,6,support,1702,1843,0.7215189873417721,1,1,0,0
0155_pos_0,7,support,1235,1394,0.6714285714285714,1,1,0,0
0155_pos_0,8,support,961,1092,0.7258064516129032,1,1,0,0
0155_pos_0,9,support,1645,1534,0.5979381443298969,1,1,0,0
0155_pos_0,10,support,1316,1223,0.5862068965517241,1,1,0,0
0155_pos_0,11,support,863,827,0.5373134328358209,1,1,0,0
0155_pos_0,12,query,1120,928,0.6875,1,1,0,0
0156_neg_0,0,support,1504,1741,0.5050505050505051,1,1,0,0
0156_neg_0,1,support,1408,1267,0.7313432835820896,1,1,0,0
0156_neg_0,2,support,1266,1257,0.78125,1,1,0,0
0156_neg_0,3,support,1415,1604,0.6373626373626373,1,1,0,0
0156_neg_0,4,support,1174,1802,0.45454545454545453,1,1,0,0
0156_neg_0,5,support,1128,1073,0.6557377049180327,1,1,0,0
0156_neg_0,6,support,1328,1624,0.5161290322580645,1,2,0,1
0156_neg_0,7,support,1447,1678,0.5145631067961165,0,1,0,0
0156_neg_0,8,support,1319,1281,0.7758620689655172,1,1,0,0
0156_neg_0,9,support,1706,1346,0.6746987951807228,1,2,0,1
0156_neg_0,10,support,1340,1509,0.6101694915254238,0,1,0,0
0156_neg_0,11,support,1320,1678,0.5760869565217391,0,1,0,0
0156_neg_0,12,query,2348,2059,0.6842105263157895,1,1,0,0
0156_pos_0,0,support,1273,1302,0.828125,1,1,0,0
0156_pos_0,1,support,1283,1480,0.575,1,1,0,0
0156_pos_0,2,support,1399,1663,0.6444444444444445,1,1,0,0
0156_pos_0,3,support,1540,1664,0.48484848484848486,1,1,0,0
0156_pos_0,4,support,1084,1326,0.6865671641791045,1,1,0,0
0156_pos_0,5,support,1266,1413,0.5357142857142857,1,1,0,0
0156_pos_0,6,support,2307,2160,0.6444444444444445,1,1,0,0
0156_pos_0,7,support,1342,1506,0.5263157894736842,1,2,0,1
0156_pos_0,8,support,1385,1221,0.6,1,2,0,1
0156_pos_0,9,support,1336,1270,0.7333333333333333,1,1,0,0
0156_pos_0,10,support,1621,1457,0.632183908045977,1,1,0,0
0156_pos_0,11,support,1281,1064,0.5555555555555556,0,1,0,0
0156_pos_0,12,query,1506,1336,0.7125,1,1,0,0
0157_neg_0,0,support,1453,1267,0.6493506493506493,1,1,0,0
0157_neg_0,1,support,1400,1441,0.7368421052631579,1,1,0,0
0157_neg_0,2,support,1322,1365,0.6352941176470588,1,1,0,0
0157_neg_0,3,support,1728,1872,0.49107142857142855,1,1,0,0
0157_neg_0,4,support,1420,1250,0.6470588235294118,1,2,0,1
0157_neg_0,5,support,1562,1287,0.5494505494505495,1,2,0,0
0157_neg_0,6,support,1373,1502,0.5913978494623656,1,1,0,0
0157_neg_0,7,support,1250,1106,0.5454545454545454,1,1,0,0
0157_neg_0,8,support,1643,982,0.5609756097560976,1,1,0,0
0157_neg_0,9,support,1214,1120,0.6716417910447762,1,1,0,0
0157_neg_0,10,support,1705,1268,0.6091954022988506,1,1,0,0
0157_neg_0,11,support,1259,1217,0.5411764705882353,0,2,0,1
0157_neg_0,12,query,1233,1296,0.5662650602409639,1,1,0,0
0157_pos_0,0,support,1410,1628,0.5714285714285714,1,2,0,0
0157_pos_0,1,support,1295,1327,0.8051948051948052,1,1,0,0
0157_pos_0,2,support,1553,1901,0.5169491525423728,1,1,0,0
0157_pos_0,3,support,1403,1404,0.5670103092783505,1,2,0,1
0157_pos_0,4,support,1507,1493,0.7763157894736842,1,1,0,0
0157_pos_0,5,support,1721,1526,0.42201834862385323,1,1,0,0
0157_pos_0,6,support,1200,1293,0.6538461538461539,1,1,0,0
0157_pos_0,7,support,1473,1352,0.6296296296296297,1,0,0,0
0157_pos_0,8,support,1217,1373,0.611764705882353,1,2,0,1
0157_pos_0,9,support,1568,1102,0.6666666666666666,1,1,0,0
0157_pos_0,10,support,1278,1121,0.618421052631579,0,1,0,0
0157_pos_0,11,support,1804,1292,0.6292134831460674,1,1,0,0
0157_pos_0,12,query,1421,1455,0.5647058823529412,1,2,0,1
0158_neg_0,0,support,1492,1485,0.44761904761904764,1,0,0,0
0158_neg_0,1,support,1493,1583,0.6309523809523809,1,1,0,0
0158_neg_0,2,support,1556,1524,0.5777777777777777,1,1,0,0
0158_neg_0,3,support,1363,1505,0.631578947368421,1,1,0,0
0158_neg_0,4,support,1220,1330,0.6923076923076923,1,2,0,1
0158_neg_0,5,support,1297,1240,0.47058823529411764,1,1,0,0
0158_neg_0,6,support,1275,1300,0.625,1,2,0,1
0158_neg_0,7,support,1050,1179,0.6891891891891891,1,1,0,0
0158_neg_0,8,support,1452,1376,0.5324675324675324,1,1,0,0
0158_neg_0,9,support,1744,1423,0.5542168674698795,1,1,0,0
0158_neg_0,10,support,1198,1231,0.6857142857142857,1,1,0,0
0158_neg_0,11,support,1512,1576,0.6395348837209303,1,1,0,0
0158_neg_0,12,query,1087,1158,0.6,1,1,0,0
0158_pos_0,0,support,1554,1391,0.6835443037974683,1,1,0,0
0158_pos_0,1,support,1580,1753,0.5188679245283019,1,1,0,0
0158_pos_0,2,support,1451,1349,0.6049382716049383,1,1,0,0
0158_pos_0,3,support,1220,1406,0.5054945054945055,1,1,0,0
0158_pos_0,4,support,1239,1397,0.5465116279069767,1,1,0,0
0158_pos_0,5,support,1943,1573,0.56,1,2,0,1
0158_pos_0,6,support,1047,1234,0.6621621621621622,1,1,0,0
0158_pos_0,7,support,1319,1465,0.5697674418604651,1,1,0,0
0158_pos_0,8,support,1022,996,0.7419354838709677,1,1,0,0
0158_pos_0,9,support,1423,1679,0.625,1,1,0,0
0158_pos_0,10,support,1684,1553,0.550561797752809,1,1,0,0
0158_pos_0,11,support,1198,1354,0.5625,1,1,0,0
0158_pos_0,12,query,1612,1346,0.4716981132075472,1,1,0,0
0159_neg_0,0,support,1246,1027,0.6103896103896104,1,1,0,0
0159_neg_0,1,support,1466,1291,0.6341463414634146,1,1,0,0
0159_neg_0,2,support,1271,1267,0.6282051282051282,1,1,0,0
0159_neg_0,3,support,1042,1049,0.7049180327868853,1,1,0,0
0159_neg_0,4,support,1221,1201,0.5802469135802469,1,1,0,0
0159_neg_0,5,support,1353,1325,0.5584415584415584,1,1,0,0
0159_neg_0,6,support,1628,1809,0.49514563106796117,1,2,0,1
0159_neg_0,7,support,1370,1293,0.6103896103896104,1,1,0,0
0159_neg_0,8,support,1366,1390,0.6973684210526315,1,1,0,0
0159_neg_0,9,support,1388,1237,0.620253164556962,1,1,0,0
0159_neg_0,10,support,1394,1453,0.6533333333333333,1,1,0,0
0159_neg_0,11,support,1338,1287,0.5308641975308642,1,1,0,0
0159_neg_0,12,query,2591,2160,0.5242718446601942,1,1,0,0
0159_pos_0,0,support,1184,1239,0.5897435897435898,1,1,0,0
0159_pos_0,1,support,1268,1214,0.5357142857142857,1,1,0,0
0159_pos_0,2,support,1097,1004,0.6153846153846154,1,0,0,0
0159_pos_0,3,support,1088,1305,0.7027027027027027,1,1,0,0
0159_pos_0,4,support,1327,1383,0.5180722891566265,1,1,0,0
0159_pos_0,5,support,1175,1268,0.6538461538461539,1,1,0,0
0159_pos_0,6,support,2712,1860,0.5,1,1,0,0
0159_pos_0,7,support,1670,1892,0.4090909090909091,1,1,0,0
0159_pos_0,8,support,1354,1445,0.5783132530120482,1,1,0,0
0159_pos_0,9,support,1409,1329,0.7432432432432432,1,1,0,0
0159_pos_0,10,support,1419,1369,0.5697674418604651,1,1,0,0
0159_pos_0,11,support,1371,1442,0.5675675675675675,0,1,0,0
0159_pos_0,12,query,1390,1220,0.5882352941176471,1,1,0,0
0160_neg_0,0,support,3467,3769,0.5244755244755245,1,1,0,0
0160_neg_0,1,support,1930,1680,0.5638297872340425,1,0,0,0
0160_neg_0,2,support,2486,2309,0.6538461538461539,1,1,0,0
0160_neg_0,3,support,1888,2127,0.5833333333333334,1,1,0,0
0160_neg_0,4,support,3963,3461,0.487012987012987,1,0,0,0
0160_neg_0,5,support,2003,2328,0.509090909090909,1,0,0,0
0160_neg_0,6,support,1229,2310,0.45689655172413796,1,2,0,1
0160_neg_0,7,support,2175,2860,0.5833333333333334,1,1,0,0
0160_neg_0,8,support,1449,2508,0.5454545454545454,1,1,0,0
0160_neg_0,9,support,2209,1939,0.5945945945945946,1,1,0,0
0160_neg_0,10,support,2276,2158,0.5862068965517241,1,1,0,0
0160_neg_0,11,support,1275,1394,0.7441860465116279,1,1,0,0
0160_neg_0,12,query,1821,1597,0.651685393258427,1,1,0,0
0160_pos_0,0,support,2000,2357,0.6046511627906976,1,0,0,0
0160_pos_0,1,support,2536,2451,0.7317073170731707,1,1,0,0
0160_pos_0,2,support,1831,2184,0.42990654205607476,1,0,0,0
0160_pos_0,3,support,3651,3208,0.5533333333333333,1,1,0,0
0160_pos_0,4,support,2584,2214,0.4782608695652174,1,1,0,0
0160_pos_0,5,support,2102,2494,0.5673076923076923,1,1,0,0
0160_pos_0,6,support,1943,2163,0.6017699115044248,1,1,0,0
0160_pos_0,7,support,1276,1955,0.4778761061946903,2,1,1,0
0160_pos_0,8,support,2333,1669,0.6153846153846154,1,1,0,0
0160_pos_0,9,support,4081,4027,0.5428571428571428,0,1,0,0
0160_pos_0,10,support,2260,1352,0.620253164556962,1,1,0,0
0160_pos_0,11,support,2855,1214,0.46938775510204084,1,0,0,0
0160_pos_0,12,query,3797,3089,0.5671641791044776,1,1,0,0
0161_neg_0,0,support,1408,1423,0.47368421052631576,2,1,1,0
0161_neg_0,1,support,1414,1610,0.6547619047619048,1,2,0,1
0161_neg_0,2,support,1611,1782,0.5327102803738317,1,2,0,1
0161_neg_0,3,support,1557,1276,0.6309523809523809,1,2,0,1
0161_neg_0,4,support,1364,1890,0.5578947368421052,1,2,0,1
0161_neg_0,5,support,1270,1370,0.5384615384615384,1,1,0,0
0161_neg_0,6,support,1621,1789,0.4661016949152542,1,1,0,0
0161_neg_0,7,support,1737,1535,0.5360824742268041,1,1,0,0
0161_neg_0,8,support,1047,1365,0.46078431372549017,1,1,1,1
0161_neg_0,9,support,1342,1259,0.6385542168674698,1,2,0,1
0161_neg_0,10,support,981,1044,0.589041095890411,1,1,0,1
0161_neg_0,11,support,1267,1103,0.5280898876404494,2,2,0,0
0161_neg_0,12,query,1665,1784,0.4811320754716981,1,1,0,0
0161_pos_0,0,support,1481,1139,0.5595238095238095,1,1,0,0
0161_pos_0,1,support,1752,1615,0.5825242718446602,2,2,1,1
0161_pos_0,2,support,1519,1570,0.5888888888888889,1,1,0,0
0161_pos_0,3,support,1315,1417,0.6210526315789474,1,2,0,1
0161_pos_0,4,support,1429,1267,0.6263736263736264,1,2,0,1
0161_pos_0,5,support,1503,1484,0.6666666666666666,1,2,0,1
0161_pos_0,6,support,1397,1671,0.550561797752809,1,2,0,1
0161_pos_0,7,support,1601,1489,0.504950495049505,1,2,0,1
0161_pos_0,8,support,1593,1201,0.6153846153846154,1,2,0,1
0161_pos_0,9,support,1203,980,0.6144578313253012,1,1,1,1
0161_pos_0,10,support,1334,1604,0.5145631067961165,1,1,0,0
0161_pos_0,11,support,991,1110,0.5866666666666667,0,0,0,0
0161_pos_0,12,query,1329,1183,0.5581395348837209,1,2,0,1
0162_neg_0,0,support,827,992,0.6,0,1,0,0
0162_neg_0,1,support,944,892,0.45714285714285713,1,1,1,0
0162_neg_0,2,support,888,997,0.6818181818181818,0,0,0,0
0162_neg_0,3,support,741,902,0.6451612903225806,1,1,0,0
0162_neg_0,4,support,865,939,0.6349206349206349,1,1,0,0
0162_neg_0,5,support,917,1046,0.5675675675675675,0,1,0,1
0162_neg_0,6,support,785,871,0.5423728813559322,0,1,0,1
0162_neg_0,7,support,790,818,0.673469387755102,1,1,0,0
0162_neg_0,8,support,1047,1098,0.5142857142857142,0,1,0,1
0162_neg_0,9,support,834,911,0.5873015873015873,0,0,0,0
0162_neg_0,10,support,856,927,0.5737704918032787,0,0,0,0
0162_neg_0,11,support,770,928,0.640625,0,1,0,0
0162_neg_0,12,query,767,850,0.5614035087719298,0,1,0,0
0162_pos_0,0,support,872,926,0.5454545454545454,1,1,1,0
0162_pos_0,1,support,919,1066,0.6818181818181818,1,1,1,0
0162_pos_0,2,support,740,1013,0.6031746031746031,1,1,0,0
0162_pos_0,3,support,851,1006,0.5774647887323944,1,1,0,0
0162_pos_0,4,support,936,1372,0.527027027027027,0,1,0,0
0162_pos_0,5,support,886,842,0.711864406779661,1,1,0,0
0162_pos_0,6,support,765,843,0.5818181818181818,0,1,0,0
0162_pos_0,7,support,785,847,0.5892857142857143,0,1,0,0
0162_pos_0,8,support,838,902,0.6037735849056604,1,0,0,0
0162_pos_0,9,support,953,904,0.5692307692307692,0,0,0,0
0162_pos_0,10,support,792,1007,0.65,0,1,0,1
0162_pos_0,11,support,800,937,0.631578947368421,0,0,0,0
0162_pos_0,12,query,863,828,0.7307692307692307,0,0,0,0
0163_neg_0,0,support,1764,1496,0.5376344086021505,1,2,0,1
0163_neg_0,1,support,1126,1105,0.6619718309859155,0,2,0,1
0163_neg_0,2,support,1320,1418,0.6333333333333333,1,2,0,1
0163_neg_0,3,support,1665,1569,0.5930232558139535,1,2,0,1
0163_neg_0,4,support,1302,1206,0.6986301369863014,2,1,1,0
0163_neg_0,5,support,1474,1361,0.5824175824175825,1,2,0,1
0163_neg_0,6,support,1279,1333,0.7051282051282052,1,2,0,1
0163_neg_0,7,support,1353,1221,0.6351351351351351,1,1,0,0
0163_neg_0,8,support,1671,1413,0.631578947368421,1,1,0,0
0163_neg_0,9,support,1266,1635,0.6470588235294118,1,2,0,1
0163_neg_0,10,support,1568,1420,0.5052631578947369,1,0,0,0
0163_neg_0,11,support,1408,1364,0.6046511627906976,0,2,0,1
0163_neg_0,12,query,1496,1600,0.49122807017543857,1,1,0,0
0163_pos_0,0,support,1136,1117,0.6575342465753424,1,2,0,1
0163_pos_0,1,support,1640,1359,0.5157894736842106,1,1,0,0
0163_pos_0,2,support,1935,2393,0.5360824742268041,1,1,0,0
0163_pos_0,3,support,1213,1306,0.5844155844155844,0,2,0,1
0163_pos_0,4,support,1315,1348,0.5853658536585366,1,1,0,0
0163_pos_0,5,support,1652,1214,0.5555555555555556,0,2,0,1
0163_pos_0,6,support,1347,1721,0.5043478260869565,1,2,0,1
0163_pos_0,7,support,1296,954,0.6301369863013698,1,0,0,0
0163_pos_0,8,support,1221,1357,0.5555555555555556,2,1,1,0
0163_pos_0,9,support,1573,1720,0.57,2,1,1,0
0163_pos_0,10,support,1108,1175,0.7,1,1,0,0
0163_pos_0,11,support,1557,1264,0.5666666666666667,1,2,0,1
0163_pos_0,12,query,1964,1396,0.5434782608695652,1,2,0,1
0164_neg_0,0,support,1311,1400,0.5595238095238095,1,1,0,0
0164_neg_0,1,support,1155,1233,0.6375,1,0,0,0
0164_neg_0,2,support,1326,1278,0.5376344086021505,1,1,0,0
0164_neg_0,3,support,1118,1102,0.696969696969697,1,1,0,0
0164_neg_0,4,support,1410,1346,0.68,1,1,0,0
0164_neg_0,5,support,1315,1286,0.6619718309859155,1,1,0,0
0164_neg_0,6,support,1317,1218,0.6447368421052632,1,1,0,0
0164_neg_0,7,support,1321,1325,0.6,1,1,0,0
0164_neg_0,8,support,1338,1232,0.6,1,1,0,0
0164_neg_0,9,support,1504,1569,0.6067415730337079,1,1,0,0
0164_neg_0,10,support,1193,1376,0.7246376811594203,1,1,0,0
0164_neg_0,11,support,1189,1097,0.7419354838709677,1,1,0,0
0164_neg_0,12,query,1495,1313,0.5921052631578947,1,1,0,0
0164_pos_0,0,support,1339,1562,0.6,1,1,0,0
0164_pos_0,1,support,1328,1170,0.5697674418604651,1,1,0,0
0164_pos_0,2,support,1104,1107,0.6818181818181818,1,1,0,0
0164_pos_0,3,support,1410,1480,0.725,1,1,0,0
0164_pos_0,4,support,1335,1350,0.631578947368421,1,1,0,0
0164_pos_0,5,support,1290,1265,0.6805555555555556,1,1,0,0
0164_pos_0,6,support,1648,1726,0.5842696629213483,1,1,0,0
0164_pos_0,7,support,1350,1460,0.6162790697674418,1,1,0,0
0164_pos_0,8,support,1238,1326,0.746268656716418,1,1,0,0
0164_pos_0,9,support,1313,1270,0.5569620253164557,1,1,0,0
0164_pos_0,10,support,1382,1493,0.6891891891891891,1,1,0,0
0164_pos_0,11,support,1184,1292,0.5974025974025974,1,1,0,0
0164_pos_0,12,query,1403,1411,0.5977011494252874,1,1,0,0
0165_neg_0,0,support,1269,1083,0.6811594202898551,1,1,0,0
0165_neg_0,1,support,1472,1324,0.5581395348837209,1,1,0,0
0165_neg_0,2,support,1356,1426,0.5862068965517241,1,1,0,0
0165_neg_0,3,support,1524,1420,0.532608695652174,1,1,0,0
0165_neg_0,4,support,1542,1930,0.6704545454545454,1,1,0,0
0165_neg_0,5,support,1006,952,0.6451612903225806,0,1,0,0
0165_neg_0,6,support,1147,1235,0.6024096385542169,1,1,0,0
0165_neg_0,7,support,1242,1147,0.6842105263157895,1,1,0,0
0165_neg_0,8,support,1298,1183,0.5844155844155844,1,1,0,0
0165_neg_0,9,support,975,1085,0.639344262295082,1,1,0,0
0165_neg_0,10,support,822,905,0.6833333333333333,1,1,0,0
0165_neg_0,11,support,950,904,0.6714285714285714,0,1,0,0
0165_neg_0,12,query,1263,1365,0.5543478260869565,1,1,0,0
0165_pos_0,0,support,1441,1532,0.6071428571428571,1,1,0,0
0165_pos_0,1,support,1196,1461,0.5555555555555556,1,1,0,0
0165_pos_0,2,support,1616,1344,0.5568181818181818,1,1,0,0
0165_pos_0,3,support,1456,1585,0.6578947368421053,1,1,0,0
0165_pos_0,4,support,1040,1005,0.527027027027027,0,0,0,0
0165_pos_0,5,support,2077,1781,0.691358024691358,1,1,0,0
0165_pos_0,6,support,1241,1303,0.6511627906976745,1,1,0,0
0165_pos_0,7,support,1133,960,0.64,1,1,0,0
0165_pos_0,8,support,1137,1345,0.6052631578947368,1,1,0,0
0165_pos_0,9,support,1479,1294,0.6046511627906976,1,1,0,0
0165_pos_0,10,support,1054,1123,0.5555555555555556,1,1,0,0
0165_pos_0,11,support,818,1233,0.547945205479452,0,1,0,0
0165_pos_0,12,query,1280,1250,0.5609756097560976,1,1,0,0
0166_neg_0,0,support,1269,1054,0.6164383561643836,1,0,0,0
0166_neg_0,1,support,1279,1278,0.6710526315789473,1,2,0,1
0166_neg_0,2,support,1697,1715,0.627906976744186,1,1,0,0
0166_neg_0,3,support,1563,1553,0.6144578313253012,1,2,0,1
0166_neg_0,4,support,1010,1255,0.5540540540540541,1,1,0,0
0166_neg_0,5,support,1430,1357,0.6385542168674698,0,1,0,0
0166_neg_0,6,support,953,925,0.6307692307692307,0,0,0,0
0166_neg_0,7,support,1670,1562,0.6875,2,2,1,1
0166_neg_0,8,support,1396,1126,0.6351351351351351,1,2,0,1
0166_neg_0,9,support,1309,1376,0.6352941176470588,1,1,0,0
0166_neg_0,10,support,1420,1469,0.6707317073170732,1,1,0,0
0166_neg_0,11,support,1700,1672,0.6363636363636364,1,2,0,1
0166_neg_0,12,query,1532,1749,0.6043956043956044,1,1,0,0
0166_pos_0,0,support,1310,1322,0.7162162162162162,1,1,0,0
0166_pos_0,1,support,1638,1656,0.5806451612903226,1,1,0,0
0166_pos_0,2,support,1309,1612,0.6162790697674418,1,1,0,0
0166_pos_0,3,support,1301,1316,0.5465116279069767,1,2,0,1
0166_pos_0,4,support,1430,1447,0.7307692307692307,0,1,0,0
0166_pos_0,5,support,1598,1208,0.5617977528089888,1,1,0,1
0166_pos_0,6,support,1589,1799,0.6976744186046512,1,1,0,0
0166_pos_0,7,support,967,1047,0.5942028985507246,0,1,0,1
0166_pos_0,8,support,1556,1814,0.550561797752809,1,2,0,1
0166_pos_0,9,support,1389,1339,0.7027027027027027,1,1,0,0
0166_pos_0,10,support,1315,1456,0.6144578313253012,1,1,0,0
0166_pos_0,11,support,1420,1681,0.4791666666666667,1,2,0,1
0166_pos_0,12,query,1266,1206,0.6052631578947368,1,1,0,1
0167_neg_0,0,support,1245,1376,0.6410256410256411,1,1,0,0
0167_neg_0,1,support,990,1062,0.6984126984126984,1,1,0,0
0167_neg_0,2,support,1490,1571,0.6463414634146342,1,1,0,0
0167_neg_0,3,support,958,1056,0.52,1,1,0,0
0167_neg_0,4,support,1208,1213,0.6233766233766234,1,1,0,0
0167_neg_0,5,support,1188,1160,0.6351351351351351,1,1,0,0
0167_neg_0,6,support,1532,1420,0.6857142857142857,1,1,0,0
0167_neg_0,7,support,1244,963,0.6923076923076923,1,0,0,0
0167_neg_0,8,support,1217,1305,0.7714285714285715,1,1,0,0
0167_neg_0,9,support,1269,1423,0.6235294117647059,1,1,0,0
0167_neg_0,10,support,1458,1146,0.6231884057971014,1,0,0,0
0167_neg_0,11,support,1733,1461,0.6538461538461539,1,1,0,0
0167_neg_0,12,query,1537,1684,0.5555555555555556,1,1,0,0
0167_pos_0,0,support,1171,1137,0.6811594202898551,1,2,0,1
0167_pos_0,1,support,1475,1037,0.6049382716049383,1,0,0,0
0167_pos_0,2,support,962,1064,0.6515151515151515,1,1,0,0
0167_pos_0,3,support,1153,919,0.6923076923076923,1,0,0,0
0167_pos_0,4,support,1330,1313,0.654320987654321,1,1,0,0
0167_pos_0,5,support,1312,1191,0.6666666666666666,1,1,0,0
0167_pos_0,6,support,1559,1350,0.5517241379310345,1,1,0,0
0167_pos_0,7,support,1383,1568,0.6144578313253012,1,1,0,0
0167_pos_0,8,support,1237,936,0.6153846153846154,1,0,0,0
0167_pos_0,9,support,1319,1443,0.6666666666666666,1,1,0,0
0167_pos_0,10,support,1232,1292,0.7142857142857143,1,1,0,0
0167_pos_0,11,support,1499,1493,0.6266666666666667,1,1,0,0
0167_pos_0,12,query,1245,1022,0.5915492957746479,1,1,0,0
0168_neg_0,0,support,1181,1280,0.64,1,1,0,0
0168_neg_0,1,support,1808,1813,0.5416666666666666,1,2,0,1
0168_neg_0,2,support,1097,1342,0.5365853658536586,1,0,0,0
0168_neg_0,3,support,1098,1255,0.6142857142857143,1,1,0,0
0168_neg_0,4,support,1443,1594,0.6144578313253012,1,1,0,0
0168_neg_0,5,support,1617,1653,0.5698924731182796,1,1,0,0
0168_neg_0,6,support,1119,1131,0.6666666666666666,1,1,0,0
0168_neg_0,7,support,1290,1419,0.5882352941176471,1,1,0,0
0168_neg_0,8,support,1078,1068,0.6865671641791045,1,1,0,0
0168_neg_0,9,support,1246,1065,0.5185185185185185,1,1,0,0
0168_neg_0,10,support,1393,1176,0.7397260273972602,1,1,0,0
0168_neg_0,11,support,1343,1537,0.6144578313253012,1,1,0,0
0168_neg_0,12,query,1530,1475,0.54,1,2,0,1
0168_pos_0,0,support,1750,1712,0.5760869565217391,1,2,0,1
0168_pos_0,1,support,1174,1662,0.6419753086419753,1,1,0,0
0168_pos_0,2,support,1080,1153,0.6428571428571429,1,1,0,0
0168_pos_0,3,support,1451,1599,0.6666666666666666,1,1,0,0
0168_pos_0,4,support,1568,1561,0.7058823529411765,1,1,0,0
0168_pos_0,5,support,1488,1712,0.5360824742268041,1,1,0,0
0168_pos_0,6,support,1611,1521,0.5339805825242718,1,1,0,0
0168_pos_0,7,support,1148,1063,0.6388888888888888,1,1,0,0
0168_pos_0,8,support,1393,1305,0.5465116279069767,1,1,0,0
0168_pos_0,9,support,1073,1040,0.6811594202898551,1,1,0,0
0168_pos_0,10,support,1213,1078,0.5694444444444444,1,1,0,0
0168_pos_0,11,support,1298,1402,0.64,1,1,0,0
0168_pos_0,12,query,1178,1073,0.7058823529411765,1,1,0,0
0169_neg_0,0,support,1279,1310,0.746268656716418,1,1,0,0
0169_neg_0,1,support,954,1028,0.7313432835820896,1,1,0,0
0169_neg_0,2,support,948,1024,0.7,0,0,0,0
0169_neg_0,3,support,1309,1596,0.618421052631579,1,1,0,0
0169_neg_0,4,support,1371,1431,0.5714285714285714,1,1,0,0
0169_neg_0,5,support,1091,1354,0.5569620253164557,1,1,0,0
0169_neg_0,6,support,1327,1300,0.7162162162162162,1,1,0,0
0169_neg_0,7,support,1420,1357,0.4787234042553192,1,1,0,0
0169_neg_0,8,support,1379,1203,0.6805555555555556,1,1,0,0
0169_neg_0,9,support,1055,1210,0.6338028169014085,1,1,0,0
0169_neg_0,10,support,1288,1151,0.6875,1,1,0,0
0169_neg_0,11,support,966,909,0.7076923076923077,1,0,0,0
0169_neg_0,12,query,1347,1447,0.6538461538461539,1,1,0,0
0169_pos_0,0,support,973,1066,0.6428571428571429,1,1,0,0
0169_pos_0,1,support,1018,1047,0.5942028985507246,0,0,0,0
0169_pos_0,2,support,1435,1072,0.6,1,1,0,0
0169_pos_0,3,support,1325,1456,0.5232558139534884,1,1,0,0
0169_pos_0,4,support,1003,1232,0.625,1,1,0,0
0169_pos_0,5,support,1269,1312,0.5949367088607594,1,1,0,0
0169_pos_0,6,support,1321,1298,0.6621621621621622,1,1,0,0
0169_pos_0,7,support,1327,839,0.6231884057971014,1,0,0,0
0169_pos_0,8,support,1420,1156,0.5595238095238095,1,1,0,0
0169_pos_0,9,support,1294,1462,0.675,1,1,0,0
0169_pos_0,10,support,1101,1086,0.49382716049382713,1,0,0,0
0169_pos_0,11,support,1421,1424,0.5714285714285714,1,1,0,0
0169_pos_0,12,query,1314,1420,0.6493506493506493,1,1,0,0
0170_neg_0,0,support,1150,1351,0.5393258426966292,1,1,0,0
0170_neg_0,1,support,1328,1104,0.6,1,1,0,0
0170_neg_0,2,support,1053,1192,0.5616438356164384,1,1,0,0
0170_neg_0,3,support,1267,1232,0.5783132530120482,1,1,0,0
0170_neg_0,4,support,1134,1367,0.5774647887323944,1,1,0,0
0170_neg_0,5,support,1276,1409,0.6266666666666667,1,1,0,0
0170_neg_0,6,support,871,910,0.5873015873015873,1,1,0,0
0170_neg_0,7,support,1027,950,0.5588235294117647,1,0,0,0
0170_neg_0,8,support,2266,1958,0.5555555555555556,1,1,0,0
0170_neg_0,9,support,1348,1228,0.5813953488372093,1,1,0,0
0170_neg_0,10,support,1054,1104,0.696969696969697,1,0,0,0
0170_neg_0,11,support,1477,1254,0.5679012345679012,1,1,0,0
0170_neg_0,12,query,1355,2137,0.574468085106383,1,1,0,0
0170_pos_0,0,support,1147,1217,0.5365853658536586,1,1,0,0
0170_pos_0,1,support,1017,1284,0.5066666666666667,1,1,0,0
0170_pos_0,2,support,1256,1234,0.5609756097560976,1,1,0,0
0170_pos_0,3,support,1150,1355,0.5945945945945946,1,1,0,0
0170_pos_0,4,support,1283,1503,0.6071428571428571,1,1,0,0
0170_pos_0,5,support,1485,1434,0.5795454545454546,1,1,0,0
0170_pos_0,6,support,1221,1569,0.6375,1,1,0,0
0170_pos_0,7,support,892,973,0.6307692307692307,1,1,0,0
0170_pos_0,8,support,912,1550,0.5584415584415584,0,0,0,0
0170_pos_0,9,support,2037,2138,0.5961538461538461,1,1,0,0
0170_pos_0,10,support,1493,1557,0.6708860759493671,1,1,0,0
0170_pos_0,11,support,871,985,0.6774193548387096,1,1,0,0
0170_pos_0,12,query,1171,1173,0.625,1,1,0,0
0171_neg_0,0,support,1289,1190,0.5897435897435898,1,1,0,0
0171_neg_0,1,support,1457,1846,0.5045871559633027,1,2,0,1
0171_neg_0,2,support,1271,841,0.6323529411764706,1,0,0,0
0171_neg_0,3,support,1381,1468,0.5393258426966292,1,2,0,1
0171_neg_0,4,support,1872,1426,0.5,1,2,0,1
0171_neg_0,5,support,1600,1482,0.6067415730337079,1,2,0,1
0171_neg_0,6,support,1457,1223,0.6296296296296297,2,1,1,0
0171_neg_0,7,support,1422,1501,0.632183908045977,1,1,0,0
0171_neg_0,8,support,1150,1280,0.5061728395061729,1,1,0,1
0171_neg_0,9,support,1132,1228,0.5443037974683544,1,2,0,1
0171_neg_0,10,support,1493,963,0.5569620253164557,1,1,0,1
0171_neg_0,11,support,1381,1378,0.5909090909090909,1,1,0,0
0171_neg_0,12,query,1581,1633,0.6853932584269663,1,1,0,0
0172_neg_0,0,support,1206,1093,0.6075949367088608,1,1,0,0
0172_neg_0,1,support,1269,1291,0.5652173913043478,1,1,0,0
0172_neg_0,2,support,1102,1178,0.573170731707317,1,1,0,0
0172_neg_0,3,support,978,995,0.711864406779661,1,1,0,0
0172_neg_0,4,support,1500,1327,0.5376344086021505,1,1,0,0
0172_neg_0,5,support,1393,1616,0.5777777777777777,1,1,0,0
0172_neg_0,6,support,905,931,0.6333333333333333,0,0,0,0
0172_neg_0,7,support,1312,1209,0.7246376811594203,0,0,0,0
0172_neg_0,8,support,869,850,0.7142857142857143,0,0,0,0
0172_neg_0,9,support,1290,1141,0.6111111111111112,1,1,0,0
0172_neg_0,10,support,1321,1450,0.6049382716049383,1,1,0,0
0172_neg_0,11,support,1123,1126,0.7878787878787878,1,1,0,0
0172_neg_0,12,query,1068,1092,0.7833333333333333,1,1,0,0
0172_pos_0,0,support,1264,1085,0.6666666666666666,1,1,0,0
0172_pos_0,1,support,1104,1207,0.5949367088607594,1,1,0,0
0172_pos_0,2,support,995,1011,0.6461538461538462,1,1,0,0
0172_pos_0,3,support,1460,1407,0.4945054945054945,1,1,0,0
0172_pos_0,4,support,1349,1403,0.64,1,1,0,0
0172_pos_0,5,support,1144,1188,0.8035714285714286,1,1,0,0
0172_pos_0,6,support,1091,1288,0.5897435897435898,1,1,0,0
0172_pos_0,7,support,905,1109,0.6,0,1,0,1
0172_pos_0,8,support,1300,1311,0.684931506849315,0,0,0,0
0172_pos_0,9,support,872,933,0.711864406779661,0,0,0,0
0172_pos_0,10,support,1242,1119,0.6811594202898551,1,1,0,0
0172_pos_0,11,support,1276,1148,0.7,1,1,0,0
0172_pos_0,12,query,1248,1152,0.6164383561643836,1,1,0,0
0173_neg_0,0,support,2121,2137,0.5851063829787234,1,1,0,0
0173_neg_0,1,support,1282,1251,0.569620253164557,1,1,0,0
0173_neg_0,2,support,1082,1157,0.684931506849315,1,1,0,0
0173_neg_0,3,support,1634,1946,0.4766355140186916,1,1,0,0
0173_neg_0,4,support,1610,1382,0.6703296703296703,1,1,0,0
0173_neg_0,5,support,1964,1918,0.5617977528089888,1,1,0,0
0173_neg_0,6,support,1457,1385,0.7236842105263158,1,1,0,0
0173_neg_0,7,support,1206,1169,0.6714285714285714,1,1,0,0
0173_neg_0,8,support,1100,1128,0.6666666666666666,1,1,0,0
0173_neg_0,9,support,847,867,0.6,1,0,0,0
0173_neg_0,10,support,1692,1409,0.625,1,2,0,1
0173_neg_0,11,support,1891,2446,0.5742574257425742,1,1,0,0
0173_neg_0,12,query,2702,1698,0.4576271186440678,1,1,0,0
0173_pos_0,0,support,1219,1291,0.5844155844155844,1,1,0,0
0173_pos_0,1,support,1113,1359,0.6835443037974683,1,1,0,0
0173_pos_0,2,support,1723,1449,0.5568181818181818,1,1,0,0
0173_pos_0,3,support,1585,1405,0.6344086021505376,1,1,0,0
0173_pos_0,4,support,1779,1783,0.6875,1,1,0,0
0173_pos_0,5,support,990,983,0.7735849056603774,1,1,0,0
0173_pos_0,6,support,2222,2196,0.4140625,1,1,0,0
0173_pos_0,7,support,1594,1429,0.7848101265822784,1,1,0,0
0173_pos_0,8,support,1403,1147,0.6805555555555556,1,1,0,0
0173_pos_0,9,support,1046,1319,0.625,1,0,0,0
0173_pos_0,10,support,801,909,0.7543859649122807,1,1,0,0
0173_pos_0,11,support,1701,1432,0.6463414634146342,1,2,0,1
0173_pos_0,12,query,1776,1697,0.5730337078651685,1,1,0,0
0174_neg_0,0,support,1905,1777,0.5638297872340425,1,1,0,0
0174_neg_0,1,support,2010,2106,0.49137931034482757,1,1,0,0
0174_neg_0,2,support,1643,1300,0.6593406593406593,1,2,0,0
0174_neg_0,3,support,2627,2056,0.4418604651162791,1,1,0,0
0174_neg_0,4,support,1771,1292,0.6,1,1,0,0
0174_neg_0,5,support,1612,1691,0.5903614457831325,1,1,0,0
0174_neg_0,6,support,944,976,0.6857142857142857,1,0,0,0
0174_neg_0,7,support,2137,1603,0.4485981308411215,1,1,0,0
0174_neg_0,8,support,1879,1740,0.5894736842105263,1,1,0,0
0174_neg_0,9,support,1769,1805,0.5714285714285714,1,1,0,0
0174_neg_0,10,support,1227,1323,0.6712328767123288,1,1,0,0
0174_neg_0,11,support,2205,1890,0.5145631067961165,1,1,0,0
0174_neg_0,12,query,1736,1997,0.4845360824742268,1,0,0,0
0174_pos_0,0,support,2089,1830,0.6170212765957447,1,1,0,0
0174_pos_0,1,support,1290,1506,0.6344086021505376,1,1,0,0
0174_pos_0,2,support,2486,2664,0.45925925925925926,1,1,0,0
0174_pos_0,3,support,2016,1547,0.5952380952380952,1,1,0,0
0174_pos_0,4,support,1764,1567,0.5625,1,1,0,0
0174_pos_0,5,support,1291,1393,0.6296296296296297,2,3,0,1
0174_pos_0,6,support,1746,1792,0.5056179775280899,1,1,0,0
0174_pos_0,7,support,944,980,0.6571428571428571,1,1,0,0
0174_pos_0,8,support,2262,2257,0.6041666666666666,1,1,0,0
0174_pos_0,9,support,1824,1340,0.46,1,1,0,0
0174_pos_0,10,support,1994,1853,0.6777777777777778,1,1,0,0
0174_pos_0,11,support,1239,1473,0.5897435897435898,1,1,0,0
0174_pos_0,12,query,1653,1617,0.53125,1,1,0,0
0175_neg_0,0,support,814,1016,0.5,0,0,0,0
0175_neg_0,1,support,964,1048,0.48717948717948717,0,0,0,0
0175_neg_0,2,support,1405,1300,0.6162790697674418,1,1,0,0
0175_neg_0,3,support,1069,1000,0.5857142857142857,1,0,0,0
0175_neg_0,4,support,1198,1229,0.803030303030303,1,1,0,0
0175_neg_0,5,support,1030,1056,0.7833333333333333,1,1,0,0
0175_neg_0,6,support,1305,1384,0.7611940298507462,1,1,0,0
0175_neg_0,7,support,808,895,0.8113207547169812,0,0,0,0
0175_neg_0,8,support,1114,1207,0.5921052631578947,1,1,0,0
0175_neg_0,9,support,1205,1092,0.7611940298507462,1,1,0,0
0175_neg_0,10,support,1073,949,0.5138888888888888,1,0,0,0
0175_neg_0,11,support,1205,1324,0.5844155844155844,1,1,0,0
0175_neg_0,12,query,1091,1200,0.6301369863013698,1,1,0,0
0175_pos_0,0,support,964,887,0.4927536231884058,0,0,0,0
0175_pos_0,1,support,1349,1268,0.6125,1,1,0,0
0175_pos_0,2,support,1084,1186,0.5384615384615384,1,1,0,0
0175_pos_0,3,support,1198,1390,0.6944444444444444,1,1,0,0
0175_pos_0,4,support,1026,1108,0.8,1,1,0,0
0175_pos_0,5,support,1247,1415,0.5542168674698795,1,1,0,0
0175_pos_0,6,support,1211,1212,0.569620253164557,1,1,0,0
0175_pos_0,7,support,1304,1168,0.7285714285714285,1,1,0,0
0175_pos_0,8,support,782,783,0.8333333333333334,0,0,0,0
0175_pos_0,9,support,1116,1104,0.625,1,1,0,0
0175_pos_0,10,support,1187,1397,0.7123287671232876,1,1,0,0
0175_pos_0,11,support,1080,964,0.7719298245614035,1,1,0,0
0175_pos_0,12,query,814,1033,0.6176470588235294,0,0,0,0
0176_neg_0,0,support,1065,1133,0.6984126984126984,1,1,0,0
0176_neg_0,1,support,1052,1104,0.6,1,1,0,0
0176_neg_0,2,support,1034,1060,0.5416666666666666,1,1,0,0
0176_neg_0,3,support,1007,1140,0.6716417910447762,1,1,0,0
0176_neg_0,4,support,1062,1156,0.4935064935064935,1,1,0,0
0176_neg_0,5,support,1086,1083,0.5652173913043478,1,1,0,0
0176_neg_0,6,support,1036,1122,0.7058823529411765,1,1,0,0
0176_neg_0,7,support,997,1174,0.6666666666666666,0,0,0,0
0176_neg_0,8,support,1036,1088,0.6911764705882353,1,1,0,0
0176_neg_0,9,support,919,945,0.6363636363636364,0,0,0,0
0176_neg_0,10,support,1081,955,0.7288135593220338,1,1,0,0
0176_neg_0,11,support,1095,1141,0.6923076923076923,1,1,0,0
0176_neg_0,12,query,942,1033,0.6666666666666666,1,1,0,0
0176_pos_0,0,support,1052,1153,0.6885245901639344,1,1,0,0
0176_pos_0,1,support,1060,1097,0.6307692307692307,1,1,0,0
0176_pos_0,2,support,963,1068,0.6666666666666666,1,2,0,1
0176_pos_0,3,support,1062,1158,0.56,1,1,0,0
0176_pos_0,4,support,1012,1051,0.640625,1,1,0,0
0176_pos_0,5,support,1139,1257,0.6447368421052632,1,1,0,0
0176_pos_0,6,support,914,946,0.7321428571428571,1,1,0,0
0176_pos_0,7,support,1043,1278,0.569620253164557,1,2,0,1
0176_pos_0,8,support,1035,1009,0.5194805194805194,0,0,0,0
0176_pos_0,9,support,1085,1134,0.5853658536585366,1,1,0,0
0176_pos_0,10,support,889,1024,0.6470588235294118,0,0,0,0
0176_pos_0,11,support,1188,1075,0.5416666666666666,1,2,0,1
0176_pos_0,12,query,974,1126,0.5797101449275363,1,1,0,0
0177_neg_0,0,support,1795,1434,0.41836734693877553,1,1,0,0
0177_neg_0,1,support,1131,1107,0.5131578947368421,1,1,0,0
0177_neg_0,2,support,1286,1257,0.6103896103896104,1,1,0,0
0177_neg_0,3,support,1634,1391,0.5421686746987951,1,1,0,0
0177_neg_0,4,support,1202,1354,0.5161290322580645,1,0,0,0
0177_neg_0,5,support,1426,1574,0.43023255813953487,1,1,0,0
0177_neg_0,6,support,850,873,0.7301587301587301,1,1,0,0
0177_neg_0,7,support,1215,1265,0.7037037037037037,2,3,1,1
0177_neg_0,8,support,951,1234,0.5466666666666666,1,2,0,1
0177_neg_0,9,support,1205,1267,0.6865671641791045,0,0,0,0
0177_neg_0,10,support,1287,1541,0.6197183098591549,1,1,0,0
0177_neg_0,11,support,1842,1629,0.6470588235294118,1,1,0,0
0177_neg_0,12,query,1262,1170,0.6575342465753424,1,1,0,0
0177_pos_0,0,support,1140,1155,0.6619718309859155,1,1,0,0
0177_pos_0,1,support,1136,1336,0.6527777777777778,1,1,0,0
0177_pos_0,2,support,1670,1848,0.5666666666666667,1,1,0,0
0177_pos_0,3,support,1206,1383,0.5222222222222223,1,2,0,1
0177_pos_0,4,support,1425,1888,0.47368421052631576,1,1,0,0
0177_pos_0,5,support,975,1150,0.5633802816901409,1,0,0,0
0177_pos_0,6,support,1336,1325,0.569620253164557,1,1,0,0
0177_pos_0,7,support,850,995,0.7164179104477612,1,1,0,0
0177_pos_0,8,support,1246,1199,0.6428571428571429,2,2,1,1
0177_pos_0,9,support,920,933,0.6721311475409836,1,1,0,0
0177_pos_0,10,support,1205,1015,0.6666666666666666,0,0,0,0
0177_pos_0,11,support,1287,1368,0.581081081081081,1,1,0,0
0177_pos_0,12,query,1795,1568,0.4895833333333333,1,1,0,0
0178_neg_0,0,support,1241,1522,0.5405405405405406,1,1,0,0
0178_neg_0,1,support,803,798,0.6296296296296297,1,1,0,0
0178_neg_0,2,support,1399,1344,0.6538461538461539,1,1,0,0
0178_neg_0,3,support,993,1053,0.5846153846153846,1,1,0,0
0178_neg_0,4,support,1099,1336,0.5769230769230769,1,1,0,0
0178_neg_0,5,support,988,1293,0.5512820512820513,1,1,0,0
0178_neg_0,6,support,938,882,0.7241379310344828,1,0,0,0
0178_neg_0,7,support,1057,1048,0.7049180327868853,1,1,0,0
0178_neg_0,8,support,1429,1375,0.4883720930232558,1,1,0,0
0178_neg_0,9,support,1222,1285,0.676056338028169,1,1,0,0
0178_neg_0,10,support,829,925,0.6785714285714286,1,1,0,0
0178_neg_0,11,support,1042,1092,0.5538461538461539,1,1,0,0
0178_neg_0,12,query,1079,1117,0.6764705882352942,1,1,0,0
0178_pos_0,0,support,780,853,0.7307692307692307,1,1,0,0
0178_pos_0,1,support,1451,1561,0.5925925925925926,1,1,0,0
0178_pos_0,2,support,1019,995,0.7457627118644068,1,1,0,0
0178_pos_0,3,support,1099,966,0.7213114754098361,1,1,0,0
0178_pos_0,4,support,932,1244,0.4625,0,1,0,0
0178_pos_0,5,support,1492,1216,0.6071428571428571,1,1,0,0
0178_pos_0,6,support,1079,1084,0.6617647058823529,1,1,0,0
0178_pos_0,7,support,920,948,0.639344262295082,1,1,0,0
0178_pos_0,8,support,1076,1090,0.78125,1,1,0,0
0178_pos_0,9,support,1597,1498,0.6419753086419753,1,1,0,0
0178_pos_0,10,support,1184,1283,0.8095238095238095,1,1,0,0
0178_pos_0,11,support,924,913,0.8214285714285714,1,1,0,0
0178_pos_0,12,query,1338,907,0.6,1,1,0,0
0179_neg_0,0,support,1069,1217,0.7076923076923077,1,1,0,0
0179_neg_0,1,support,1038,870,0.6461538461538462,2,0,1,0
0179_neg_0,2,support,1407,1542,0.611764705882353,1,1,0,0
0179_neg_0,3,support,1179,1241,0.6,1,1,0,0
0179_neg_0,4,support,1776,1740,0.7078651685393258,1,1,0,0
0179_neg_0,5,support,1268,1357,0.6410256410256411,1,1,0,0
0179_neg_0,6,support,1196,1092,0.6285714285714286,1,1,0,0
0179_neg_0,7,support,1213,1204,0.7833333333333333,1,1,0,0
0179_neg_0,8,support,1099,1071,0.7384615384615385,1,1,0,0
0179_neg_0,9,support,1181,1215,0.6351351351351351,1,1,0,0
0179_neg_0,10,support,1207,1252,0.7681159420289855,1,1,0,0
0179_neg_0,11,support,1456,1222,0.676056338028169,1,0,0,0
0179_neg_0,12,query,1316,1304,0.6923076923076923,1,1,0,0
0180_neg_0,0,support,1107,1057,0.47560975609756095,1,1,0,0
0180_neg_0,1,support,1085,1192,0.5714285714285714,1,2,0,1
0180_neg_0,2,support,1027,972,0.7384615384615385,1,1,0,0
0180_neg_0,3,support,1203,1180,0.5609756097560976,1,0,0,0
0180_neg_0,4,support,899,1123,0.5675675675675675,1,1,0,0
0180_neg_0,5,support,1054,1279,0.45977011494252873,1,0,0,0
0180_neg_0,6,support,1517,1476,0.6395348837209303,1,2,0,1
0180_neg_0,7,support,1257,1354,0.6265060240963856,1,1,0,0
0180_neg_0,8,support,1357,1256,0.746268656716418,1,1,0,0
0180_neg_0,9,support,1837,1389,0.5466666666666666,1,0,0,0
0180_neg_0,10,support,1110,1268,0.7222222222222222,1,1,0,0
0180_neg_0,11,support,1073,1246,0.6025641025641025,1,1,0,0
0180_neg_0,12,query,1502,1643,0.5851063829787234,1,2,0,1
0180_pos_0,0,support,1175,1265,0.5747126436781609,1,1,0,0
0180_pos_0,1,support,980,991,0.6567164179104478,1,1,0,0
0180_pos_0,2,support,1208,1183,0.6,0,1,0,0
0180_pos_0,3,support,1121,979,0.6081081081081081,1,1,0,0
0180_pos_0,4,support,1036,1227,0.4835164835164835,1,1,0,0
0180_pos_0,5,support,1509,1589,0.4375,1,1,0,0
0180_pos_0,6,support,1773,1502,0.5247524752475248,1,1,0,0
0180_pos_0,7,support,1510,1695,0.6136363636363636,1,2,0,1
0180_pos_0,8,support,1285,1337,0.7195121951219512,1,1,0,0
0180_pos_0,9,support,1286,1305,0.6081081081081081,1,1,0,0
0180_pos_0,10,support,1934,1607,0.5684210526315789,1,1,0,0
0180_pos_0,11,support,1083,1456,0.6352941176470588,1,1,0,0
0180_pos_0,12,query,1204,998,0.5844155844155844,1,1,0,0
0181_neg_0,0,support,968,1279,0.6,1,1,0,0
0181_neg_0,1,support,1187,1414,0.5584415584415584,1,1,0,0
0181_neg_0,2,support,1231,1525,0.569620253164557,1,1,0,0
0181_neg_0,3,support,982,1190,0.569620253164557,1,1,0,0
0181_neg_0,4,support,1261,1031,0.5063291139240507,1,1,0,0
0181_neg_0,5,support,950,985,0.5932203389830508,1,1,0,0
0181_neg_0,6,support,1463,1526,0.5051546391752577,1,1,0,0
0181_neg_0,7,support,1221,1213,0.6447368421052632,1,1,0,0
0181_neg_0,8,support,1579,1574,0.6794871794871795,1,1,0,0
0181_neg_0,9,support,1144,1099,0.7692307692307693,1,1,0,0
0181_neg_0,10,support,1420,1135,0.5113636363636364,1,2,0,1
0181_neg_0,11,support,1647,1604,0.6138613861386139,1,1,0,0
0181_neg_0,12,query,1832,1566,0.48484848484848486,1,2,0,1
0181_pos_0,0,support,1210,1232,0.5342465753424658,1,1,0,0
0181_pos_0,1,support,1268,1240,0.7101449275362319,1,1,0,0
0181_pos_0,2,support,1000,1228,0.5365853658536586,1,1,0,0
0181_pos_0,3,support,1296,1167,0.5542168674698795,1,1,0,0
0181_pos_0,4,support,1046,1013,0.7833333333333333,1,1,0,0
0181_pos_0,5,support,1369,1308,0.5232558139534884,1,2,0,1
0181_pos_0,6,support,1584,1413,0.49019607843137253,1,1,0,0
0181_pos_0,7,support,1423,1387,0.6625,1,2,0,1
0181_pos_0,8,support,1397,1463,0.5520833333333334,1,2,0,1
0181_pos_0,9,support,1605,1543,0.6206896551724138,1,1,0,0
0181_pos_0,10,support,1153,1107,0.6103896103896104,1,1,0,0
0181_pos_0,11,support,1450,1564,0.6129032258064516,1,2,0,1
0181_pos_0,12,query,948,866,0.6666666666666666,1,1,0,0
0182_neg_0,0,support,1452,1481,0.5,1,1,0,0
0182_neg_0,1,support,1479,1476,0.6162790697674418,1,2,0,1
0182_neg_0,2,support,1459,1569,0.5714285714285714,1,2,0,1
0182_neg_0,3,support,1600,1527,0.5445544554455446,1,2,0,1
0182_neg_0,4,support,1283,896,0.5138888888888888,1,0,0,0
0182_neg_0,5,support,1436,1655,0.5959595959595959,2,2,1,1
0182_neg_0,6,support,1668,1600,0.5979381443298969,1,2,0,1
0182_neg_0,7,support,1587,1212,0.4782608695652174,1,2,0,1
0182_neg_0,8,support,1569,1421,0.5319148936170213,1,2,0,1
0182_neg_0,9,support,1981,1705,0.494949494949495,1,1,0,0
0182_neg_0,10,support,1259,1649,0.5,1,1,0,0
0182_neg_0,11,support,1185,1087,0.5058823529411764,1,1,0,1
0182_neg_0,12,query,1466,1793,0.5327102803738317,1,2,0,1
0182_pos_0,0,support,1476,1629,0.5,1,2,0,1
0182_pos_0,1,support,1509,1626,0.5918367346938775,1,2,0,1
0182_pos_0,2,support,1605,1814,0.5137614678899083,1,2,0,1
0182_pos_0,3,support,1262,1321,0.5679012345679012,1,2,0,1
0182_pos_0,4,support,1418,1504,0.5543478260869565,2,1,1,0
0182_pos_0,5,support,1341,1228,0.5666666666666667,1,2,0,1
0182_pos_0,6,support,1469,1500,0.5,1,1,0,0
0182_pos_0,7,support,1626,1574,0.5688073394495413,1,1,0,0
0182_pos_0,8,support,1592,1256,0.45652173913043476,1,2,0,1
0182_pos_0,9,support,1553,1550,0.5242718446601942,1,2,0,1
0182_pos_0,10,support,1973,1507,0.5053763440860215,1,2,0,1
0182_pos_0,11,support,1283,1559,0.39814814814814814,1,2,0,1
0182_pos_0,12,query,1459,1494,0.6904761904761905,1,1,0,0
0183_neg_0,0,support,1180,1168,0.6507936507936508,1,0,0,0
0183_neg_0,1,support,1100,1242,0.5316455696202531,0,2,0,1
0183_neg_0,2,support,1477,1671,0.46464646464646464,1,1,0,0
0183_neg_0,3,support,1463,1488,0.36633663366336633,1,1,0,0
0183_neg_0,4,support,1510,1656,0.63,1,1,0,0
0183_neg_0,5,support,1326,1632,0.625,1,1,0,0
0183_neg_0,6,support,961,917,0.5616438356164384,0,1,0,0
0183_neg_0,7,support,1267,1632,0.625,1,1,0,0
0183_neg_0,8,support,1248,1270,0.6075949367088608,1,2,0,1
0183_neg_0,9,support,1569,1220,0.5476190476190477,1,1,0,0
0183_neg_0,10,support,1565,1446,0.5510204081632653,1,2,0,1
0183_neg_0,11,support,1312,1243,0.5555555555555556,1,2,0,1
0183_neg_0,12,query,1702,1231,0.5185185185185185,1,2,0,1
0183_pos_0,0,support,1333,1425,0.5697674418604651,0,0,0,0
0183_pos_0,1,support,1460,1364,0.6428571428571429,1,2,0,1
0183_pos_0,2,support,1287,1484,0.5425531914893617,1,1,0,0
0183_pos_0,3,support,1335,1317,0.5111111111111111,1,2,0,1
0183_pos_0,4,support,1516,1387,0.7317073170731707,1,2,0,1
0183_pos_0,5,support,1500,1736,0.5274725274725275,1,1,0,0
0183_pos_0,6,support,1640,1645,0.5833333333333334,1,1,0,0
0183_pos_0,7,support,934,938,0.6029411764705882,0,1,0,0
0183_pos_0,8,support,1322,1334,0.6753246753246753,1,2,0,1
0183_pos_0,9,support,1272,1342,0.5609756097560976,1,2,0,1
0183_pos_0,10,support,1667,983,0.5844155844155844,1,2,0,1
0183_pos_0,11,support,1524,1457,0.5517241379310345,1,2,0,1
0183_pos_0,12,query,1218,1156,0.5316455696202531,1,1,0,0
0184_neg_0,0,support,1244,1280,0.5222222222222223,1,1,0,0
0184_neg_0,1,support,1317,1288,0.5975609756097561,1,1,0,0
0184_neg_0,2,support,1702,1304,0.5047619047619047,1,2,0,1
0184_neg_0,3,support,1538,1580,0.42727272727272725,1,2,0,1
0184_neg_0,4,support,1322,1496,0.5287356321839081,1,1,0,0
0184_neg_0,5,support,1330,1197,0.6666666666666666,1,1,0,0
0184_neg_0,6,support,1281,1132,0.78125,1,1,0,0
0184_neg_0,7,support,1214,1209,0.6,1,1,0,0
0184_neg_0,8,support,1396,1160,0.5161290322580645,1,1,0,0
0184_neg_0,9,support,1395,1458,0.5698924731182796,1,1,0,0
0184_neg_0,10,support,1190,1473,0.5365853658536586,0,1,0,0
0184_neg_0,11,support,1320,1424,0.5909090909090909,1,1,0,0
0184_neg_0,12,query,1529,1507,0.6666666666666666,1,1,0,0
0184_pos_0,0,support,1302,1529,0.6021505376344086,1,2,0,1
0184_pos_0,1,support,1525,1274,0.5543478260869565,1,2,0,1
0184_pos_0,2,support,1443,1584,0.5268817204301075,1,1,0,0
0184_pos_0,3,support,1324,1350,0.4574468085106383,1,1,0,0
0184_pos_0,4,support,1294,1122,0.7761194029850746,1,1,0,0
0184_pos_0,5,support,1262,1390,0.6493506493506493,1,1,0,0
0184_pos_0,6,support,1606,1452,0.6022727272727273,1,2,0,1
0184_pos_0,7,support,1247,1348,0.65,1,1,0,0
0184_pos_0,8,support,1200,1300,0.6933333333333334,1,1,0,0
0184_pos_0,9,support,1396,996,0.5769230769230769,1,1,0,0
0184_pos_0,10,support,1356,1416,0.7564102564102564,1,1,0,0
0184_pos_0,11,support,1350,1197,0.48863636363636365,0,1,0,0
0184_pos_0,12,query,1252,1211,0.6493506493506493,1,1,0,0
0185_neg_0,0,support,1322,1223,0.5617977528089888,1,1,0,0
0185_neg_0,1,support,1579,1587,0.391304347826087,1,2,0,1
0185_neg_0,2,support,1489,1629,0.627906976744186,1,1,0,0
0185_neg_0,3,support,1644,1354,0.5154639175257731,1,1,0,0
0185_neg_0,4,support,1269,1382,0.5,2,2,1,1
0185_neg_0,5,support,1267,1381,0.5730337078651685,1,1,0,0
0185_neg_0,6,support,1327,1443,0.5697674418604651,2,2,1,1
0185_neg_0,7,support,1628,1863,0.5,1,2,0,1
0185_neg_0,8,support,1496,1288,0.6385542168674698,2,2,1,1
0185_neg_0,9,support,1022,1016,0.6438356164383562,1,0,0,0
0185_neg_0,10,support,1422,1409,0.5454545454545454,1,2,0,1
0185_neg_0,11,support,1571,1609,0.5360824742268041,2,1,1,0
0185_neg_0,12,query,1322,1116,0.6323529411764706,1,1,0,0
0185_pos_0,0,support,1644,1631,0.38333333333333336,1,2,0,1
0185_pos_0,1,support,1379,1491,0.5529411764705883,1,2,0,1
0185_pos_0,2,support,1442,1399,0.5617977528089888,1,2,0,1
0185_pos_0,3,support,1137,1174,0.5333333333333333,1,2,0,1
0185_pos_0,4,support,1311,1129,0.5822784810126582,2,1,1,0
0185_pos_0,5,support,1330,1372,0.5306122448979592,1,1,0,0
0185_pos_0,6,support,1340,1225,0.5679012345679012,1,1,0,0
0185_pos_0,7,support,1320,1457,0.6235294117647059,1,1,0,0
0185_pos_0,8,support,1544,1909,0.5686274509803921,1,2,0,1
0185_pos_0,9,support,1360,1471,0.6428571428571429,2,2,1,1
0185_pos_0,10,support,909,934,0.6,0,0,0,0
0185_pos_0,11,support,1306,1126,0.5921052631578947,1,2,0,1
0185_pos_0,12,query,1373,1321,0.5054945054945055,1,2,0,1
0186_neg_0,0,support,1451,1534,0.5051546391752577,0,1,0,0
0186_neg_0,1,support,1326,1269,0.6923076923076923,0,2,0,1
0186_neg_0,2,support,1583,1517,0.5934065934065934,1,1,0,0
0186_neg_0,3,support,1192,1437,0.46987951807228917,0,0,0,0
0186_neg_0,4,support,1897,1563,0.5047619047619047,0,1,0,0
0186_neg_0,5,support,1089,1233,0.5176470588235295,0,1,0,0
0186_neg_0,6,support,1539,2025,0.411214953271028,1,1,0,0
0186_neg_0,7,support,965,1088,0.5454545454545454,0,1,0,0
0186_neg_0,8,support,1695,1833,0.6086956521739131,1,1,0,0
0186_neg_0,9,support,2152,2050,0.6235294117647059,1,1,0,0
0186_neg_0,10,support,1552,1894,0.43617021276595747,1,1,0,0
0186_neg_0,11,support,1948,1872,0.5714285714285714,1,1,0,0
0186_neg_0,12,query,1528,2095,0.47674418604651164,1,1,0,0
0186_pos_0,0,support,1412,1663,0.5882352941176471,0,1,0,0
0186_pos_0,1,support,1574,1313,0.5434782608695652,1,1,0,0
0186_pos_0,2,support,1188,1421,0.5064935064935064,0,1,0,0
0186_pos_0,3,support,1728,1819,0.6262626262626263,0,0,0,0
0186_pos_0,4,support,1007,1193,0.5769230769230769,0,0,0,0
0186_pos_0,5,support,1693,1668,0.5684210526315789,1,1,0,0
0186_pos_0,6,support,1893,1817,0.4878048780487805,1,0,0,0
0186_pos_0,7,support,1626,1654,0.49473684210526314,1,1,0,0
0186_pos_0,8,support,934,1160,0.524390243902439,1,1,0,0
0186_pos_0,9,support,1659,1735,0.6626506024096386,1,1,0,0
0186_pos_0,10,support,2149,2168,0.5681818181818182,1,1,0,0
0186_pos_0,11,support,1173,2620,0.48936170212765956,1,1,0,0
0186_pos_0,12,query,1502,1303,0.5154639175257731,1,0,0,0
0187_neg_0,0,support,901,2382,0.6615384615384615,1,1,0,0
0187_neg_0,1,support,1034,1546,0.7213114754098361,1,1,0,0
0187_neg_0,2,support,1866,2036,0.5161290322580645,1,1,0,0
0187_neg_0,3,support,999,1525,0.5797101449275363,1,1,0,0
0187_neg_0,4,support,1166,1169,0.696969696969697,1,1,0,0
0187_neg_0,5,support,1263,1403,0.5333333333333333,1,0,0,0
0187_neg_0,6,support,1333,1359,0.5232558139534884,1,1,0,0
0187_neg_0,7,support,795,841,0.6909090909090909,1,1,0,0
0187_neg_0,8,support,1037,1097,0.7627118644067796,1,1,0,0
0187_neg_0,9,support,1161,1263,0.6538461538461539,1,1,0,0
0187_neg_0,10,support,873,898,0.5352112676056338,1,1,0,0
0187_neg_0,11,support,1006,1033,0.6825396825396826,1,1,0,0
0187_neg_0,12,query,800,774,0.7692307692307693,1,1,0,0
0187_pos_0,0,support,1161,1211,0.5806451612903226,1,1,0,0
0187_pos_0,1,support,1948,2435,0.5760869565217391,1,1,0,0
0187_pos_0,2,support,999,2009,0.5857142857142857,1,1,0,0
0187_pos_0,3,support,1197,1183,0.6056338028169014,1,1,0,0
0187_pos_0,4,support,1150,1446,0.5362318840579711,1,1,0,0
0187_pos_0,5,support,1905,1898,0.6194690265486725,1,3,0,1
0187_pos_0,6,support,805,793,0.603448275862069,1,1,0,0
0187_pos_0,7,support,1296,1414,0.6025641025641025,1,2,0,1
0187_pos_0,8,support,811,778,0.7090909090909091,1,1,0,0
0187_pos_0,9,support,1072,1062,0.6190476190476191,1,1,0,0
0187_pos_0,10,support,1182,983,0.6486486486486487,1,1,0,0
0187_pos_0,11,support,807,956,0.5571428571428572,1,1,0,0
0187_pos_0,12,query,958,1150,0.6885245901639344,1,1,0,0
0188_neg_0,0,support,949,1118,0.75,1,1,0,0
0188_neg_0,1,support,963,831,0.6333333333333333,0,0,0,0
0188_neg_0,2,support,995,1226,0.5058823529411764,1,1,0,0
0188_neg_0,3,support,1031,1168,0.5384615384615384,1,1,0,0
0188_neg_0,4,support,819,1006,0.639344262295082,1,1,0,0
0188_neg_0,5,support,860,950,0.6470588235294118,0,0,0,0
0188_neg_0,6,support,888,1029,0.6825396825396826,1,1,0,0
0188_neg_0,7,support,1379,1443,0.6794871794871795,1,1,0,0
0188_neg_0,8,support,876,946,0.7333333333333333,1,1,0,0
0188_neg_0,9,support,924,958,0.6515151515151515,1,1,0,0
0188_neg_0,10,support,1006,765,0.5223880597014925,1,1,0,0
0188_neg_0,11,support,877,973,0.5362318840579711,0,0,0,0
0188_neg_0,12,query,1765,1436,0.5681818181818182,1,1,0,0
0188_pos_0,0,support,968,915,0.6349206349206349,0,1,0,0
0188_pos_0,1,support,965,1061,0.6338028169014085,1,1,0,0
0188_pos_0,2,support,1084,1330,0.5542168674698795,1,1,0,0
0188_pos_0,3,support,819,1050,0.5606060606060606,1,1,0,0
0188_pos_0,4,support,892,1085,0.4567901234567901,1,1,0,0
0188_pos_0,5,support,1015,1027,0.5694444444444444,0,1,0,0
0188_pos_0,6,support,1482,1631,0.6222222222222222,1,1,0,0
0188_pos_0,7,support,962,1293,0.6086956521739131,1,1,0,0
0188_pos_0,8,support,1258,1348,0.7162162162162162,1,1,0,0
0188_pos_0,9,support,892,940,0.7213114754098361,1,1,0,0
0188_pos_0,10,support,1028,891,0.53125,1,1,0,0
0188_pos_0,11,support,1012,690,0.578125,1,0,0,0
0188_pos_0,12,query,998,1047,0.5857142857142857,1,1,0,0
0189_neg_0,0,support,837,930,0.4861111111111111,1,1,0,0
0189_neg_0,1,support,857,873,0.5522388059701493,1,0,0,0
0189_neg_0,2,support,1044,882,0.5,1,0,0,0
0189_neg_0,3,support,1110,1148,0.6216216216216216,1,1,0,0
0189_neg_0,4,support,1032,1115,0.5180722891566265,1,1,0,0
0189_neg_0,5,support,1129,1198,0.5866666666666667,1,1,0,0
0189_neg_0,6,support,1267,1183,0.5625,1,1,0,0
0189_neg_0,7,support,1756,1817,0.6145833333333334,1,1,0,0
0189_neg_0,8,support,943,972,0.55,1,1,0,0
0189_neg_0,9,support,1390,1091,0.6233766233766234,1,1,0,0
0189_neg_0,10,support,920,974,0.671875,1,1,0,1
0189_neg_0,11,support,838,867,0.4647887323943662,0,1,0,0
0189_neg_0,12,query,1477,1358,0.49473684210526314,1,1,0,0
0189_pos_0,0,support,848,942,0.5142857142857142,1,1,0,1
0189_pos_0,1,support,1029,1078,0.6212121212121212,1,1,0,0
0189_pos_0,2,support,912,1162,0.5972222222222222,1,1,0,0
0189_pos_0,3,support,1032,1142,0.49382716049382713,1,2,0,1
0189_pos_0,4,support,1165,1177,0.5945945945945946,1,1,0,0
0189_pos_0,5,support,1068,1142,0.4875,1,1,0,0
0189_pos_0,6,support,1531,1834,0.6326530612244898,1,1,0,0
0189_pos_0,7,support,1266,1111,0.64,1,1,0,0
0189_pos_0,8,support,1754,1823,0.625,1,2,0,1
0189_pos_0,9,support,905,1058,0.5833333333333334,1,1,0,0
0189_pos_0,10,support,1171,1280,0.6,1,1,0,0
0189_pos_0,11,support,919,1072,0.4675324675324675,1,1,0,0
0189_pos_0,12,query,837,825,0.5625,1,0,0,0
0190_neg_0,0,support,1055,1058,0.6716417910447762,0,1,0,0
0190_neg_0,1,support,1370,1957,0.6823529411764706,1,1,0,0
0190_neg_0,2,support,1443,1256,0.5180722891566265,0,1,0,0
0190_neg_0,3,support,1598,1746,0.7083333333333334,2,2,1,1
0190_neg_0,4,support,1086,998,0.7183098591549296,1,1,0,0
0190_neg_0,5,support,1595,1798,0.54,0,1,0,0
0190_neg_0,6,support,1142,1132,0.64,1,1,0,0
0190_neg_0,7,support,1310,1069,0.3939393939393939,1,1,0,1
0190_neg_0,8,support,1708,2134,0.6043956043956044,1,2,0,1
0190_neg_0,9,support,1668,1483,0.5760869565217391,1,1,0,0
0190_neg_0,10,support,1323,1763,0.6666666666666666,1,1,0,0
0190_neg_0,11,support,1797,4716,0.7637795275590551,1,1,0,0
0190_neg_0,12,query,1414,1757,0.5569620253164557,1,1,0,0
0190_pos_0,0,support,1216,1422,0.5882352941176471,1,1,0,0
0190_pos_0,1,support,1443,1518,0.5294117647058824,0,1,0,0
0190_pos_0,2,support,1722,1384,0.6,2,1,1,0
0190_pos_0,3,support,1072,999,0.6666666666666666,1,1,0,0
0190_pos_0,4,support,1598,1845,0.6022727272727273,0,0,0,0
0190_pos_0,5,support,1562,1822,0.48314606741573035,1,0,0,0
0190_pos_0,6,support,1595,1694,0.6153846153846154,1,1,0,0
0190_pos_0,7,support,1140,1414,0.6153846153846154,1,1,0,0
0190_pos_0,8,support,1223,1255,0.41,1,2,0,1
0190_pos_0,9,support,1601,1220,0.6585365853658537,1,1,0,0
0190_pos_0,10,support,1758,1801,0.5591397849462365,1,0,0,0
0190_pos_0,11,support,1325,1592,0.6233766233766234,1,1,0,0
0190_pos_0,12,query,1114,1045,0.6567164179104478,0,1,0,0
0191_neg_0,0,support,1485,1551,0.5145631067961165,1,1,0,0
0191_neg_0,1,support,1460,1127,0.5,1,2,0,1
0191_neg_0,2,support,918,1027,0.5405405405405406,0,1,0,1
0191_neg_0,3,support,1212,1251,0.6233766233766234,1,2,0,1
0191_neg_0,4,support,1335,1261,0.4891304347826087,1,2,0,1
0191_neg_0,5,support,1087,1228,0.4819277108433735,1,1,0,0
0191_neg_0,6,support,1317,1291,0.6022727272727273,1,1,0,0
0191_neg_0,7,support,1722,2008,0.5520833333333334,1,1,0,0
0191_neg_0,8,support,1724,1530,0.6222222222222222,1,2,0,1
0191_neg_0,9,support,1511,1753,0.43478260869565216,1,1,0,0
0191_neg_0,10,support,1096,1341,0.5777777777777777,1,0,0,0
0191_neg_0,11,support,1641,1511,0.5445544554455446,1,1,0,0
0191_neg_0,12,query,1777,1518,0.5102040816326531,1,2,0,1
0191_pos_0,0,support,1358,1479,0.4895833333333333,1,1,0,0
0191_pos_0,1,support,903,982,0.5571428571428572,0,0,0,0
0191_pos_0,2,support,1349,1581,0.5517241379310345,1,1,0,0
0191_pos_0,3,support,1302,1404,0.5154639175257731,1,2,0,1
0191_pos_0,4,support,950,1321,0.5616438356164384,1,1,0,0
0191_pos_0,5,support,1730,1540,0.4954954954954955,1,2,0,1
0191_pos_0,6,support,1658,1511,0.5473684210526316,1,2,0,1
0191_pos_0,7,support,1400,1372,0.6853932584269663,1,1,0,0
0191_pos_0,8,support,1708,1897,0.6627906976744186,1,2,0,1
0191_pos_0,9,support,1672,1668,0.6987951807228916,1,1,0,0
0191_pos_0,10,support,1497,1746,0.44761904761904764,1,2,0,1
0191_pos_0,11,support,1296,1173,0.5542168674698795,1,1,0,0
0191_pos_0,12,query,1586,1498,0.4818181818181818,1,1,0,0
0192_neg_0,0,support,1021,891,0.6119402985074627,0,1,0,0
0192_neg_0,1,support,1088,1204,0.5949367088607594,0,1,0,0
0192_neg_0,2,support,1070,1141,0.56,1,1,0,0
0192_neg_0,3,support,847,855,0.6779661016949152,1,1,0,0
0192_neg_0,4,support,1326,1023,0.6231884057971014,1,1,0,0
0192_neg_0,5,support,975,1072,0.6376811594202898,1,1,0,0
0192_neg_0,6,support,1289,1088,0.5921052631578947,1,0,0,0
0192_neg_0,7,support,1069,1117,0.7727272727272727,2,1,0,0
0192_neg_0,8,support,1121,1052,0.703125,1,1,0,0
0192_neg_0,9,support,1164,1153,0.6417910447761194,1,1,0,0
0192_neg_0,10,support,1160,1204,0.5882352941176471,1,1,0,0
0192_neg_0,11,support,1040,978,0.7258064516129032,1,1,0,0
0192_neg_0,12,query,1206,922,0.5970149253731343,1,0,0,0
0192_pos_0,0,support,1019,1089,0.5662650602409639,1,0,0,0
0192_pos_0,1,support,1070,1235,0.625,1,1,0,0
0192_pos_0,2,support,822,873,0.6833333333333333,1,1,0,0
0192_pos_0,3,support,1328,1383,0.49382716049382713,1,1,0,0
0192_pos_0,4,support,965,931,0.547945205479452,1,1,0,0
0192_pos_0,5,support,1232,1165,0.589041095890411,1,1,0,0
0192_pos_0,6,support,1192,1053,0.6875,1,1,0,0
0192_pos_0,7,support,1518,1243,0.5185185185185185,1,0,0,0
0192_pos_0,8,support,1040,1130,0.7285714285714285,2,2,0,1
0192_pos_0,9,support,1215,1115,0.746031746031746,1,1,0,0
0192_pos_0,10,support,1266,1190,0.6029411764705882,1,1,0,0
0192_pos_0,11,support,1066,1221,0.6119402985074627,1,1,0,0
0192_pos_0,12,query,1041,1067,0.5714285714285714,1,1,0,0
0193_neg_0,0,support,1322,1537,0.6063829787234043,1,1,0,0
0193_neg_0,1,support,1531,1250,0.5268817204301075,1,2,0,1
0193_neg_0,2,support,1566,1509,0.52,1,1,0,0
0193_neg_0,3,support,1302,1336,0.5764705882352941,1,1,0,0
0193_neg_0,4,support,1344,1534,0.5777777777777777,1,2,0,1
0193_neg_0,5,support,1105,1152,0.6,1,3,0,1
0193_neg_0,6,support,1927,1781,0.59375,1,1,0,0
0193_neg_0,7,support,1611,1541,0.6082474226804123,1,1,0,0
0193_neg_0,8,support,1578,1558,0.6404494382022472,1,2,0,1
0193_neg_0,9,support,1369,1634,0.5319148936170213,1,2,0,1
0193_neg_0,10,support,1929,1579,0.5841584158415841,1,2,0,1
0193_neg_0,11,support,1451,1351,0.7142857142857143,1,2,0,1
0193_neg_0,12,query,1487,1564,0.6235294117647059,0,2,0,1
0193_pos_0,0,support,1380,1409,0.504950495049505,1,1,0,0
0193_pos_0,1,support,1722,1621,0.4857142857142857,1,2,0,1
0193_pos_0,2,support,1246,1504,0.4842105263157895,1,2,0,1
0193_pos_0,3,support,1283,1443,0.6235294117647059,1,2,0,1
0193_pos_0,4,support,1135,1118,0.7361111111111112,2,1,0,0
0193_pos_0,5,support,1332,1357,0.5340909090909091,1,2,0,1
0193_pos_0,6,support,1499,1258,0.6071428571428571,1,2,0,1
0193_pos_0,7,support,1922,1715,0.5283018867924528,1,1,0,0
0193_pos_0,8,support,1696,1328,0.6966292134831461,1,1,0,0
0193_pos_0,9,support,1578,1573,0.5773195876288659,1,1,0,0
0193_pos_0,10,support,1324,1341,0.6794871794871795,1,1,0,0
0193_pos_0,11,support,1642,1333,0.6067415730337079,1,1,0,0
0193_pos_0,12,query,1226,1654,0.5360824742268041,1,2,0,1
0194_neg_0,0,support,1448,1724,0.6021505376344086,1,1,0,0
0194_neg_0,1,support,1631,1944,0.5272727272727272,1,1,0,0
0194_neg_0,2,support,1949,1718,0.6842105263157895,1,1,0,0
0194_neg_0,3,support,1988,1936,0.5151515151515151,1,1,0,0
0194_neg_0,4,support,1495,1369,0.5979381443298969,1,1,0,0
0194_neg_0,5,support,1278,1484,0.5833333333333334,1,1,0,0
0194_neg_0,6,support,910,988,0.6875,1,1,0,0
0194_neg_0,7,support,1401,1314,0.6329113924050633,1,1,0,0
0194_neg_0,8,support,1034,1382,0.6153846153846154,1,1,0,0
0194_neg_0,9,support,1547,1382,0.5393258426966292,1,1,0,0
0194_neg_0,10,support,2526,2341,0.46956521739130436,1,1,0,0
0194_neg_0,11,support,1861,1895,0.5882352941176471,1,1,0,0
0194_neg_0,12,query,1045,1317,0.5340909090909091,1,1,0,0
0194_pos_0,0,support,1521,1571,0.5876288659793815,1,1,0,0
0194_pos_0,1,support,1917,2089,0.584070796460177,1,1,0,0
0194_pos_0,2,support,1930,1939,0.5196078431372549,1,1,0,0
0194_pos_0,3,support,1442,1729,0.4830508474576271,1,1,0,0
0194_pos_0,4,support,1304,1091,0.6164383561643836,1,1,0,0
0194_pos_0,5,support,2243,2339,0.4461538461538462,1,1,0,0
0194_pos_0,6,support,936,1268,0.525,1,1,0,0
0194_pos_0,7,support,951,1176,0.618421052631579,1,1,0,0
0194_pos_0,8,support,1437,1548,0.726027397260274,1,1,0,0
0194_pos_0,9,support,1045,1174,0.6666666666666666,1,1,0,0
0194_pos_0,10,support,1482,1224,0.6447368421052632,1,1,0,0
0194_pos_0,11,support,2619,3115,0.5039370078740157,1,1,0,0
0194_pos_0,12,query,1368,1305,0.5434782608695652,1,1,0,0
0195_neg_0,0,support,1207,1120,0.68,1,1,0,0
0195_neg_0,1,support,1216,1093,0.6111111111111112,1,1,0,0
0195_neg_0,2,support,1749,1354,0.5862068965517241,1,1,0,0
0195_neg_0,3,support,1698,1812,0.5714285714285714,2,1,1,0
0195_neg_0,4,support,1607,1632,0.6794871794871795,1,1,0,0
0195_neg_0,5,support,1560,1539,0.5698924731182796,2,2,1,1
0195_neg_0,6,support,1840,1735,0.6210526315789474,1,1,0,0
0195_neg_0,7,support,989,1261,0.6716417910447762,1,0,0,0
0195_neg_0,8,support,1129,1457,0.5421686746987951,1,1,0,0
0195_neg_0,9,support,1274,1250,0.6410256410256411,1,1,0,0
0195_neg_0,10,support,827,828,0.7254901960784313,0,1,0,0
0195_neg_0,11,support,1694,1951,0.5581395348837209,1,1,0,0
0195_neg_0,12,query,1815,1667,0.6588235294117647,1,1,0,0
0195_pos_0,0,support,1386,1326,0.6233766233766234,1,1,0,0
0195_pos_0,1,support,1587,1449,0.6883116883116883,1,1,0,0
0195_pos_0,2,support,1510,1870,0.6263736263736264,1,1,0,0
0195_pos_0,3,support,1643,1550,0.6375,1,1,0,0
0195_pos_0,4,support,1628,1764,0.6129032258064516,1,1,0,0
0195_pos_0,5,support,1640,1286,0.5454545454545454,1,0,0,0
0195_pos_0,6,support,1819,1759,0.6145833333333334,1,1,0,0
0195_pos_0,7,support,1757,1649,0.6235294117647059,1,1,0,0
0195_pos_0,8,support,1216,1377,0.765625,1,1,0,0
0195_pos_0,9,support,1331,1613,0.5102040816326531,1,1,0,0
0195_pos_0,10,support,1600,1177,0.5308641975308642,1,1,0,0
0195_pos_0,11,support,885,872,0.8076923076923077,1,1,0,0
0195_pos_0,12,query,1291,1273,0.5897435897435898,1,1,0,0
0196_neg_0,0,support,1022,924,0.48717948717948717,0,0,0,0
0196_neg_0,1,support,1036,1128,0.6417910447761194,0,1,0,0
0196_neg_0,2,support,1038,1103,0.5949367088607594,0,1,0,0
0196_neg_0,3,support,1182,1437,0.5972222222222222,1,1,0,0
0196_neg_0,4,support,1454,1391,0.6712328767123288,1,1,0,0
0196_neg_0,5,support,1494,1705,0.5408163265306123,1,1,0,0
0196_neg_0,6,support,1160,1097,0.6666666666666666,1,1,0,0
0196_neg_0,7,support,1643,1742,0.5392156862745098,1,1,0,0
0196_neg_0,8,support,1154,1138,0.7058823529411765,1,1,1,0
0196_neg_0,9,support,1013,1018,0.7121212121212122,1,1,0,0
0196_neg_0,10,support,1863,2003,0.5957446808510638,1,1,0,0
0196_neg_0,11,support,1082,932,0.5757575757575758,0,0,0,0
0196_neg_0,12,query,1890,1862,0.5686274509803921,1,1,0,0
0196_pos_0,0,support,986,912,0.527027027027027,0,1,0,0
0196_pos_0,1,support,999,1194,0.45454545454545453,0,1,0,0
0196_pos_0,2,support,1132,1293,0.56,1,1,0,0
0196_pos_0,3,support,1184,1144,0.6567164179104478,1,1,0,0
0196_pos_0,4,support,1247,1426,0.5402298850574713,0,1,0,0
0196_pos_0,5,support,1437,1534,0.6097560975609756,1,1,0,0
0196_pos_0,6,support,1923,1659,0.5142857142857142,1,1,0,0
0196_pos_0,7,support,1502,1577,0.6341463414634146,1,1,0,0
0196_pos_0,8,support,1712,1555,0.42592592592592593,1,1,0,0
0196_pos_0,9,support,1127,1202,0.7391304347826086,1,2,1,1
0196_pos_0,10,support,1127,1072,0.5694444444444444,1,1,0,0
0196_pos_0,11,support,1670,1457,0.5393258426966292,1,0,0,0
0196_pos_0,12,query,876,1161,0.5652173913043478,0,1,0,0
0197_neg_0,0,support,1259,1197,0.5348837209302325,1,1,0,0
0197_neg_0,1,support,1588,1438,0.5434782608695652,1,1,0,0
0197_neg_0,2,support,1272,1013,0.5375,1,1,0,0
0197_neg_0,3,support,1280,1115,0.7014925373134329,1,1,0,0
0197_neg_0,4,support,1849,1547,0.5714285714285714,1,1,0,0
0197_neg_0,5,support,845,1059,0.5606060606060606,1,1,0,0
0197_neg_0,6,support,1467,1546,0.6049382716049383,1,1,0,0
0197_neg_0,7,support,1548,1433,0.6222222222222222,1,1,0,0
0197_neg_0,8,support,1081,1012,0.6486486486486487,1,1,0,0
0197_neg_0,9,support,2424,2073,0.5490196078431373,1,1,0,0
0197_neg_0,10,support,1129,1037,0.7457627118644068,1,1,0,0
0197_neg_0,11,support,913,1201,0.5774647887323944,1,1,0,0
0197_neg_0,12,query,923,907,0.6212121212121212,0,1,0,0
0197_pos_0,0,support,1539,1698,0.4537037037037037,1,2,0,1
0197_pos_0,1,support,1236,1121,0.5555555555555556,1,1,0,0
0197_pos_0,2,support,1148,1188,0.6323529411764706,1,1,0,0
0197_pos_0,3,support,1873,1881,0.5098039215686274,1,1,0,0
0197_pos_0,4,support,847,1144,0.6065573770491803,1,1,0,0
0197_pos_0,5,support,1952,2137,0.5894736842105263,1,1,0,0
0197_pos_0,6,support,907,984,0.52,0,1,0,0
0197_pos_0,7,support,1377,1278,0.6338028169014085,1,1,0,0
0197_pos_0,8,support,1647,1271,0.6162790697674418,1,1,0,0
0197_pos_0,9,support,1070,990,0.6666666666666666,1,1,0,0
0197_pos_0,10,support,2172,2897,0.5922330097087378,1,1,0,0
0197_pos_0,11,support,1114,1624,0.6338028169014085,1,1,0,0
0197_pos_0,12,query,1277,1294,0.5,1,1,0,0
0198_neg_0,0,support,1121,1193,0.5952380952380952,1,1,0,0
0198_neg_0,1,support,1293,1162,0.5061728395061729,1,1,0,0
0198_neg_0,2,support,1487,1347,0.5476190476190477,1,1,0,0
0198_neg_0,3,support,1329,1355,0.550561797752809,1,1,0,0
0198_neg_0,4,support,1028,1433,0.4827586206896552,1,1,0,0
0198_neg_0,5,support,1000,1116,0.5125,1,1,0,0
0198_neg_0,6,support,1152,1355,0.6075949367088608,1,1,0,0
0198_neg_0,7,support,1067,1467,0.5915492957746479,1,1,0,0
0198_neg_0,8,support,1247,1360,0.7352941176470589,1,1,0,0
0198_neg_0,9,support,1590,1424,0.5,1,1,0,0
0198_neg_0,10,support,1266,1437,0.6,1,1,0,0
0198_neg_0,11,support,1164,1589,0.6506024096385542,1,1,0,0
0198_neg_0,12,query,1417,1509,0.5376344086021505,2,2,1,1
0198_pos_0,0,support,1397,1443,0.5681818181818182,1,1,0,0
0198_pos_0,1,support,1463,1404,0.5697674418604651,1,1,0,0
0198_pos_0,2,support,1214,1398,0.5465116279069767,1,1,0,0
0198_pos_0,3,support,1324,1574,0.5108695652173914,1,2,0,1
0198_pos_0,4,support,998,901,0.6231884057971014,1,1,0,0
0198_pos_0,5,support,1384,1297,0.65,1,1,0,0
0198_pos_0,6,support,1460,1464,0.5555555555555556,2,2,1,1
0198_pos_0,7,support,1149,1347,0.6103896103896104,1,1,0,0
0198_pos_0,8,support,1264,1490,0.6,1,1,0,0
0198_pos_0,9,support,1207,1087,0.6515151515151515,1,1,0,0
0198_pos_0,10,support,1491,1431,0.5161290322580645,1,1,0,0
0198_pos_0,11,support,1266,1379,0.6,1,1,0,0
0198_pos_0,12,query,1147,1293,0.5274725274725275,1,1,0,0
0199_neg_0,0,support,1449,1656,0.55,1,1,0,0
0199_neg_0,1,support,1439,1399,0.6195652173913043,1,2,0,1
0199_neg_0,2,support,1643,1426,0.4722222222222222,1,2,0,1
0199_neg_0,3,support,1470,1339,0.5978260869565217,1,2,0,1
0199_neg_0,4,support,1934,1589,0.3865546218487395,2,2,1,1
0199_neg_0,5,support,1316,1103,0.5903614457831325,1,2,0,1
0199_neg_0,6,support,1522,1306,0.6162790697674418,1,1,0,0
0199_neg_0,7,support,1616,1543,0.5842696629213483,1,2,0,1
0199_neg_0,8,support,2313,1715,0.4608695652173913,1,2,0,1
0199_neg_0,9,support,1598,1672,0.648936170212766,1,1,0,0
0199_neg_0,10,support,1324,1714,0.6753246753246753,2,2,1,1
0199_neg_0,11,support,1581,1350,0.494949494949495,1,1,0,0
0199_neg_0,12,query,1397,1207,0.6,1,2,0,1
0199_pos_0,0,support,1689,1576,0.5729166666666666,1,2,0,1
0199_pos_0,1,support,1624,1518,0.57,1,2,0,1
0199_pos_0,2,support,1529,1621,0.5408163265306123,1,2,0,1
0199_pos_0,3,support,2057,1804,0.5185185185185185,1,1,0,0
0199_pos_0,4,support,1314,1372,0.5252525252525253,1,2,0,1
0199_pos_0,5,support,1434,1856,0.5196078431372549,1,2,0,1
0199_pos_0,6,support,1333,1226,0.5698924731182796,1,1,0,0
0199_pos_0,7,support,1463,1611,0.6292134831460674,1,2,0,1
0199_pos_0,8,support,1509,1554,0.6219512195121951,1,2,0,1
0199_pos_0,9,support,2150,1942,0.48739495798319327,1,2,0,1
0199_pos_0,10,support,1477,1718,0.5918367346938775,1,2,0,1
0199_pos_0,11,support,1300,1210,0.6,2,1,1,0
0199_pos_0,12,query,1695,1798,0.5858585858585859,1,2,0,1
0200_neg_0,0,support,838,932,0.6031746031746031,0,0,0,0
0200_neg_0,1,support,1098,890,0.5692307692307692,1,0,0,0
0200_neg_0,2,support,886,1007,0.5384615384615384,0,0,0,0
0200_neg_0,3,support,1058,1383,0.5287356321839081,0,1,0,0
0200_neg_0,4,support,1036,1335,0.6301369863013698,1,1,0,0
0200_neg_0,5,support,1057,1007,0.5675675675675675,1,0,0,0
0200_neg_0,6,support,984,1231,0.6031746031746031,1,1,0,0
0200_neg_0,7,support,1542,1164,0.4946236559139785,1,1,0,0
0200_neg_0,8,support,1042,1021,0.547945205479452,1,0,0,0
0200_neg_0,9,support,1414,1613,0.6091954022988506,1,1,0,0
0200_neg_0,10,support,1338,1317,0.5465116279069767,1,1,0,0
0200_neg_0,11,support,1170,1205,0.6301369863013698,1,1,0,0
0200_neg_0,12,query,1451,1452,0.46808510638297873,0,0,0,0
0200_pos_0,0,support,1084,896,0.7096774193548387,1,0,0,0
0200_pos_0,1,support,892,937,0.5774647887323944,0,0,0,0
0200_pos_0,2,support,1025,1118,0.6388888888888888,0,0,0,0
0200_pos_0,3,support,1021,1061,0.6323529411764706,1,0,0,0
0200_pos_0,4,support,1304,1564,0.4639175257731959,1,1,0,0
0200_pos_0,5,support,949,1161,0.5512820512820513,0,0,0,0
0200_pos_0,6,support,1304,1234,0.4574468085106383,0,2,0,1
0200_pos_0,7,support,1222,1052,0.6323529411764706,1,0,0,0
0200_pos_0,8,support,1574,1045,0.5529411764705883,1,0,0,0
0200_pos_0,9,support,1043,1107,0.7966101694915254,1,1,0,0
0200_pos_0,10,support,1422,1243,0.7222222222222222,1,1,0,0
0200_pos_0,11,support,1328,1244,0.6533333333333333,1,1,0,0
0200_pos_0,12,query,884,852,0.639344262295082,0,0,0,0
0201_neg_0,0,support,1381,1474,0.5178571428571429,1,2,0,1
0201_neg_0,1,support,1585,1845,0.5544554455445545,1,1,0,0
0201_neg_0,2,support,1460,1704,0.2733333333333333,0,1,0,0
0201_neg_0,3,support,1561,1329,0.2708333333333333,0,0,0,0
0201_neg_0,4,support,1669,2097,0.42105263157894735,1,1,0,0
0201_neg_0,5,support,1712,2453,0.4117647058823529,1,3,0,1
0201_neg_0,6,support,1245,1313,0.5402298850574713,1,0,0,0
0201_neg_0,7,support,1451,1677,0.5344827586206896,1,1,0,0
0201_neg_0,8,support,1510,1585,0.41237113402061853,0,0,0,0
0201_neg_0,9,support,1253,1478,0.5862068965517241,0,1,0,0
0201_neg_0,10,support,1787,1936,0.47058823529411764,1,1,0,0
0201_neg_0,11,support,1513,1564,0.44329896907216493,1,2,0,1
0201_neg_0,12,query,969,1372,0.6438356164383562,0,0,0,0
0201_pos_0,0,support,1524,1781,0.4636363636363636,1,2,0,1
0201_pos_0,1,support,1423,1070,0.33613445378151263,0,0,0,0
0201_pos_0,2,support,1792,1141,0.3006993006993007,1,1,0,0
0201_pos_0,3,support,1608,2435,0.4697986577181208,1,2,0,1
0201_pos_0,4,support,1735,2496,0.41134751773049644,1,1,0,0
0201_pos_0,5,support,1295,1492,0.4369747899159664,1,1,0,0
0201_pos_0,6,support,1042,904,0.6716417910447762,1,1,0,1
0201_pos_0,7,support,1271,1292,0.5647058823529412,2,2,1,1
0201_pos_0,8,support,2352,1835,0.6293103448275862,2,1,1,0
0201_pos_0,9,support,1405,1747,0.5053763440860215,0,1,0,0
0201_pos_0,10,support,1316,1355,0.625,0,1,0,0
0201_pos_0,11,support,1965,2300,0.3829787234042553,1,1,0,0
0201_pos_0,12,query,1560,1535,0.5242718446601942,1,1,0,0
0202_neg_0,0,support,1201,1322,0.5058823529411764,1,1,0,0
0202_neg_0,1,support,1453,1180,0.5641025641025641,1,1,0,0
0202_neg_0,2,support,1217,1877,0.5955056179775281,1,1,0,0
0202_neg_0,3,support,1080,1188,0.5542168674698795,1,1,0,0
0202_neg_0,4,support,1539,1455,0.6944444444444444,1,0,0,0
0202_neg_0,5,support,1475,1267,0.5764705882352941,1,1,0,0
0202_neg_0,6,support,1537,1235,0.5875,1,1,0,0
0202_neg_0,7,support,1280,1285,0.5714285714285714,1,1,0,0
0202_neg_0,8,support,1239,1065,0.47191011235955055,1,1,0,0
0202_neg_0,9,support,1127,1453,0.5119047619047619,1,1,0,0
0202_neg_0,10,support,1202,1128,0.5942028985507246,1,1,0,0
0202_neg_0,11,support,1523,1543,0.6170212765957447,1,1,0,0
0202_neg_0,12,query,1347,1268,0.75,1,1,0,0
0202_pos_0,0,support,1130,1208,0.5802469135802469,1,1,0,0
0202_pos_0,1,support,1340,1319,0.6,1,1,0,0
0202_pos_0,2,support,1077,1137,0.5454545454545454,1,1,0,0
0202_pos_0,3,support,1349,1458,0.654320987654321,1,1,0,0
0202_pos_0,4,support,1301,1392,0.5604395604395604,1,1,0,0
0202_pos_0,5,support,1060,1074,0.703125,1,1,0,0
0202_pos_0,6,support,1346,1393,0.7037037037037037,1,1,0,0
0202_pos_0,7,support,1364,1580,0.5875,1,1,0,0
0202_pos_0,8,support,1414,1374,0.6022727272727273,1,1,0,0
0202_pos_0,9,support,1107,1243,0.5287356321839081,1,1,0,0
0202_pos_0,10,support,1090,1046,0.65625,1,0,0,0
0202_pos_0,11,support,1179,1347,0.6710526315789473,1,1,0,0
0202_pos_0,12,query,1372,1138,0.6,1,1,0,0
0203_neg_0,0,support,2109,1967,0.5274725274725275,1,1,0,0
0203_neg_0,1,support,1897,2128,0.5806451612903226,1,1,0,0
0203_neg_0,2,support,1641,1288,0.6144578313253012,1,2,0,1
0203_neg_0,3,support,1511,1959,0.5252525252525253,1,1,0,0
0203_neg_0,4,support,2593,1757,0.5370370370370371,1,1,0,0
0203_neg_0,5,support,1892,1768,0.6629213483146067,1,1,0,0
0203_neg_0,6,support,2122,1973,0.5208333333333334,1,1,0,0
0203_neg_0,7,support,1353,1575,0.49019607843137253,1,1,0,0
0203_neg_0,8,support,2232,2083,0.6122448979591837,1,1,0,0
0203_neg_0,9,support,1894,1884,0.5588235294117647,1,1,0,0
0203_neg_0,10,support,2252,2479,0.5315315315315315,1,1,0,0
0203_neg_0,11,support,1727,2197,0.49122807017543857,1,1,0,0
0203_neg_0,12,query,2098,1978,0.5700934579439252,1,1,0,0
0203_pos_0,0,support,2337,2006,0.5306122448979592,1,1,0,0
0203_pos_0,1,support,1499,1282,0.532608695652174,1,1,0,0
0203_pos_0,2,support,1529,1998,0.5955056179775281,1,1,0,0
0203_pos_0,3,support,2678,1528,0.4188034188034188,1,1,0,0
0203_pos_0,4,support,1502,1470,0.5647058823529412,1,1,0,0
0203_pos_0,5,support,1266,1469,0.550561797752809,1,2,0,1
0203_pos_0,6,support,1864,1315,0.4077669902912621,1,1,0,0
0203_pos_0,7,support,1747,2268,0.5806451612903226,1,1,0,0
0203_pos_0,8,support,1353,1379,0.5280898876404494,1,1,0,0
0203_pos_0,9,support,2324,1435,0.5204081632653061,1,1,0,0
0203_pos_0,10,support,1826,1659,0.45614035087719296,1,1,0,0
0203_pos_0,11,support,2134,1944,0.53,1,1,0,0
0203_pos_0,12,query,2185,1707,0.5666666666666667,1,1,0,0
0204_neg_0,0,support,1631,1651,0.5148514851485149,1,1,0,0
0204_neg_0,1,support,1295,1317,0.5760869565217391,1,1,0,0
0204_neg_0,2,support,1735,1607,0.5416666666666666,1,1,0,0
0204_neg_0,3,support,1401,1550,0.5157894736842106,1,1,0,0
0204_neg_0,4,support,1350,1494,0.5934065934065934,1,1,0,0
0204_neg_0,5,support,1731,2028,0.5384615384615384,1,1,0,0
0204_neg_0,6,support,1073,1419,0.5316455696202531,1,1,0,0
0204_neg_0,7,support,2237,1296,0.41025641025641024,1,1,0,0
0204_neg_0,8,support,1808,1732,0.580952380952381,1,1,0,0
0204_neg_0,9,support,1789,2165,0.625,1,1,0,0
0204_neg_0,10,support,1899,1513,0.5425531914893617,1,1,0,0
0204_neg_0,11,support,1501,1470,0.5955056179775281,1,1,0,0
0204_neg_0,12,query,2006,1938,0.46153846153846156,1,1,0,0
0204_pos_0,0,support,1421,1135,0.5824175824175825,1,1,0,0
0204_pos_0,1,support,1436,1278,0.6309523809523809,1,1,0,0
0204_pos_0,2,support,1414,1653,0.5463917525773195,1,1,0,0
0204_pos_0,3,support,1375,1382,0.5681818181818182,1,1,0,0
0204_pos_0,4,support,1731,1225,0.5411764705882353,1,1,0,0
0204_pos_0,5,support,1554,1710,0.5188679245283019,1,1,0,0
0204_pos_0,6,support,2567,2318,0.5865384615384616,1,1,0,0
0204_pos_0,7,support,1286,1649,0.5287356321839081,1,1,0,0
0204_pos_0,8,support,2225,1584,0.5283018867924528,1,1,0,0
0204_pos_0,9,support,1782,1324,0.5051546391752577,1,1,0,0
0204_pos_0,10,support,1789,1907,0.6122448979591837,1,1,0,0
0204_pos_0,11,support,1935,1776,0.6210526315789474,1,1,0,0
0204_pos_0,12,query,1782,1432,0.5789473684210527,1,1,0,0
0205_neg_0,0,support,1374,1289,0.6219512195121951,1,1,0,0
0205_neg_0,1,support,977,1213,0.6216216216216216,1,1,0,0
0205_neg_0,2,support,1316,1159,0.6266666666666667,1,1,0,0
0205_neg_0,3,support,1079,1138,0.8055555555555556,1,1,0,0
0205_neg_0,4,support,1336,1240,0.5802469135802469,1,1,0,0
0205_neg_0,5,support,1610,1214,0.5411764705882353,1,1,0,0
0205_neg_0,6,support,1154,1319,0.5915492957746479,1,1,0,0
0205_neg_0,7,support,1268,995,0.5,1,1,0,0
0205_neg_0,8,support,1382,1353,0.6666666666666666,1,1,0,0
0205_neg_0,9,support,1226,1083,0.7101449275362319,1,1,0,0
0205_neg_0,10,support,1258,1292,0.7083333333333334,1,1,0,0
0205_neg_0,11,support,1195,1016,0.5774647887323944,1,2,0,1
0205_neg_0,12,query,1020,1036,0.6935483870967742,1,1,0,0
0205_pos_0,0,support,993,1283,0.6818181818181818,1,1,0,0
0205_pos_0,1,support,1316,1140,0.7027027027027027,1,1,0,0
0205_pos_0,2,support,1093,1105,0.7397260273972602,1,1,0,0
0205_pos_0,3,support,1329,1263,0.676056338028169,1,1,0,0
0205_pos_0,4,support,1599,1392,0.5903614457831325,1,1,0,0
0205_pos_0,5,support,1164,1426,0.7205882352941176,1,1,0,0
0205_pos_0,6,support,1062,1250,0.6338028169014085,1,1,0,0
0205_pos_0,7,support,1329,1386,0.5945945945945946,1,1,0,0
0205_pos_0,8,support,1053,901,0.5714285714285714,1,0,0,0
0205_pos_0,9,support,1261,1504,0.6621621621621622,1,1,0,0
0205_pos_0,10,support,1251,1133,0.7611940298507462,1,1,0,0
0205_pos_0,11,support,1172,1196,0.696969696969697,1,1,0,0
0205_pos_0,12,query,1372,1288,0.654320987654321,1,1,0,0
0206_neg_0,0,support,1527,1670,0.4090909090909091,0,1,0,0
0206_neg_0,1,support,1820,1854,0.5625,1,2,0,1
0206_neg_0,2,support,1177,1374,0.43373493975903615,0,1,0,0
0206_neg_0,3,support,1384,1258,0.6714285714285714,0,0,0,0
0206_neg_0,4,support,1109,1288,0.589041095890411,1,1,0,0
0206_neg_0,5,support,1884,1769,0.5555555555555556,1,1,0,0
0206_neg_0,6,support,919,856,0.6825396825396826,0,0,0,0
0206_neg_0,7,support,805,840,0.7547169811320755,0,1,0,0
0206_neg_0,8,support,1567,1329,0.5647058823529412,1,1,0,0
0206_neg_0,9,support,1663,1651,0.6835443037974683,1,1,0,0
0206_neg_0,10,support,1018,1510,0.65625,0,1,0,0
0206_neg_0,11,support,1609,1262,0.7662337662337663,1,1,0,0
0206_neg_0,12,query,1176,1315,0.5,0,0,0,0
0206_pos_0,0,support,1851,1652,0.6470588235294118,2,2,1,1
0206_pos_0,1,support,1049,1175,0.5454545454545454,0,1,0,0
0206_pos_0,2,support,1319,1486,0.47191011235955055,0,1,0,0
0206_pos_0,3,support,1215,1607,0.5581395348837209,1,1,0,0
0206_pos_0,4,support,1741,1798,0.45614035087719296,1,2,0,1
0206_pos_0,5,support,1368,1739,0.5360824742268041,1,2,0,1
0206_pos_0,6,support,1198,1429,0.6447368421052632,0,1,0,0
0206_pos_0,7,support,938,884,0.8103448275862069,1,1,0,0
0206_pos_0,8,support,786,901,0.8431372549019608,1,1,0,0
0206_pos_0,9,support,1271,1470,0.625,1,2,0,1
0206_pos_0,10,support,1670,1472,0.6144578313253012,1,1,0,0
0206_pos_0,11,support,989,1710,0.5633802816901409,0,1,0,0
0206_pos_0,12,query,1385,1263,0.45454545454545453,0,0,0,0
0207_neg_0,0,support,860,975,0.671875,1,1,0,0
0207_neg_0,1,support,787,1066,0.6507936507936508,1,1,0,0
0207_neg_0,2,support,1185,1340,0.6075949367088608,1,1,0,0
0207_neg_0,3,support,1822,2083,0.5822784810126582,1,1,0,0
0207_neg_0,4,support,1068,1080,0.6212121212121212,1,1,0,0
0207_neg_0,5,support,879,839,0.6612903225806451,1,1,0,0
0207_neg_0,6,support,726,916,0.6730769230769231,0,1,0,0
0207_neg_0,7,support,888,875,0.6607142857142857,0,1,0,0
0207_neg_0,8,support,838,867,0.7692307692307693,1,1,0,0
0207_neg_0,9,support,1021,1169,0.5652173913043478,1,0,0,0
0207_neg_0,10,support,803,892,0.6610169491525424,1,1,0,0
0207_neg_0,11,support,843,646,0.5714285714285714,0,0,0,0
0207_neg_0,12,query,1240,1426,0.6352941176470588,1,2,0,1
0207_pos_0,0,support,795,1015,0.5211267605633803,1,1,0,0
0207_pos_0,1,support,1204,1213,0.5058823529411764,1,0,0,0
0207_pos_0,2,support,2102,1432,0.4659090909090909,0,1,0,0
0207_pos_0,3,support,849,1184,0.6142857142857143,1,1,0,0
0207_pos_0,4,support,900,1002,0.5256410256410257,1,1,0,0
0207_pos_0,5,support,1132,1358,0.5783132530120482,1,1,0,0
0207_pos_0,6,support,1257,1069,0.6666666666666666,1,2,0,1
0207_pos_0,7,support,720,880,0.48214285714285715,0,1,0,0
0207_pos_0,8,support,892,980,0.6610169491525424,0,1,0,0
0207_pos_0,9,support,791,777,0.7115384615384616,0,1,0,0
0207_pos_0,10,support,992,1221,0.5714285714285714,1,1,0,0
0207_pos_0,11,support,804,881,0.6896551724137931,1,1,0,0
0207_pos_0,12,query,864,922,0.5846153846153846,1,1,0,0
0208_neg_0,0,support,1320,1533,0.5769230769230769,0,0,0,0
0208_neg_0,1,support,1740,1951,0.5862068965517241,1,1,0,0
0208_neg_0,2,support,1140,1367,0.6973684210526315,0,1,0,0
0208_neg_0,3,support,1198,1249,0.5465116279069767,0,0,0,0
0208_neg_0,4,support,968,1012,0.6268656716417911,0,1,0,0
0208_neg_0,5,support,1382,1400,0.7307692307692307,1,1,0,0
0208_neg_0,6,support,1078,1375,0.5833333333333334,1,1,0,0
0208_neg_0,7,support,1351,1927,0.6082474226804123,1,1,0,0
0208_neg_0,8,support,1214,1332,0.7926829268292683,1,1,0,0
0208_neg_0,9,support,1226,1158,0.5128205128205128,1,1,0,0
0208_neg_0,10,support,1611,1843,0.4444444444444444,1,1,0,0
0208_neg_0,11,support,1322,1224,0.6266666666666667,1,1,0,0
0208_neg_0,12,query,1544,1467,0.5978260869565217,0,1,0,0
0208_pos_0,0,support,1580,1940,0.5376344086021505,1,1,0,0
0208_pos_0,1,support,1065,1191,0.5657894736842105,0,1,0,0
0208_pos_0,2,support,1407,1164,0.5802469135802469,0,1,0,0
0208_pos_0,3,support,968,972,0.7230769230769231,0,0,0,0
0208_pos_0,4,support,1360,1350,0.7323943661971831,1,2,0,1
0208_pos_0,5,support,1399,1170,0.5857142857142857,0,0,0,0
0208_pos_0,6,support,1692,1493,0.5869565217391305,0,2,0,1
0208_pos_0,7,support,1142,1335,0.7164179104477612,1,1,0,0
0208_pos_0,8,support,1438,1240,0.68,1,0,0,0
0208_pos_0,9,support,1148,1330,0.6352941176470588,1,1,0,0
0208_pos_0,10,support,1293,1444,0.4583333333333333,1,1,0,0
0208_pos_0,11,support,2187,1599,0.55,1,1,0,0
0208_pos_0,12,query,1348,1655,0.573170731707317,0,1,0,0
0209_neg_0,0,support,1307,1540,0.5357142857142857,1,1,0,0
0209_neg_0,1,support,1610,1584,0.5816326530612245,1,1,0,0
0209_neg_0,2,support,1324,1052,0.5897435897435898,1,1,0,0
0209_neg_0,3,support,1622,1515,0.5934065934065934,1,1,0,0
0209_neg_0,4,support,1312,1336,0.5822784810126582,1,1,0,0
0209_neg_0,5,support,1110,1201,0.6029411764705882,1,1,0,0
0209_neg_0,6,support,1328,1436,0.7272727272727273,1,1,0,0
0209_neg_0,7,support,2200,1661,0.4897959183673469,1,1,0,0
0209_neg_0,8,support,1317,857,0.5,1,1,0,0
0209_neg_0,9,support,1418,1478,0.7323943661971831,1,1,0,0
0209_neg_0,10,support,1387,1396,0.6794871794871795,1,1,0,0
0209_neg_0,11,support,1250,1306,0.6,1,0,0,0
0209_neg_0,12,query,1707,1652,0.5148514851485149,1,1,0,0
0209_pos_0,0,support,1548,1633,0.5480769230769231,1,1,0,0
0209_pos_0,1,support,1164,1234,0.5975609756097561,1,1,0,0
0209_pos_0,2,support,1625,2089,0.4732142857142857,1,1,0,0
0209_pos_0,3,support,1074,1352,0.6176470588235294,1,1,0,0
0209_pos_0,4,support,1117,1344,0.6571428571428571,1,1,0,0
0209_pos_0,5,support,1776,1645,0.686046511627907,1,1,0,0
0209_pos_0,6,support,1663,1530,0.5841584158415841,1,1,0,0
0209_pos_0,7,support,1337,1409,0.7105263157894737,1,1,0,0
0209_pos_0,8,support,1021,1538,0.5641025641025641,1,1,0,0
0209_pos_0,9,support,1314,1289,0.6818181818181818,1,1,0,0
0209_pos_0,10,support,1414,1423,0.7611940298507462,1,1,0,0
0209_pos_0,11,support,1397,1311,0.6666666666666666,1,1,0,0
0209_pos_0,12,query,1249,1199,0.6282051282051282,1,1,0,0
0210_neg_0,0,support,1336,1252,0.7222222222222222,1,1,0,0
0210_neg_0,1,support,1255,1420,0.5172413793103449,1,1,0,0
0210_neg_0,2,support,1117,1195,0.6111111111111112,1,1,0,0
0210_neg_0,3,support,1249,1244,0.611764705882353,1,1,0,0
0210_neg_0,4,support,1294,1194,0.6986301369863014,1,1,0,0
0210_neg_0,5,support,1214,1538,0.5520833333333334,1,1,0,0
0210_neg_0,6,support,1195,1286,0.573170731707317,1,1,0,0
0210_neg_0,7,support,1134,1246,0.6111111111111112,1,1,0,0
0210_neg_0,8,support,1202,1397,0.5930232558139535,1,1,0,0
0210_neg_0,9,support,1343,1584,0.5777777777777777,1,1,0,0
0210_neg_0,10,support,1205,1260,0.6301369863013698,1,1,0,0
0210_neg_0,11,support,1223,1268,0.5483870967741935,1,2,0,1
0210_neg_0,12,query,1234,1542,0.6125,1,1,0,0
0210_pos_0,0,support,1317,1350,0.47191011235955055,1,1,0,0
0210_pos_0,1,support,1375,1454,0.5977011494252874,1,1,0,0
0210_pos_0,2,support,1173,1221,0.618421052631579,1,1,0,0
0210_pos_0,3,support,1293,1112,0.6133333333333333,1,1,0,0
0210_pos_0,4,support,1145,1266,0.575,1,1,0,0
0210_pos_0,5,support,1202,1465,0.575,1,1,0,0
0210_pos_0,6,support,1255,1571,0.5975609756097561,1,1,0,0
0210_pos_0,7,support,1157,1206,0.4823529411764706,1,1,0,0
0210_pos_0,8,support,1156,1172,0.676923076923077,1,1,0,0
0210_pos_0,9,support,1185,1065,0.7313432835820896,1,1,0,0
0210_pos_0,10,support,1292,1281,0.5866666666666667,1,1,0,0
0210_pos_0,11,support,1261,1386,0.6578947368421053,1,1,0,0
0210_pos_0,12,query,1366,1270,0.5568181818181818,1,1,0,0
0211_neg_0,0,support,1494,1093,0.5783132530120482,1,1,0,0
0211_neg_0,1,support,1527,1261,0.7468354430379747,1,2,0,1
0211_neg_0,2,support,1217,1341,0.6265060240963856,1,1,0,0
0211_neg_0,3,support,1710,1705,0.6043956043956044,1,1,0,0
0211_neg_0,4,support,1198,1412,0.6621621621621622,1,2,0,1
0211_neg_0,5,support,1584,1610,0.6133333333333333,1,2,0,1
0211_neg_0,6,support,2000,1628,0.5876288659793815,1,2,0,1
0211_neg_0,7,support,1236,1324,0.5208333333333334,1,2,0,1
0211_neg_0,8,support,1554,1678,0.5434782608695652,1,2,0,1
0211_neg_0,9,support,1674,1653,0.6091954022988506,1,1,0,0
0211_neg_0,10,support,1509,1498,0.5222222222222223,1,2,0,1
0211_neg_0,11,support,2379,1917,0.5849056603773585,1,1,0,0
0211_neg_0,12,query,1948,1669,0.6555555555555556,1,1,0,0
0211_pos_0,0,support,1597,1235,0.5955056179775281,1,2,0,1
0211_pos_0,1,support,1197,969,0.7846153846153846,1,1,0,0
0211_pos_0,2,support,1392,1335,0.6071428571428571,1,1,0,0
0211_pos_0,3,support,1220,1359,0.6666666666666666,1,2,0,1
0211_pos_0,4,support,1602,1722,0.6666666666666666,1,1,0,0
0211_pos_0,5,support,1206,1310,0.5949367088607594,1,1,0,0
0211_pos_0,6,support,2080,1445,0.5408163265306123,1,1,0,0
0211_pos_0,7,support,1952,1310,0.49504950495049505,1,2,0,1
0211_pos_0,8,support,1419,1283,0.5,1,1,0,0
0211_pos_0,9,support,1649,1378,0.6046511627906976,1,1,0,0
0211_pos_0,10,support,1923,1747,0.5229357798165137,1,1,0,0
0211_pos_0,11,support,1523,1303,0.4895833333333333,1,2,0,1
0211_pos_0,12,query,1317,1078,0.5915492957746479,1,2,0,1
0212_neg_0,0,support,1225,1396,0.5949367088607594,0,1,0,0
0212_neg_0,1,support,1407,1666,0.5222222222222223,1,1,0,0
0212_neg_0,2,support,1148,1308,0.6619718309859155,0,1,0,0
0212_neg_0,3,support,1640,1731,0.6021505376344086,1,2,0,1
0212_neg_0,4,support,1017,1114,0.6111111111111112,1,0,0,0
0212_neg_0,5,support,1012,1143,0.6833333333333333,1,1,0,0
0212_neg_0,6,support,1132,1276,0.7101449275362319,0,0,0,0
0212_neg_0,7,support,1131,1067,0.6075949367088608,0,1,0,0
0212_neg_0,8,support,1769,1157,0.5569620253164557,0,1,0,0
0212_neg_0,9,support,929,1172,0.7213114754098361,0,0,0,0
0212_neg_0,10,support,1611,1529,0.6621621621621622,0,0,0,0
0212_neg_0,11,support,1400,1360,0.5638297872340425,1,0,0,0
0212_neg_0,12,query,1417,1718,0.5348837209302325,1,1,0,0
0212_pos_0,0,support,1413,1566,0.5287356321839081,1,1,0,0
0212_pos_0,1,support,1132,1053,0.6615384615384615,0,0,0,0
0212_pos_0,2,support,1581,1530,0.5333333333333333,0,1,0,0
0212_pos_0,3,support,1116,1066,0.6973684210526315,1,1,0,0
0212_pos_0,4,support,1020,935,0.6451612903225806,1,0,0,0
0212_pos_0,5,support,1430,1182,0.5913978494623656,1,1,0,0
0212_pos_0,6,support,1543,1371,0.5875,1,1,0,0
0212_pos_0,7,support,1148,1184,0.6619718309859155,1,1,0,0
0212_pos_0,8,support,1012,1304,0.7763157894736842,0,0,0,0
0212_pos_0,9,support,1755,1137,0.6,0,0,0,0
0212_pos_0,10,support,929,1134,0.5945945945945946,0,0,0,0
0212_pos_0,11,support,1010,1059,0.6153846153846154,0,0,0,0
0212_pos_0,12,query,1225,1357,0.6268656716417911,0,1,0,0
0213_neg_0,0,support,1216,1252,0.6825396825396826,1,1,0,0
0213_neg_0,1,support,1472,1498,0.581081081081081,1,1,0,0
0213_neg_0,2,support,726,826,0.8461538461538461,1,1,0,0
0213_neg_0,3,support,896,840,0.6037735849056604,1,1,0,0
0213_neg_0,4,support,968,1114,0.6153846153846154,0,1,0,0
0213_neg_0,5,support,1170,1375,0.6521739130434783,0,2,0,1
0213_neg_0,6,support,969,949,0.6515151515151515,1,1,0,0
0213_neg_0,7,support,1978,1985,0.6568627450980392,1,1,0,0
0213_neg_0,8,support,1353,1301,0.5263157894736842,2,2,0,0
0213_neg_0,9,support,2125,2032,0.54,1,0,0,0
0213_neg_0,10,support,1505,1925,0.494949494949495,1,1,0,0
0213_neg_0,11,support,1333,1333,0.6666666666666666,1,1,0,0
0213_neg_0,12,query,1131,1284,0.6388888888888888,1,1,0,0
0213_pos_0,0,support,1360,975,0.6290322580645161,1,1,0,0
0213_pos_0,1,support,801,1185,0.5964912280701754,1,1,0,0
0213_pos_0,2,support,919,875,0.7142857142857143,1,1,0,0
0213_pos_0,3,support,955,1174,0.5942028985507246,0,1,0,0
0213_pos_0,4,support,1181,1335,0.6086956521739131,0,2,0,1
0213_pos_0,5,support,1035,1068,0.7592592592592593,1,1,0,0
0213_pos_0,6,support,1139,1371,0.6805555555555556,1,0,0,0
0213_pos_0,7,support,898,965,0.6666666666666666,1,1,0,0
0213_pos_0,8,support,2000,2018,0.5818181818181818,1,1,0,0
0213_pos_0,9,support,1365,1567,0.6063829787234043,2,3,0,1
0213_pos_0,10,support,1872,2683,0.56,1,1,0,0
0213_pos_0,11,support,1570,1439,0.6351351351351351,1,1,0,0
0213_pos_0,12,query,1397,1095,0.71875,1,1,0,0
0214_neg_0,0,support,1239,1728,0.47674418604651164,1,1,0,0
0214_neg_0,1,support,1241,1507,0.6714285714285714,1,1,0,0
0214_neg_0,2,support,1514,1487,0.6268656716417911,1,1,0,0
0214_neg_0,3,support,1521,1458,0.5494505494505495,1,2,0,1
0214_neg_0,4,support,1339,1576,0.5584415584415584,1,1,0,0
0214_neg_0,5,support,1147,1357,0.5764705882352941,1,1,0,0
0214_neg_0,6,support,1345,1347,0.6625,1,1,0,0
0214_neg_0,7,support,1289,1628,0.5952380952380952,1,1,0,0
0214_neg_0,8,support,955,1003,0.5507246376811594,1,1,0,0
0214_neg_0,9,support,1112,1198,0.6216216216216216,0,2,0,1
0214_neg_0,10,support,1329,1348,0.6,1,1,0,0
0214_neg_0,11,support,1111,1019,0.6212121212121212,1,0,0,0
0214_neg_0,12,query,936,841,0.6612903225806451,0,1,0,0
0214_pos_0,0,support,1483,1229,0.5915492957746479,1,0,0,0
0214_pos_0,1,support,1556,1868,0.676923076923077,1,1,0,0
0214_pos_0,2,support,1436,1259,0.5512820512820513,1,1,0,0
0214_pos_0,3,support,1339,1778,0.5465116279069767,1,1,0,0
0214_pos_0,4,support,1146,1195,0.6438356164383562,1,1,0,0
0214_pos_0,5,support,1039,1293,0.5945945945945946,0,1,0,0
0214_pos_0,6,support,933,937,0.6417910447761194,0,1,0,0
0214_pos_0,7,support,1333,1195,0.5116279069767442,1,2,0,1
0214_pos_0,8,support,1397,1306,0.6329113924050633,1,1,0,0
0214_pos_0,9,support,891,1295,0.5915492957746479,1,1,0,0
0214_pos_0,10,support,1112,1237,0.6857142857142857,0,2,0,1
0214_pos_0,11,support,1321,1257,0.6710526315789473,1,0,0,0
0214_pos_0,12,query,1239,1859,0.5287356321839081,1,1,0,0
0215_neg_0,0,support,827,895,0.8163265306122449,0,0,0,0
0215_neg_0,1,support,1017,884,0.6440677966101694,1,0,0,0
0215_neg_0,2,support,1281,1332,0.6891891891891891,1,1,0,0
0215_neg_0,3,support,1256,1432,0.5444444444444444,1,1,0,0
0215_neg_0,4,support,1345,1212,0.6842105263157895,0,0,0,0
0215_neg_0,5,support,898,909,0.7678571428571429,0,0,0,0
0215_neg_0,6,support,1255,1219,0.6385542168674698,1,1,0,0
0215_neg_0,7,support,1179,1215,0.6056338028169014,1,1,0,0
0215_neg_0,8,support,1107,958,0.6986301369863014,0,0,0,0
0215_neg_0,9,support,1135,1242,0.6111111111111112,1,1,0,0
0215_neg_0,10,support,1468,1566,0.5747126436781609,1,1,0,0
0215_neg_0,11,support,997,1114,0.6081081081081081,0,0,0,0
0215_neg_0,12,query,924,1042,0.5846153846153846,0,0,0,0
0215_pos_0,0,support,882,903,0.9183673469387755,0,0,0,0
0215_pos_0,1,support,1233,1014,0.7580645161290323,1,1,0,0
0215_pos_0,2,support,1144,1272,0.5056179775280899,1,2,0,1
0215_pos_0,3,support,1232,1270,0.625,0,1,0,0
0215_pos_0,4,support,851,903,0.7272727272727273,0,0,0,0
0215_pos_0,5,support,1348,1178,0.6197183098591549,1,1,0,1
0215_pos_0,6,support,924,789,0.7647058823529411,0,1,0,1
0215_pos_0,7,support,1301,1119,0.7066666666666667,1,1,0,0
0215_pos_0,8,support,1308,863,0.6666666666666666,1,0,0,0
0215_pos_0,9,support,1426,1117,0.5921052631578947,1,1,0,0
0215_pos_0,10,support,1128,1026,0.6774193548387096,1,1,0,0
0215_pos_0,11,support,1477,1594,0.5955056179775281,1,1,0,0
0215_pos_0,12,query,812,900,0.6440677966101694,0,0,0,0
0216_neg_0,0,support,1045,1225,0.4479166666666667,0,0,0,0
0216_neg_0,1,support,1122,978,0.5301204819277109,2,1,1,1
0216_neg_0,2,support,960,1024,0.647887323943662,0,0,0,0
0216_neg_0,3,support,1145,1223,0.4943820224719101,0,1,0,0
0216_neg_0,4,support,895,1035,0.5194805194805194,0,1,0,1
0216_neg_0,5,support,1454,1253,0.42424242424242425,1,1,0,1
0216_neg_0,6,support,1238,1247,0.6206896551724138,1,2,0,1
0216_neg_0,7,support,1363,1658,0.5882352941176471,1,2,0,1
0216_neg_0,8,support,1648,1288,0.5,1,1,0,0
0216_neg_0,9,support,1393,1188,0.5357142857142857,1,1,0,0
0216_neg_0,10,support,1380,1318,0.6470588235294118,1,1,0,0
0216_neg_0,11,support,1584,1370,0.4891304347826087,1,1,0,0
0216_neg_0,12,query,1539,1657,0.5,1,1,0,0
0216_pos_0,0,support,1066,1219,0.5232558139534884,1,2,0,1
0216_pos_0,1,support,949,865,0.6086956521739131,1,1,1,1
0216_pos_0,2,support,1165,1297,0.5217391304347826,1,1,0,0
0216_pos_0,3,support,864,996,0.5671641791044776,0,1,0,1
0216_pos_0,4,support,1592,1041,0.5666666666666667,1,1,0,1
0216_pos_0,5,support,1221,1574,0.38596491228070173,1,1,0,0
0216_pos_0,6,support,1664,1494,0.4369747899159664,1,1,0,0
0216_pos_0,7,support,1201,1500,0.6823529411764706,1,1,0,0
0216_pos_0,8,support,1263,1310,0.5454545454545454,1,2,0,1
0216_pos_0,9,support,1692,1569,0.5154639175257731,1,2,0,1
0216_pos_0,10,support,1320,1247,0.5454545454545454,1,1,0,0
0216_pos_0,11,support,1417,1563,0.5909090909090909,1,2,0,1
0216_pos_0,12,query,987,975,0.5405405405405406,0,1,0,1
0217_neg_0,0,support,2104,1601,0.48514851485148514,1,1,0,0
0217_neg_0,1,support,1661,1414,0.5319148936170213,1,1,0,0
0217_neg_0,2,support,1336,1337,0.6901408450704225,1,1,0,0
0217_neg_0,3,support,1648,1539,0.4528301886792453,2,1,1,0
0217_neg_0,4,support,1504,1465,0.5208333333333334,1,1,0,0
0217_neg_0,5,support,1418,1713,0.5204081632653061,1,2,0,1
0217_neg_0,6,support,1336,1024,0.5465116279069767,1,1,0,1
0217_neg_0,7,support,1795,1638,0.5957446808510638,1,1,0,0
0217_neg_0,8,support,1042,1078,0.6944444444444444,1,1,0,0
0217_neg_0,9,support,1430,1577,0.5208333333333334,1,1,0,0
0217_neg_0,10,support,1228,1276,0.6103896103896104,1,1,0,0
0217_neg_0,11,support,1530,1356,0.4946236559139785,1,2,0,1
0217_neg_0,12,query,1629,1662,0.5047619047619047,1,1,0,0
0217_pos_0,0,support,1453,1621,0.5869565217391305,1,2,0,1
0217_pos_0,1,support,1378,1413,0.5375,1,1,0,0
0217_pos_0,2,support,1655,1859,0.5277777777777778,1,1,0,0
0217_pos_0,3,support,1391,1138,0.5625,1,1,0,0
0217_pos_0,4,support,1561,1835,0.5098039215686274,1,1,0,0
0217_pos_0,5,support,1417,1465,0.5151515151515151,2,2,1,1
0217_pos_0,6,support,1577,1608,0.5,1,2,0,1
0217_pos_0,7,support,1402,944,0.5581395348837209,1,1,0,0
0217_pos_0,8,support,1699,1314,0.5681818181818182,1,2,0,1
0217_pos_0,9,support,970,1101,0.45,1,1,0,0
0217_pos_0,10,support,1436,1304,0.5232558139534884,1,1,0,0
0217_pos_0,11,support,1274,1229,0.55,1,1,0,0
0217_pos_0,12,query,2004,1662,0.36134453781512604,1,1,0,0
0218_neg_0,0,support,1306,1865,0.4537037037037037,1,1,0,0
0218_neg_0,1,support,1286,976,0.47126436781609193,0,1,0,0
0218_neg_0,2,support,1803,1472,0.5194805194805194,1,1,0,0
0218_neg_0,3,support,1247,1227,0.5652173913043478,0,1,0,0
0218_neg_0,4,support,1004,1021,0.5921052631578947,1,1,0,0
0218_neg_0,5,support,1378,1247,0.5568181818181818,1,1,0,0
0218_neg_0,6,support,998,961,0.5416666666666666,1,0,0,0
0218_neg_0,7,support,1363,1391,0.589041095890411,2,1,1,0
0218_neg_0,8,support,1732,1333,0.5,1,1,0,0
0218_neg_0,9,support,1734,1452,0.5,1,1,0,0
0218_neg_0,10,support,1243,1896,0.547945205479452,0,0,0,0
0218_neg_0,11,support,1699,1212,0.5764705882352941,1,1,0,0
0218_neg_0,12,query,1130,998,0.6811594202898551,1,1,0,0
0218_pos_0,0,support,1446,1465,0.59375,1,1,0,0
0218_pos_0,1,support,1306,1761,0.4935064935064935,0,1,0,0
0218_pos_0,2,support,1266,1505,0.5714285714285714,0,0,0,0
0218_pos_0,3,support,954,1012,0.6351351351351351,1,1,0,0
0218_pos_0,4,support,1333,1343,0.5760869565217391,1,1,0,0
0218_pos_0,5,support,1309,1075,0.45977011494252873,1,1,0,0
0218_pos_0,6,support,1106,1014,0.5263157894736842,1,0,0,0
0218_pos_0,7,support,886,868,0.7931034482758621,1,1,0,0
0218_pos_0,8,support,1384,1104,0.6027397260273972,1,0,0,0
0218_pos_0,9,support,1694,1416,0.5280898876404494,1,2,0,1
0218_pos_0,10,support,1273,1395,0.6049382716049383,1,1,0,0
0218_pos_0,11,support,1588,1591,0.6,0,1,0,0
0218_pos_0,12,query,1440,1596,0.48484848484848486,1,2,0,0
0219_neg_0,0,support,898,824,0.7090909090909091,0,0,0,0
0219_neg_0,1,support,785,794,0.782608695652174,0,0,0,0
0219_neg_0,2,support,874,814,0.82,0,0,0,0
0219_neg_0,3,support,844,919,0.6451612903225806,0,0,0,0
0219_neg_0,4,support,935,985,0.6349206349206349,0,0,0,0
0219_neg_0,5,support,922,971,0.6615384615384615,0,0,0,0
0219_neg_0,6,support,1692,1729,0.6235294117647059,1,1,0,0
0219_neg_0,7,support,1338,1333,0.5568181818181818,1,1,0,0
0219_neg_0,8,support,1181,1285,0.7971014492753623,1,1,0,0
0219_neg_0,9,support,1242,1412,0.684931506849315,1,1,0,0
0219_neg_0,10,support,1455,1484,0.6046511627906976,1,1,0,0
0219_neg_0,11,support,853,851,0.6923076923076923,0,0,0,0
0219_neg_0,12,query,1163,1292,0.6376811594202898,1,1,0,0
0219_pos_0,0,support,748,777,0.7954545454545454,0,0,0,0
0219_pos_0,1,support,856,858,0.6181818181818182,0,0,0,0
0219_pos_0,2,support,810,821,0.7450980392156863,0,0,0,0
0219_pos_0,3,support,890,963,0.7540983606557377,0,0,0,0
0219_pos_0,4,support,938,1028,0.5942028985507246,0,0,0,0
0219_pos_0,5,support,982,1047,0.7333333333333333,1,1,0,0
0219_pos_0,6,support,1183,1323,0.6133333333333333,1,1,0,0
0219_pos_0,7,support,1600,1928,0.5384615384615384,1,1,0,0
0219_pos_0,8,support,1662,1462,0.627906976744186,1,1,0,0
0219_pos_0,9,support,1159,1168,0.7101449275362319,1,1,0,0
0219_pos_0,10,support,1336,1336,0.7058823529411765,1,1,0,0
0219_pos_0,11,support,1459,1642,0.6136363636363636,1,1,0,0
0219_pos_0,12,query,789,906,0.7115384615384616,0,0,0,0
0220_neg_0,0,support,1246,1314,0.5714285714285714,1,1,0,0
0220_neg_0,1,support,1008,1246,0.5774647887323944,1,1,0,0
0220_neg_0,2,support,1218,1149,0.5342465753424658,1,1,0,0
0220_neg_0,3,support,1588,1678,0.5294117647058824,1,1,0,0
0220_neg_0,4,support,1072,1254,0.4935064935064935,1,1,0,0
0220_neg_0,5,support,1190,1091,0.547945205479452,1,1,0,0
0220_neg_0,6,support,1181,1377,0.5945945945945946,1,1,0,0
0220_neg_0,7,support,1534,1409,0.618421052631579,1,1,0,0
0220_neg_0,8,support,1063,1168,0.5211267605633803,1,1,0,0
0220_neg_0,9,support,1566,1524,0.5106382978723404,1,1,0,0
0220_neg_0,10,support,1301,1184,0.5,1,0,0,0
0220_neg_0,11,support,1286,1415,0.4731182795698925,1,1,0,0
0220_neg_0,12,query,1480,1591,0.5853658536585366,1,1,0,0
0220_pos_0,0,support,1031,1114,0.640625,1,1,0,0
0220_pos_0,1,support,1423,1403,0.43434343434343436,1,0,0,0
0220_pos_0,2,support,1417,1997,0.43478260869565216,1,1,0,0
0220_pos_0,3,support,1117,1062,0.5256410256410257,1,1,0,0
0220_pos_0,4,support,1220,1320,0.6338028169014085,1,1,0,0
0220_pos_0,5,support,1222,1315,0.6,1,1,0,0
0220_pos_0,6,support,1491,1525,0.6933333333333334,1,1,0,0
0220_pos_0,7,support,1153,1229,0.4827586206896552,1,1,0,0
0220_pos_0,8,support,1630,1513,0.5301204819277109,1,1,0,0
0220_pos_0,9,support,1092,1224,0.5492957746478874,1,1,0,0
0220_pos_0,10,support,1545,1496,0.5393258426966292,1,1,0,0
0220_pos_0,11,support,1372,1786,0.4725274725274725,1,1,0,0
0220_pos_0,12,query,1229,1260,0.5921052631578947,1,1,0,0
0221_neg_0,0,support,852,1002,0.7843137254901961,0,0,0,0
0221_neg_0,1,support,1061,1297,0.5753424657534246,1,1,0,0
0221_neg_0,2,support,1421,1122,0.6103896103896104,1,1,0,0
0221_neg_0,3,support,1174,1067,0.64,0,1,0,0
0221_neg_0,4,support,1918,1498,0.5346534653465347,1,2,0,1
0221_neg_0,5,support,1357,1103,0.5263157894736842,1,0,0,0
0221_neg_0,6,support,1168,1270,0.6575342465753424,1,1,0,0
0221_neg_0,7,support,965,1066,0.6571428571428571,1,1,0,0
0221_neg_0,8,support,1094,1167,0.6461538461538462,1,2,0,0
0221_neg_0,9,support,1132,1176,0.4482758620689655,1,1,0,0
0221_neg_0,10,support,1335,1308,0.5866666666666667,1,1,0,0
0221_neg_0,11,support,1012,1027,0.6376811594202898,1,1,0,0
0221_neg_0,12,query,1493,1568,0.5384615384615384,1,1,0,0
0221_pos_0,0,support,1049,1139,0.5066666666666667,1,1,0,0
0221_pos_0,1,support,1238,1424,0.5897435897435898,1,2,0,1
0221_pos_0,2,support,1153,1265,0.4883720930232558,0,1,0,0
0221_pos_0,3,support,1741,1812,0.52,1,1,0,0
0221_pos_0,4,support,1335,1462,0.625,1,1,0,0
0221_pos_0,5,support,1696,1595,0.5277777777777778,1,2,0,1
0221_pos_0,6,support,1404,1698,0.5555555555555556,1,1,0,0
0221_pos_0,7,support,1238,948,0.75,1,1,0,0
0221_pos_0,8,support,999,1031,0.6666666666666666,1,1,0,0
0221_pos_0,9,support,1074,1222,0.6617647058823529,2,2,0,0
0221_pos_0,10,support,1071,1374,0.5,1,1,0,0
0221_pos_0,11,support,1187,1084,0.65625,1,1,0,0
0221_pos_0,12,query,855,1122,0.5606060606060606,0,1,0,0
0222_neg_0,0,support,966,1161,0.43209876543209874,0,2,0,0
0222_neg_0,1,support,1531,1619,0.5096153846153846,1,1,0,0
0222_neg_0,2,support,1222,1125,0.6956521739130435,1,1,0,0
0222_neg_0,3,support,1160,1445,0.47126436781609193,1,1,0,0
0222_neg_0,4,support,1280,1256,0.7361111111111112,1,1,0,0
0222_neg_0,5,support,977,984,0.7758620689655172,1,1,0,0
0222_neg_0,6,support,1086,1289,0.7540983606557377,1,1,0,0
0222_neg_0,7,support,1303,1110,0.5362318840579711,1,1,0,0
0222_neg_0,8,support,1399,1236,0.7878787878787878,1,1,0,0
0222_neg_0,9,support,1377,1589,0.6627906976744186,1,2,0,1
0222_neg_0,10,support,1138,1473,0.589041095890411,1,1,0,0
0222_neg_0,11,support,1084,1153,0.6052631578947368,1,1,0,0
0222_neg_0,12,query,1584,1458,0.6352941176470588,1,0,0,0
0222_pos_0,0,support,1499,1543,0.5617977528089888,1,2,0,1
0222_pos_0,1,support,1156,1242,0.6025641025641025,1,1,0,0
0222_pos_0,2,support,1216,1180,0.625,1,1,0,0
0222_pos_0,3,support,1279,1255,0.6578947368421053,1,1,0,0
0222_pos_0,4,support,977,1226,0.6818181818181818,1,1,0,0
0222_pos_0,5,support,1094,1199,0.6197183098591549,1,0,0,0
0222_pos_0,6,support,1634,1687,0.6853932584269663,1,1,0,0
0222_pos_0,7,support,1086,1139,0.6875,1,1,0,0
0222_pos_0,8,support,1241,1191,0.6,1,1,0,0
0222_pos_0,9,support,1434,1368,0.7761194029850746,1,1,0,0
0222_pos_0,10,support,1349,1298,0.5487804878048781,1,1,0,0
0222_pos_0,11,support,1509,1399,0.5903614457831325,1,0,0,0
0222_pos_0,12,query,1113,1361,0.5072463768115942,0,1,0,0
0223_neg_0,0,support,1870,2317,0.5604395604395604,1,1,0,0
0223_neg_0,1,support,1184,1019,0.5662650602409639,1,1,0,1
0223_neg_0,2,support,1519,1520,0.5930232558139535,1,1,0,1
0223_neg_0,3,support,869,1511,0.40816326530612246,0,2,0,1
0223_neg_0,4,support,951,1567,0.5875,0,1,0,0
0223_neg_0,5,support,1279,1494,0.5625,0,2,0,1
0223_neg_0,6,support,1705,1635,0.625,1,2,0,1
0223_neg_0,7,support,1075,1049,0.5873015873015873,0,1,0,0
0223_neg_0,8,support,1285,1711,0.5842696629213483,1,1,0,0
0223_neg_0,9,support,1523,1500,0.46153846153846156,0,0,0,0
0223_neg_0,10,support,1059,1148,0.5375,0,1,0,0
0223_neg_0,11,support,2085,1843,0.5585585585585585,1,2,0,1
0223_neg_0,12,query,1042,1214,0.6521739130434783,0,1,0,0
0223_pos_0,0,support,3184,1121,0.42857142857142855,1,0,0,0
0223_pos_0,1,support,1647,1792,0.5625,1,1,0,0
0223_pos_0,2,support,896,1104,0.547945205479452,0,0,0,0
0223_pos_0,3,support,931,1516,0.55,0,0,0,0
0223_pos_0,4,support,1285,1279,0.5444444444444444,0,1,0,0
0223_pos_0,5,support,1592,1955,0.7157894736842105,1,1,0,0
0223_pos_0,6,support,1051,1097,0.5797101449275363,0,1,0,0
0223_pos_0,7,support,1750,1264,0.6292134831460674,1,1,0,0
0223_pos_0,8,support,1031,1396,0.5466666666666666,0,0,0,0
0223_pos_0,9,support,1285,1324,0.6923076923076923,1,1,0,0
0223_pos_0,10,support,1911,1962,0.5096153846153846,0,1,0,0
0223_pos_0,11,support,1032,1599,0.47959183673469385,0,0,0,0
0223_pos_0,12,query,2102,1528,0.46875,1,1,0,0
0224_neg_0,0,support,953,1001,0.5857142857142857,0,0,0,0
0224_neg_0,1,support,1062,1054,0.6338028169014085,1,1,0,0
0224_neg_0,2,support,879,804,0.7142857142857143,0,0,0,0
0224_neg_0,3,support,854,1060,0.6567164179104478,0,0,0,0
0224_neg_0,4,support,918,895,0.6029411764705882,0,0,0,0
0224_neg_0,5,support,1017,951,0.5735294117647058,0,0,0,0
0224_neg_0,6,support,1250,1058,0.6438356164383562,1,1,0,0
0224_neg_0,7,support,1089,1024,0.640625,1,0,0,0
0224_neg_0,8,support,1243,1330,0.5769230769230769,1,1,0,0
0224_neg_0,9,support,1175,1177,0.7464788732394366,1,1,0,0
0224_neg_0,10,support,953,987,0.7796610169491526,0,0,0,0
0224_neg_0,11,support,1329,1380,0.6753246753246753,1,1,0,0
0224_neg_0,12,query,1510,1388,0.6235294117647059,1,1,0,0
0224_pos_0,0,support,1078,1110,0.6891891891891891,1,1,0,0
0224_pos_0,1,support,885,934,0.7213114754098361,0,0,0,0
0224_pos_0,2,support,827,814,0.7547169811320755,0,0,0,0
0224_pos_0,3,support,843,840,0.515625,0,0,0,0
0224_pos_0,4,support,1019,1009,0.6197183098591549,0,0,0,0
0224_pos_0,5,support,1279,1350,0.6578947368421053,1,1,0,0
0224_pos_0,6,support,1524,1648,0.6746987951807228,1,1,0,0
0224_pos_0,7,support,1222,1183,0.7162162162162162,1,1,0,0
0224_pos_0,8,support,1112,1063,0.6338028169014085,1,1,0,0
0224_pos_0,9,support,1299,1289,0.631578947368421,1,1,0,0
0224_pos_0,10,support,1186,1209,0.625,1,1,0,0
0224_pos_0,11,support,935,1016,0.6376811594202898,0,0,0,0
0224_pos_0,12,query,824,923,0.6379310344827587,0,0,0,0
0225_neg_0,0,support,1751,1610,0.6829268292682927,1,1,0,0
0225_neg_0,1,support,1151,1837,0.46511627906976744,1,1,0,0
0225_neg_0,2,support,1459,1157,0.5733333333333334,1,1,0,0
0225_neg_0,3,support,1886,1720,0.6632653061224489,1,1,0,0
0225_neg_0,4,support,1717,1506,0.5421686746987951,1,1,0,0
0225_neg_0,5,support,1282,1679,0.5952380952380952,1,1,0,0
0225_neg_0,6,support,1454,1631,0.48,1,1,0,0
0225_neg_0,7,support,1569,1293,0.6666666666666666,1,1,0,0
0225_neg_0,8,support,1224,1223,0.6515151515151515,1,1,0,0
0225_neg_0,9,support,1114,1318,0.575,1,1,0,0
0225_neg_0,10,support,1499,1621,0.48484848484848486,1,1,0,0
0225_neg_0,11,support,1683,1627,0.6039603960396039,1,1,0,0
0225_neg_0,12,query,1654,1833,0.5922330097087378,1,1,0,0
0225_pos_0,0,support,1154,1413,0.6025641025641025,1,1,0,0
0225_pos_0,1,support,1450,1277,0.64,1,1,0,0
0225_pos_0,2,support,1886,1589,0.6938775510204082,1,1,0,0
0225_pos_0,3,support,1717,1488,0.5949367088607594,1,1,0,0
0225_pos_0,4,support,1269,1320,0.5897435897435898,1,1,0,0
0225_pos_0,5,support,1284,1394,0.5476190476190477,1,1,0,0
0225_pos_0,6,support,1175,1436,0.5057471264367817,1,1,0,0
0225_pos_0,7,support,1555,1421,0.4351851851851852,1,1,0,0
0225_pos_0,8,support,1648,1883,0.51,1,1,0,0
0225_pos_0,9,support,1221,1369,0.5512820512820513,1,1,0,0
0225_pos_0,10,support,1023,1291,0.6527777777777778,1,1,0,0
0225_pos_0,11,support,1751,1532,0.611764705882353,1,1,0,0
0225_pos_0,12,query,1311,1751,0.4891304347826087,1,1,0,0
0226_neg_0,0,support,1523,1483,0.5684210526315789,1,1,0,0
0226_neg_0,1,support,1835,1585,0.5979381443298969,1,1,0,0
0226_neg_0,2,support,1589,1637,0.6404494382022472,1,1,0,0
0226_neg_0,3,support,1566,1474,0.550561797752809,1,2,0,1
0226_neg_0,4,support,1731,1718,0.6666666666666666,1,1,0,0
0226_neg_0,5,support,1580,1744,0.5729166666666666,1,2,0,1
0226_neg_0,6,support,1830,1434,0.6753246753246753,1,1,0,0
0226_neg_0,7,support,1815,1516,0.625,1,1,0,0
0226_neg_0,8,support,2072,1180,0.4805194805194805,0,1,0,0
0226_neg_0,9,support,1523,1878,0.5145631067961165,1,2,0,1
0226_neg_0,10,support,1548,1518,0.6190476190476191,1,1,0,0
0226_neg_0,11,support,1271,1211,0.6075949367088608,1,1,0,0
0226_neg_0,12,query,1727,1371,0.6438356164383562,1,1,0,0
0226_pos_0,0,support,1849,1701,0.6354166666666666,1,2,0,1
0226_pos_0,1,support,1533,2047,0.6590909090909091,1,2,0,1
0226_pos_0,2,support,1630,1387,0.532608695652174,1,2,0,1
0226_pos_0,3,support,1677,1667,0.6756756756756757,1,1,0,0
0226_pos_0,4,support,1606,1679,0.5555555555555556,1,1,0,0
0226_pos_0,5,support,1729,2091,0.5,1,2,0,1
0226_pos_0,6,support,1759,1269,0.5301204819277109,1,1,0,0
0226_pos_0,7,support,1516,1960,0.5842696629213483,1,1,0,0
0226_pos_0,8,support,1817,2005,0.6237623762376238,1,2,0,1
0226_pos_0,9,support,1285,1595,0.47674418604651164,0,0,0,0
0226_pos_0,10,support,1661,1540,0.4897959183673469,1,1,0,0
0226_pos_0,11,support,1630,1550,0.6395348837209303,1,1,0,0
0226_pos_0,12,query,1576,1611,0.5544554455445545,1,2,0,1
0227_neg_0,0,support,1502,1361,0.5168539325842697,1,1,0,0
0227_neg_0,1,support,847,916,0.6349206349206349,1,1,0,0
0227_neg_0,2,support,1692,1522,0.55,1,1,0,0
0227_neg_0,3,support,1309,1228,0.7333333333333333,1,1,0,0
0227_neg_0,4,support,1464,1651,0.5977011494252874,1,1,0,0
0227_neg_0,5,support,1447,1210,0.6575342465753424,1,0,0,0
0227_neg_0,6,support,1432,1413,0.575,1,1,0,0
0227_neg_0,7,support,1064,1370,0.6875,0,1,0,0
0227_neg_0,8,support,1860,1322,0.5476190476190477,1,0,0,0
0227_neg_0,9,support,915,1129,0.6190476190476191,0,0,0,0
0227_neg_0,10,support,1324,980,0.5921052631578947,1,1,0,0
0227_neg_0,11,support,961,1180,0.5909090909090909,1,1,0,0
0227_neg_0,12,query,1421,1531,0.5694444444444444,1,1,0,0
0227_pos_0,0,support,858,852,0.5873015873015873,0,1,0,0
0227_pos_0,1,support,1696,1617,0.6262626262626263,1,1,0,0
0227_pos_0,2,support,1309,1289,0.6515151515151515,1,1,0,0
0227_pos_0,3,support,1445,1869,0.6629213483146067,1,1,0,0
0227_pos_0,4,support,1252,1298,0.6212121212121212,0,0,0,0
0227_pos_0,5,support,1506,1600,0.45714285714285713,1,1,0,0
0227_pos_0,6,support,1400,1370,0.4861111111111111,1,0,0,0
0227_pos_0,7,support,1445,1779,0.6493506493506493,1,1,0,0
0227_pos_0,8,support,1312,1393,0.6363636363636364,0,1,0,0
0227_pos_0,9,support,1782,1505,0.5172413793103449,1,0,0,0
0227_pos_0,10,support,963,983,0.6417910447761194,0,0,0,0
0227_pos_0,11,support,1324,1143,0.43023255813953487,1,1,0,0
0227_pos_0,12,query,1599,1599,0.4842105263157895,1,0,0,0
0228_neg_0,0,support,1299,1407,0.5393258426966292,1,1,0,0
0228_neg_0,1,support,1237,1222,0.6282051282051282,1,1,0,0
0228_neg_0,2,support,1178,1170,0.64,1,1,0,0
0228_neg_0,3,support,1224,1418,0.6666666666666666,0,1,0,0
0228_neg_0,4,support,1676,1368,0.625,1,1,0,0
0228_neg_0,5,support,955,1076,0.589041095890411,1,1,0,0
0228_neg_0,6,support,1285,1119,0.5357142857142857,0,0,0,0
0228_neg_0,7,support,1292,1655,0.6764705882352942,1,1,0,0
0228_neg_0,8,support,1409,1618,0.5714285714285714,0,0,0,0
0228_neg_0,9,support,1035,1042,0.6956521739130435,1,1,0,0
0228_neg_0,10,support,1266,1235,0.6710526315789473,1,1,0,0
0228_neg_0,11,support,1542,1341,0.5697674418604651,1,1,0,0
0228_neg_0,12,query,1536,1395,0.5955056179775281,1,1,0,0
0228_pos_0,0,support,1381,1600,0.6071428571428571,1,0,0,0
0228_pos_0,1,support,1195,1047,0.6282051282051282,1,1,0,0
0228_pos_0,2,support,1224,1282,0.6235294117647059,0,0,0,0
0228_pos_0,3,support,1671,1408,0.6351351351351351,1,2,0,1
0228_pos_0,4,support,945,930,0.5588235294117647,1,1,0,0
0228_pos_0,5,support,1418,1459,0.725,1,1,0,0
0228_pos_0,6,support,1365,1578,0.5869565217391305,1,2,0,1
0228_pos_0,7,support,1052,1187,0.524390243902439,0,0,0,0
0228_pos_0,8,support,1052,1496,0.671875,1,1,0,0
0228_pos_0,9,support,1476,2040,0.55,0,0,0,0
0228_pos_0,10,support,1017,1492,0.5569620253164557,1,0,0,0
0228_pos_0,11,support,1182,1083,0.6527777777777778,1,1,0,0
0228_pos_0,12,query,1099,1285,0.4939759036144578,0,1,0,0
0229_neg_0,0,support,987,1015,0.671875,1,1,0,0
0229_neg_0,1,support,993,981,0.6610169491525424,1,2,0,1
0229_neg_0,2,support,1187,1603,0.4631578947368421,0,1,0,0
0229_neg_0,3,support,1450,1324,0.55,1,1,0,0
0229_neg_0,4,support,1361,1237,0.6944444444444444,1,1,0,0
0229_neg_0,5,support,1468,1552,0.6883116883116883,1,1,0,0
0229_neg_0,6,support,1316,1655,0.5208333333333334,1,1,0,0
0229_neg_0,7,support,1822,1802,0.6082474226804123,1,2,0,1
0229_neg_0,8,support,1011,899,0.5942028985507246,1,1,0,1
0229_neg_0,9,support,940,921,0.6666666666666666,0,1,0,0
0229_neg_0,10,support,1093,1065,0.618421052631579,1,1,0,0
0229_neg_0,11,support,1277,1116,0.48717948717948717,1,1,0,0
0229_neg_0,12,query,1139,1230,0.6451612903225806,1,0,0,0
0229_pos_0,0,support,990,1063,0.6349206349206349,1,2,0,1
0229_pos_0,1,support,1155,1145,0.7121212121212122,1,1,0,0
0229_pos_0,2,support,1531,1456,0.6375,1,1,0,0
0229_pos_0,3,support,1303,1182,0.6428571428571429,1,1,0,0
0229_pos_0,4,support,1493,1068,0.5641025641025641,1,1,0,0
0229_pos_0,5,support,1328,1417,0.6025641025641025,1,1,0,0
0229_pos_0,6,support,1280,1361,0.7230769230769231,1,1,0,0
0229_pos_0,7,support,1356,1378,0.5113636363636364,1,1,0,0
0229_pos_0,8,support,1853,1763,0.6494845360824743,1,1,0,0
0229_pos_0,9,support,1056,1053,0.47126436781609193,1,1,0,1
0229_pos_0,10,support,836,1009,0.6956521739130435,0,1,0,0
0229_pos_0,11,support,1059,869,0.5942028985507246,1,1,0,0
0229_pos_0,12,query,916,892,0.8461538461538461,1,1,0,0
0230_neg_0,0,support,1423,1265,0.620253164556962,1,1,0,0
0230_neg_0,1,support,1370,1261,0.5432098765432098,1,0,0,0
0230_neg_0,2,support,1195,1194,0.6323529411764706,0,0,0,0
0230_neg_0,3,support,1285,1122,0.6376811594202898,1,0,0,0
0230_neg_0,4,support,1375,1163,0.6666666666666666,1,0,0,0
0230_neg_0,5,support,1310,1658,0.6219512195121951,1,1,0,0
0230_neg_0,6,support,934,1033,0.6615384615384615,0,0,0,0
0230_neg_0,7,support,1111,1099,0.7272727272727273,1,1,0,0
0230_neg_0,8,support,1123,1166,0.7083333333333334,1,1,0,0
0230_neg_0,9,support,1246,1462,0.620253164556962,1,1,0,0
0230_neg_0,10,support,1247,999,0.6086956521739131,1,0,0,0
0230_neg_0,11,support,1148,1008,0.5833333333333334,1,0,0,0
0230_neg_0,12,query,1436,1237,0.5529411764705883,1,1,0,0
0230_pos_0,0,support,1128,1326,0.6351351351351351,0,1,0,1
0230_pos_0,1,support,1507,1299,0.5679012345679012,1,0,0,0
0230_pos_0,2,support,1367,2165,0.631578947368421,1,1,0,0
0230_pos_0,3,support,1388,1253,0.6666666666666666,1,0,0,0
0230_pos_0,4,support,1444,1137,0.676056338028169,1,1,0,0
0230_pos_0,5,support,1762,1862,0.625,1,1,0,0
0230_pos_0,6,support,1301,1541,0.5180722891566265,1,1,0,0
0230_pos_0,7,support,877,1164,0.5454545454545454,0,0,0,0
0230_pos_0,8,support,1134,959,0.671875,1,1,0,0
0230_pos_0,9,support,1123,1064,0.7424242424242424,1,1,0,0
0230_pos_0,10,support,1249,1114,0.765625,1,1,0,0
0230_pos_0,11,support,1187,1225,0.7536231884057971,1,1,0,0
0230_pos_0,12,query,1392,1361,0.6153846153846154,1,1,0,0
0231_neg_0,0,support,1341,1416,0.6136363636363636,1,1,0,0
0231_neg_0,1,support,1069,1284,0.5333333333333333,1,1,0,0
0231_neg_0,2,support,3842,1655,0.2898550724637681,1,1,0,0
0231_neg_0,3,support,775,943,0.6440677966101694,1,1,0,0
0231_neg_0,4,support,1369,1064,0.8,1,1,0,0
0231_neg_0,5,support,957,910,0.6833333333333333,1,1,0,0
0231_neg_0,6,support,1100,1263,0.6338028169014085,1,1,0,0
0231_neg_0,7,support,1300,1463,0.5955056179775281,1,1,0,0
0231_neg_0,8,support,756,933,0.7192982456140351,1,1,0,0
0231_neg_0,9,support,1223,1437,0.5106382978723404,1,1,0,0
0231_neg_0,10,support,2353,1416,0.3146853146853147,1,1,0,0
0231_neg_0,11,support,1237,2324,0.6626506024096386,1,1,0,0
0231_neg_0,12,query,1287,1568,0.569620253164557,1,1,0,0
0231_pos_0,0,support,1074,1547,0.4157303370786517,1,1,0,0
0231_pos_0,1,support,3271,1408,0.33532934131736525,1,1,0,0
0231_pos_0,2,support,777,844,0.74,1,1,0,0
0231_pos_0,3,support,1365,1303,0.7733333333333333,1,1,0,0
0231_pos_0,4,support,1062,1152,0.7419354838709677,1,1,0,0
0231_pos_0,5,support,1197,1389,0.5393258426966292,1,1,0,0
0231_pos_0,6,support,1314,1386,0.5,1,1,0,0
0231_pos_0,7,support,1100,1167,0.5921052631578947,1,1,0,0
0231_pos_0,8,support,1241,1465,0.6511627906976745,1,1,0,0
0231_pos_0,9,support,814,934,0.6507936507936508,1,1,0,0
0231_pos_0,10,support,1212,1561,0.5903614457831325,1,0,0,0
0231_pos_0,11,support,2042,2325,0.4928571428571429,1,1,0,0
0231_pos_0,12,query,1143,1178,0.5555555555555556,1,1,0,0
0232_neg_0,0,support,1247,1039,0.6025641025641025,1,1,0,0
0232_neg_0,1,support,1322,1212,0.6172839506172839,1,1,0,0
0232_neg_0,2,support,1494,1547,0.6111111111111112,1,1,0,0
0232_neg_0,3,support,1232,1063,0.6410256410256411,1,0,0,0
0232_neg_0,4,support,1010,1035,0.8095238095238095,1,1,0,0
0232_neg_0,5,support,1189,1244,0.7936507936507936,1,1,0,0
0232_neg_0,6,support,1222,1252,0.7432432432432432,1,1,0,0
0232_neg_0,7,support,1277,1454,0.6410256410256411,1,1,0,0
0232_neg_0,8,support,998,1004,0.6507936507936508,1,1,0,0
0232_neg_0,9,support,1494,1046,0.7164179104477612,1,1,0,0
0232_neg_0,10,support,1659,1524,0.6533333333333333,1,1,0,0
0232_neg_0,11,support,1217,957,0.5421686746987951,1,1,0,0
0232_neg_0,12,query,1645,1407,0.49523809523809526,1,1,0,0
0232_pos_0,0,support,1346,1100,0.6829268292682927,1,1,0,0
0232_pos_0,1,support,1735,1455,0.42452830188679247,1,1,0,0
0232_pos_0,2,support,1268,1343,0.6923076923076923,1,1,0,0
0232_pos_0,3,support,1009,1089,0.7384615384615385,1,1,0,0
0232_pos_0,4,support,1185,1171,0.6081081081081081,1,0,0,0
0232_pos_0,5,support,1131,1211,0.6538461538461539,1,1,0,0
0232_pos_0,6,support,1655,1249,0.6067415730337079,1,1,0,0
0232_pos_0,7,support,1288,1441,0.5747126436781609,1,1,0,0
0232_pos_0,8,support,1586,1327,0.726027397260274,1,1,0,0
0232_pos_0,9,support,987,1093,0.6290322580645161,1,1,0,0
0232_pos_0,10,support,1400,1525,0.6986301369863014,1,1,0,0
0232_pos_0,11,support,1675,1618,0.6296296296296297,1,1,0,0
0232_pos_0,12,query,1368,1019,0.5063291139240507,1,1,0,0
0233_neg_0,0,support,1290,1276,0.6103896103896104,1,1,0,0
0233_neg_0,1,support,1412,1222,0.5180722891566265,1,1,0,0
0233_neg_0,2,support,1720,1743,0.6222222222222222,1,1,0,0
0233_neg_0,3,support,1591,1192,0.6626506024096386,0,1,0,0
0233_neg_0,4,support,1273,1520,0.5,0,1,0,0
0233_neg_0,5,support,1210,1274,0.5056179775280899,1,1,0,0
0233_neg_0,6,support,1249,1330,0.6621621621621622,1,1,0,0
0233_neg_0,7,support,1189,1407,0.6024096385542169,0,2,0,1
0233_neg_0,8,support,1657,1476,0.6746987951807228,1,0,0,0
0233_neg_0,9,support,1791,1571,0.6590909090909091,1,1,0,0
0233_neg_0,10,support,1468,1587,0.5632183908045977,1,2,0,1
0233_neg_0,11,support,2058,1906,0.5425531914893617,1,1,0,0
0233_neg_0,12,query,1564,1601,0.6470588235294118,1,2,0,1
0233_pos_0,0,support,1446,1536,0.5591397849462365,1,1,0,0
0233_pos_0,1,support,1654,2009,0.5760869565217391,1,1,0,0
0233_pos_0,2,support,1688,1146,0.5263157894736842,0,1,0,0
0233_pos_0,3,support,1226,1295,0.4939759036144578,0,2,0,1
0233_pos_0,4,support,1138,1135,0.4625,1,1,0,0
0233_pos_0,5,support,1241,1256,0.7183098591549296,1,1,0,0
0233_pos_0,6,support,1621,1657,0.5555555555555556,1,2,0,1
0233_pos_0,7,support,1264,1271,0.7391304347826086,1,1,0,0
0233_pos_0,8,support,1251,1277,0.6419753086419753,1,2,0,1
0233_pos_0,9,support,1662,1604,0.6195652173913043,1,2,0,1
0233_pos_0,10,support,2025,1632,0.6136363636363636,1,2,0,1
0233_pos_0,11,support,1417,1507,0.5632183908045977,1,1,0,0
0233_pos_0,12,query,1519,1322,0.5760869565217391,1,1,0,0
0234_neg_0,0,support,1574,1464,0.6153846153846154,1,1,0,0
0234_neg_0,1,support,1484,1601,0.6341463414634146,1,0,0,0
0234_neg_0,2,support,1691,1458,0.5047619047619047,1,2,0,1
0234_neg_0,3,support,1511,1376,0.6875,1,1,0,0
0234_neg_0,4,support,1476,1566,0.6619718309859155,1,1,0,0
0234_neg_0,5,support,1236,1281,0.6756756756756757,1,1,0,0
0234_neg_0,6,support,1338,1456,0.5714285714285714,1,2,0,1
0234_neg_0,7,support,1383,1608,0.5510204081632653,1,1,0,0
0234_neg_0,8,support,1344,1377,0.5925925925925926,1,1,0,0
0234_neg_0,9,support,1292,1112,0.5365853658536586,1,1,0,0
0234_neg_0,10,support,1458,1257,0.4752475247524752,1,1,0,0
0234_neg_0,11,support,1414,1453,0.5652173913043478,1,1,0,0
0234_neg_0,12,query,1525,1551,0.5555555555555556,1,1,0,0
0234_pos_0,0,support,1710,1743,0.611764705882353,1,1,0,0
0234_pos_0,1,support,1884,1800,0.47863247863247865,1,1,0,0
0234_pos_0,2,support,1480,1379,0.654320987654321,1,1,0,0
0234_pos_0,3,support,1456,1546,0.6578947368421053,1,1,0,0
0234_pos_0,4,support,1582,1218,0.4946236559139785,1,1,0,0
0234_pos_0,5,support,2145,2032,0.5533980582524272,1,2,0,1
0234_pos_0,6,support,1630,1334,0.5747126436781609,1,1,0,0
0234_pos_0,7,support,1328,1467,0.4897959183673469,1,2,0,1
0234_pos_0,8,support,1462,1716,0.61,1,1,0,0
0234_pos_0,9,support,1344,1456,0.5802469135802469,1,1,0,0
0234_pos_0,10,support,1239,1069,0.5657894736842105,1,1,0,0
0234_pos_0,11,support,1449,1275,0.39814814814814814,1,1,0,0
0234_pos_0,12,query,1553,1564,0.5268817204301075,1,1,0,0
0235_neg_0,0,support,1760,1178,0.5052631578947369,1,1,0,0
0235_neg_0,1,support,1242,1142,0.4943820224719101,0,0,0,0
0235_neg_0,2,support,1042,1015,0.6,0,0,0,0
0235_neg_0,3,support,1461,1503,0.49473684210526314,1,1,0,0
0235_neg_0,4,support,1323,961,0.6323529411764706,1,1,0,0
0235_neg_0,5,support,1400,1799,0.37962962962962965,0,1,0,0
0235_neg_0,6,support,1581,1888,0.5368421052631579,0,1,0,0
0235_neg_0,7,support,1897,2047,0.6428571428571429,0,1,0,0
0235_neg_0,8,support,933,1052,0.7121212121212122,0,0,0,0
0235_neg_0,9,support,1638,1577,0.6309523809523809,1,1,0,0
0235_neg_0,10,support,929,839,0.6825396825396826,0,0,0,0
0235_neg_0,11,support,1257,1618,0.4943820224719101,1,2,0,1
0235_neg_0,12,query,1953,1784,0.53,2,1,1,0
0235_pos_0,0,support,1034,1008,0.6216216216216216,0,1,0,0
0235_pos_0,1,support,1217,1177,0.5925925925925926,1,1,0,0
0235_pos_0,2,support,1633,1563,0.632183908045977,1,1,0,0
0235_pos_0,3,support,999,1269,0.5802469135802469,1,1,0,0
0235_pos_0,4,support,1617,1459,0.48514851485148514,1,1,0,0
0235_pos_0,5,support,1427,1385,0.524390243902439,1,1,0,0
0235_pos_0,6,support,1647,1905,0.47706422018348627,1,1,0,0
0235_pos_0,7,support,1684,1753,0.5434782608695652,0,1,0,0
0235_pos_0,8,support,2102,1859,0.5625,1,0,0,0
0235_pos_0,9,support,1031,1013,0.68,1,1,0,0
0235_pos_0,10,support,1381,1525,0.6266666666666667,1,1,0,0
0235_pos_0,11,support,900,954,0.6875,1,1,0,0
0235_pos_0,12,query,1175,1483,0.5222222222222223,1,0,0,0
0236_neg_0,0,support,1451,1424,0.6111111111111112,1,1,0,0
0236_neg_0,1,support,1458,1181,0.6575342465753424,1,1,0,0
0236_neg_0,2,support,1530,1457,0.5376344086021505,1,2,0,1
0236_neg_0,3,support,1076,1243,0.5641025641025641,1,1,0,0
0236_neg_0,4,support,1506,1130,0.5428571428571428,1,1,0,0
0236_neg_0,5,support,1385,1314,0.6352941176470588,1,2,0,1
0236_neg_0,6,support,808,796,0.7551020408163265,1,1,0,0
0236_neg_0,7,support,1275,1594,0.631578947368421,1,2,0,1
0236_neg_0,8,support,1496,1572,0.6210526315789474,1,1,0,0
0236_neg_0,9,support,1071,1021,0.75,1,1,0,0
0236_neg_0,10,support,1339,1515,0.5974025974025974,1,0,0,0
0236_neg_0,11,support,1136,1179,0.56,1,0,0,0
0236_neg_0,12,query,1217,1996,0.45714285714285713,1,3,0,1
0236_pos_0,0,support,1479,1243,0.6025641025641025,1,2,0,1
0236_pos_0,1,support,1569,1169,0.6375,1,2,0,1
0236_pos_0,2,support,1125,1309,0.5844155844155844,1,1,0,0
0236_pos_0,3,support,1506,1384,0.5802469135802469,1,1,0,0
0236_pos_0,4,support,1393,1170,0.550561797752809,1,2,0,1
0236_pos_0,5,support,1547,1048,0.5384615384615384,1,0,0,0
0236_pos_0,6,support,1271,1285,0.4368932038834951,1,0,0,0
0236_pos_0,7,support,806,866,0.6981132075471698,1,1,0,0
0236_pos_0,8,support,1275,1276,0.6219512195121951,1,1,0,0
0236_pos_0,9,support,1536,1765,0.6593406593406593,1,2,0,1
0236_pos_0,10,support,1071,1033,0.6065573770491803,1,1,0,0
0236_pos_0,11,support,1373,1363,0.676056338028169,1,1,0,0
0236_pos_0,12,query,1513,1672,0.6805555555555556,1,1,0,0
0237_neg_0,0,support,1407,1320,0.5274725274725275,1,2,0,1
0237_neg_0,1,support,1619,1517,0.5789473684210527,1,2,0,1
0237_neg_0,2,support,1440,1565,0.5247524752475248,1,1,0,0
0237_neg_0,3,support,1568,1590,0.5045871559633027,1,0,0,0
0237_neg_0,4,support,1717,1602,0.5428571428571428,1,1,0,0
0237_neg_0,5,support,1762,1749,0.5050505050505051,1,3,0,1
0237_neg_0,6,support,2090,1822,0.532258064516129,1,1,0,0
0237_neg_0,7,support,1867,2118,0.543859649122807,1,2,0,1
0237_neg_0,8,support,1393,1405,0.47572815533980584,1,1,0,0
0237_neg_0,9,support,1341,1356,0.6144578313253012,1,1,0,0
0237_neg_0,10,support,1215,1506,0.5425531914893617,1,2,0,1
0237_neg_0,11,support,1427,1471,0.6179775280898876,1,1,0,0
0237_neg_0,12,query,1619,1998,0.5350877192982456,2,1,1,0
0237_pos_0,0,support,1711,1951,0.6146788990825688,1,2,0,1
0237_pos_0,1,support,1447,1662,0.5824175824175825,1,2,0,1
0237_pos_0,2,support,1503,1648,0.5490196078431373,1,2,0,1
0237_pos_0,3,support,1792,1450,0.59375,1,2,0,1
0237_pos_0,4,support,1786,1409,0.5494505494505495,1,2,0,1
0237_pos_0,5,support,1398,1586,0.5181818181818182,1,1,0,0
0237_pos_0,6,support,1686,1628,0.5619047619047619,1,1,0,0
0237_pos_0,7,support,1920,1842,0.5478260869565217,1,1,0,0
0237_pos_0,8,support,1917,1700,0.5412844036697247,1,2,0,1
0237_pos_0,9,support,1299,1450,0.6506024096385542,1,1,0,0
0237_pos_0,10,support,1304,1373,0.5454545454545454,1,2,0,1
0237_pos_0,11,support,1241,1580,0.4144144144144144,1,1,0,0
0237_pos_0,12,query,1362,1532,0.5977011494252874,1,2,0,1
0238_neg_0,0,support,1266,1433,0.6046511627906976,1,1,0,0
0238_neg_0,1,support,1596,1613,0.5979381443298969,1,1,0,0
0238_neg_0,2,support,1362,1534,0.5595238095238095,1,1,0,0
0238_neg_0,3,support,1496,1588,0.574468085106383,1,1,0,0
0238_neg_0,4,support,1083,956,0.6451612903225806,1,0,0,0
0238_neg_0,5,support,1434,1140,0.6756756756756757,1,1,0,0
0238_neg_0,6,support,1136,1171,0.6266666666666667,1,1,0,0
0238_neg_0,7,support,1346,1242,0.72,0,1,0,0
0238_neg_0,8,support,1220,1295,0.6835443037974683,1,1,0,0
0238_neg_0,9,support,1186,1079,0.7166666666666667,1,1,0,0
0238_neg_0,10,support,1851,1624,0.5125,1,1,0,0
0238_neg_0,11,support,1153,1376,0.5432098765432098,1,1,0,0
0238_neg_0,12,query,1270,1193,0.5,1,1,0,0
0238_pos_0,0,support,1600,1474,0.6987951807228916,1,1,0,0
0238_pos_0,1,support,1357,1418,0.7647058823529411,1,1,0,0
0238_pos_0,2,support,1520,1481,0.6373626373626373,1,1,0,0
0238_pos_0,3,support,1090,908,0.6949152542372882,1,0,0,0
0238_pos_0,4,support,1596,1191,0.6081081081081081,1,0,0,0
0238_pos_0,5,support,980,1015,0.6515151515151515,0,0,0,0
0238_pos_0,6,support,1196,1540,0.5714285714285714,1,1,0,0
0238_pos_0,7,support,1110,937,0.5616438356164384,1,0,0,0
0238_pos_0,8,support,1311,1297,0.8405797101449275,1,1,0,0
0238_pos_0,9,support,1161,1256,0.765625,1,1,0,0
0238_pos_0,10,support,1205,1297,0.6323529411764706,1,1,0,0
0238_pos_0,11,support,1823,1984,0.5476190476190477,1,1,0,0
0238_pos_0,12,query,1245,1500,0.5795454545454546,1,1,0,0
0239_neg_0,0,support,1399,1513,0.7228915662650602,1,1,0,0
0239_neg_0,1,support,1429,1409,0.6136363636363636,1,1,0,0
0239_neg_0,2,support,1552,1619,0.7023809523809523,1,1,0,0
0239_neg_0,3,support,1207,1386,0.5454545454545454,1,1,0,0
0239_neg_0,4,support,1382,1357,0.6976744186046512,1,1,0,0
0239_neg_0,5,support,1793,1635,0.7631578947368421,1,1,0,0
0239_neg_0,6,support,1301,1310,0.5795454545454546,2,2,1,1
0239_neg_0,7,support,874,944,0.7543859649122807,1,0,0,0
0239_neg_0,8,support,989,1215,0.6756756756756757,1,3,0,1
0239_neg_0,9,support,877,883,0.578125,1,1,0,0
0239_neg_0,10,support,1710,1247,0.5760869565217391,1,1,0,0
0239_neg_0,11,support,1243,1292,0.6190476190476191,1,2,0,1
0239_neg_0,12,query,1428,1661,0.452991452991453,1,2,0,1
0239_pos_0,0,support,1416,1363,0.5806451612903226,1,2,0,1
0239_pos_0,1,support,1576,1446,0.6404494382022472,1,2,0,1
0239_pos_0,2,support,1211,1196,0.6341463414634146,1,2,0,1
0239_pos_0,3,support,1355,1422,0.632183908045977,1,1,0,0
0239_pos_0,4,support,1803,1830,0.6373626373626373,1,1,0,0
0239_pos_0,5,support,1074,1083,0.7058823529411765,1,2,0,1
0239_pos_0,6,support,1397,1662,0.42857142857142855,1,2,0,1
0239_pos_0,7,support,1273,1306,0.5604395604395604,1,1,0,0
0239_pos_0,8,support,864,924,0.6666666666666666,1,1,0,0
0239_pos_0,9,support,1017,1059,0.7222222222222222,1,2,0,1
0239_pos_0,10,support,863,963,0.6190476190476191,1,1,0,0
0239_pos_0,11,support,1612,1693,0.5473684210526316,1,1,0,0
0239_pos_0,12,query,1459,1386,0.6987951807228916,1,1,0,0
0240_neg_0,0,support,1067,941,0.875,1,1,0,0
0240_neg_0,1,support,887,769,0.7222222222222222,0,0,0,0
0240_neg_0,2,support,1254,1202,0.696969696969697,1,1,0,0
0240_neg_0,3,support,921,1331,0.5466666666666666,1,1,0,0
0240_neg_0,4,support,1343,1244,0.6835443037974683,1,2,0,1
0240_neg_0,5,support,1240,1126,0.8571428571428571,1,1,0,0
0240_neg_0,6,support,1827,1293,0.5465116279069767,1,1,0,0
0240_neg_0,7,support,1723,1456,0.6395348837209303,1,1,0,0
0240_neg_0,8,support,1276,1254,0.7058823529411765,1,1,0,0
0240_neg_0,9,support,1519,760,0.7,0,0,0,0
0240_neg_0,10,support,1044,855,0.5,1,0,0,0
0240_neg_0,11,support,1293,1309,0.6956521739130435,1,1,0,0
0240_neg_0,12,query,1270,1203,0.6388888888888888,1,1,0,0
0240_pos_0,0,support,823,917,0.7169811320754716,0,1,0,1
0240_pos_0,1,support,1267,1364,0.6857142857142857,1,2,0,1
0240_pos_0,2,support,1122,1097,0.582089552238806,1,1,0,0
0240_pos_0,3,support,1339,1506,0.6162790697674418,1,1,0,0
0240_pos_0,4,support,1207,1053,0.8,1,1,0,0
0240_pos_0,5,support,1564,1393,0.7361111111111112,1,1,0,0
0240_pos_0,6,support,1270,1274,0.7878787878787878,1,1,0,0
0240_pos_0,7,support,1855,1308,0.5647058823529412,1,1,0,0
0240_pos_0,8,support,1778,1500,0.717948717948718,1,1,0,0
0240_pos_0,9,support,1266,1371,0.6578947368421053,1,1,0,0
0240_pos_0,10,support,867,785,0.6666666666666666,0,0,0,0
0240_pos_0,11,support,902,1126,0.5189873417721519,1,1,0,0
0240_pos_0,12,query,1167,1051,0.6612903225806451,2,1,1,0
0241_neg_0,0,support,898,1007,0.4533333333333333,1,1,0,1
0241_neg_0,1,support,1496,1179,0.5903614457831325,1,1,0,0
0241_neg_0,2,support,935,858,0.5416666666666666,0,0,0,0
0241_neg_0,3,support,950,1016,0.6,1,1,1,1
0241_neg_0,4,support,1025,1112,0.42391304347826086,0,0,0,0
0241_neg_0,5,support,1101,1084,0.5517241379310345,0,1,0,1
0241_neg_0,6,support,1004,1037,0.5121951219512195,0,1,0,1
0241_neg_0,7,support,1642,1604,0.6375,1,1,0,0
0241_neg_0,8,support,1135,1119,0.5128205128205128,1,1,0,1
0241_neg_0,9,support,893,1006,0.6515151515151515,0,0,0,0
0241_neg_0,10,support,1551,1359,0.4326923076923077,1,2,0,1
0241_neg_0,11,support,1061,1664,0.39805825242718446,0,1,0,0
0241_neg_0,12,query,1356,1831,0.5104166666666666,1,2,0,1
0241_pos_0,0,support,1439,1446,0.6162790697674418,1,1,0,0
0241_pos_0,1,support,932,1068,0.5454545454545454,0,0,0,0
0241_pos_0,2,support,878,1053,0.5857142857142857,0,1,0,1
0241_pos_0,3,support,1077,1287,0.42857142857142855,0,2,0,1
0241_pos_0,4,support,1154,1205,0.4946236559139785,0,2,0,1
0241_pos_0,5,support,1511,1321,0.5145631067961165,1,1,0,0
0241_pos_0,6,support,1371,1950,0.4845360824742268,1,1,0,0
0241_pos_0,7,support,1009,976,0.5375,0,1,0,1
0241_pos_0,8,support,1693,2051,0.4946236559139785,1,1,0,0
0241_pos_0,9,support,1126,1022,0.4675324675324675,1,0,0,0
0241_pos_0,10,support,956,958,0.4583333333333333,0,1,0,0
0241_pos_0,11,support,1493,1605,0.6105263157894737,1,1,0,0
0241_pos_0,12,query,894,863,0.4722222222222222,1,0,0,0
0242_neg_0,0,support,1613,1873,0.49107142857142855,1,1,0,0
0242_neg_0,1,support,1161,1282,0.5340909090909091,1,1,0,0
0242_neg_0,2,support,1829,1880,0.4666666666666667,1,1,0,0
0242_neg_0,3,support,963,1036,0.5714285714285714,1,1,0,0
0242_neg_0,4,support,1740,1640,0.53,1,2,0,1
0242_neg_0,5,support,1324,1651,0.6811594202898551,1,1,0,0
0242_neg_0,6,support,971,1097,0.547945205479452,1,1,0,0
0242_neg_0,7,support,1979,2638,0.5,1,1,0,0
0242_neg_0,8,support,1727,2073,0.47368421052631576,1,2,0,1
0242_neg_0,9,support,1023,1146,0.5060240963855421,1,0,0,0
0242_neg_0,10,support,1062,1522,0.573170731707317,1,1,0,0
0242_neg_0,11,support,1296,1215,0.6428571428571429,1,1,0,0
0242_neg_0,12,query,1542,1356,0.5142857142857142,1,1,0,0
0242_pos_0,0,support,1161,1109,0.5116279069767442,1,1,0,0
0242_pos_0,1,support,1800,1996,0.47674418604651164,1,1,0,0
0242_pos_0,2,support,1046,1143,0.6351351351351351,1,1,0,0
0242_pos_0,3,support,1877,1785,0.52,1,1,0,0
0242_pos_0,4,support,1339,1360,0.5875,0,0,0,0
0242_pos_0,5,support,1853,1717,0.5319148936170213,1,1,0,0
0242_pos_0,6,support,1481,1433,0.47474747474747475,1,1,0,0
0242_pos_0,7,support,988,1045,0.6615384615384615,1,1,0,0
0242_pos_0,8,support,2031,1914,0.3897058823529412,1,1,0,0
0242_pos_0,9,support,1922,1810,0.42857142857142855,1,1,0,0
0242_pos_0,10,support,1080,1761,0.5111111111111111,1,0,0,0
0242_pos_0,11,support,1071,1505,0.6190476190476191,1,1,0,0
0242_pos_0,12,query,1895,1641,0.6153846153846154,1,1,0,0
0243_neg_0,0,support,1453,1514,0.5747126436781609,1,1,0,0
0243_neg_0,1,support,1328,1327,0.7536231884057971,1,1,0,0
0243_neg_0,2,support,1436,1383,0.5287356321839081,1,0,0,0
0243_neg_0,3,support,1520,1480,0.5111111111111111,1,1,0,0
0243_neg_0,4,support,1368,1120,0.6764705882352942,1,1,0,0
0243_neg_0,5,support,1566,1614,0.6951219512195121,1,1,0,0
0243_neg_0,6,support,1266,1313,0.5432098765432098,1,1,0,0
0243_neg_0,7,support,1463,1299,0.5465116279069767,1,1,0,0
0243_neg_0,8,support,1476,1416,0.6282051282051282,1,1,0,0
0243_neg_0,9,support,1250,1395,0.6626506024096386,1,1,0,0
0243_neg_0,10,support,1452,1267,0.6666666666666666,1,1,0,0
0243_neg_0,11,support,1256,1215,0.6233766233766234,1,0,0,0
0243_neg_0,12,query,1748,1543,0.5647058823529412,1,2,0,1
0243_pos_0,0,support,1328,1145,0.7,1,1,0,0
0243_pos_0,1,support,1451,1733,0.6588235294117647,1,1,0,0
0243_pos_0,2,support,1518,1438,0.5955056179775281,1,1,0,0
0243_pos_0,3,support,1477,1778,0.7407407407407407,1,1,0,0
0243_pos_0,4,support,1537,1612,0.5212765957446809,1,1,0,0
0243_pos_0,5,support,1436,1384,0.5853658536585366,1,1,0,0
0243_pos_0,6,support,1501,1412,0.6506024096385542,1,1,0,0
0243_pos_0,7,support,1266,1307,0.5454545454545454,1,1,0,0
0243_pos_0,8,support,1420,1233,0.6153846153846154,1,1,0,0
0243_pos_0,9,support,1392,1370,0.7066666666666667,1,1,0,0
0243_pos_0,10,support,1244,1230,0.6363636363636364,1,1,0,0
0243_pos_0,11,support,1500,1257,0.6162790697674418,1,1,0,0
0243_pos_0,12,query,1507,1503,0.5555555555555556,1,1,0,0
0244_neg_0,0,support,1093,1224,0.6438356164383562,1,1,0,0
0244_neg_0,1,support,1159,1058,0.6857142857142857,1,1,0,0
0244_neg_0,2,support,1662,1726,0.5315315315315315,1,2,0,1
0244_neg_0,3,support,1682,1695,0.59,1,1,0,0
0244_neg_0,4,support,1142,1461,0.6296296296296297,1,1,0,0
0244_neg_0,5,support,1276,1195,0.5853658536585366,1,1,0,0
0244_neg_0,6,support,1345,1451,0.4368932038834951,1,1,0,0
0244_neg_0,7,support,1142,1312,0.5625,1,1,0,0
0244_neg_0,8,support,1507,1636,0.5730337078651685,1,1,0,0
0244_neg_0,9,support,1581,1445,0.59,1,1,0,0
0244_neg_0,10,support,1626,1206,0.5957446808510638,1,2,0,1
0244_neg_0,11,support,1322,1258,0.6352941176470588,1,1,0,0
0244_neg_0,12,query,1244,1428,0.6144578313253012,1,1,0,0
0244_pos_0,0,support,1294,1309,0.68,1,1,0,0
0244_pos_0,1,support,1606,1531,0.5096153846153846,1,2,0,1
0244_pos_0,2,support,1602,1356,0.5,1,2,0,1
0244_pos_0,3,support,1141,1333,0.6363636363636364,1,1,0,0
0244_pos_0,4,support,1338,1139,0.72,1,1,0,0
0244_pos_0,5,support,1313,1606,0.52,1,2,0,1
0244_pos_0,6,support,1442,1456,0.5473684210526316,1,1,0,0
0244_pos_0,7,support,1483,1155,0.45544554455445546,1,1,0,0
0244_pos_0,8,support,1288,1219,0.5975609756097561,1,1,0,0
0244_pos_0,9,support,1547,1788,0.51,1,2,0,1
0244_pos_0,10,support,1621,1595,0.5225225225225225,1,2,0,1
0244_pos_0,11,support,1479,1388,0.5670103092783505,1,2,0,1
0244_pos_0,12,query,1063,993,0.7413793103448276,1,1,0,0
0245_neg_0,0,support,866,951,0.6935483870967742,0,1,0,1
0245_neg_0,1,support,858,878,0.6774193548387096,0,1,0,1
0245_neg_0,2,support,1183,964,0.6216216216216216,0,0,0,0
0245_neg_0,3,support,1487,1609,0.5531914893617021,1,2,0,1
0245_neg_0,4,support,843,996,0.6612903225806451,0,2,0,1
0245_neg_0,5,support,796,834,0.8235294117647058,0,0,0,0
0245_neg_0,6,support,855,948,0.5588235294117647,0,0,0,0
0245_neg_0,7,support,1438,1411,0.6063829787234043,1,1,0,0
0245_neg_0,8,support,816,951,0.6923076923076923,0,0,0,0
0245_neg_0,9,support,1217,1289,0.5060240963855421,1,1,0,0
0245_neg_0,10,support,1024,997,0.7903225806451613,1,2,0,1
0245_neg_0,11,support,879,808,0.6949152542372882,0,1,0,1
0245_neg_0,12,query,1578,1650,0.5490196078431373,1,1,0,0
0245_pos_0,0,support,813,946,0.5692307692307692,0,1,0,1
0245_pos_0,1,support,1184,1184,0.6712328767123288,1,1,0,0
0245_pos_0,2,support,1367,1263,0.6125,1,2,0,1
0245_pos_0,3,support,1012,869,0.7142857142857143,1,0,0,0
0245_pos_0,4,support,806,911,0.639344262295082,0,1,0,1
0245_pos_0,5,support,1364,1423,0.5,1,2,0,1
0245_pos_0,6,support,1537,1552,0.5833333333333334,1,1,0,0
0245_pos_0,7,support,890,909,0.7192982456140351,0,0,0,0
0245_pos_0,8,support,1443,1686,0.6632653061224489,1,1,0,0
0245_pos_0,9,support,816,853,0.625,0,0,0,0
0245_pos_0,10,support,1264,1254,0.6891891891891891,1,1,0,0
0245_pos_0,11,support,1099,1159,0.6438356164383562,0,2,0,1
0245_pos_0,12,query,866,930,0.7377049180327869,0,0,0,0
0246_neg_0,0,support,854,894,0.7288135593220338,1,1,0,0
0246_neg_0,1,support,1174,1114,0.6710526315789473,1,1,0,0
0246_neg_0,2,support,987,1033,0.6266666666666667,1,1,0,0
0246_neg_0,3,support,1536,1377,0.5,1,1,0,0
0246_neg_0,4,support,977,859,0.6885245901639344,1,1,0,0
0246_neg_0,5,support,1448,1129,0.5783132530120482,1,1,0,0
0246_neg_0,6,support,2084,1889,0.5145631067961165,1,1,0,0
0246_neg_0,7,support,835,1006,0.6129032258064516,1,1,0,0
0246_neg_0,8,support,1343,1569,0.5949367088607594,1,1,0,0
0246_neg_0,9,support,965,966,0.6612903225806451,1,1,0,0
0246_neg_0,10,support,943,950,0.6851851851851852,1,1,0,0
0246_neg_0,11,support,886,1022,0.5873015873015873,1,0,0,0
0246_neg_0,12,query,1395,1514,0.7333333333333333,1,1,0,0
0246_pos_0,0,support,1099,1264,0.5348837209302325,1,1,0,0
0246_pos_0,1,support,966,1027,0.5945945945945946,1,1,0,0
0246_pos_0,2,support,1277,1679,0.4854368932038835,1,2,0,1
0246_pos_0,3,support,969,881,0.6507936507936508,1,1,0,0
0246_pos_0,4,support,1462,1426,0.5604395604395604,1,1,0,0
0246_pos_0,5,support,1174,1256,0.4819277108433735,0,1,0,0
0246_pos_0,6,support,1661,1594,0.5977011494252874,1,1,0,0
0246_pos_0,7,support,2122,2203,0.5267857142857143,1,1,0,0
0246_pos_0,8,support,834,867,0.6666666666666666,1,1,0,0
0246_pos_0,9,support,1400,1650,0.6621621621621622,1,1,0,0
0246_pos_0,10,support,1056,1191,0.5263157894736842,1,1,0,0
0246_pos_0,11,support,943,1010,0.65,1,1,0,0
0246_pos_0,12,query,850,818,0.5932203389830508,1,0,0,0
0247_neg_0,0,support,1423,1502,0.5647058823529412,1,1,0,0
0247_neg_0,1,support,1314,1339,0.625,1,1,0,0
0247_neg_0,2,support,1229,1228,0.6133333333333333,1,0,0,0
0247_neg_0,3,support,1197,1137,0.6282051282051282,1,1,0,0
0247_neg_0,4,support,1242,1292,0.618421052631579,1,1,0,0
0247_neg_0,5,support,1649,1345,0.5384615384615384,1,1,0,0
0247_neg_0,6,support,1647,1761,0.5876288659793815,1,2,0,1
0247_neg_0,7,support,1454,1433,0.5833333333333334,1,1,0,0
0247_neg_0,8,support,1030,1281,0.5421686746987951,1,1,0,0
0247_neg_0,9,support,1023,1035,0.6461538461538462,1,1,0,0
0247_neg_0,10,support,1215,1385,0.6710526315789473,1,1,0,0
0247_neg_0,11,support,856,927,0.6935483870967742,1,1,0,0
0247_neg_0,12,query,1284,1450,0.5529411764705883,1,2,0,1
0247_pos_0,0,support,1314,1260,0.5783132530120482,1,1,0,0
0247_pos_0,1,support,1311,1262,0.5402298850574713,1,1,0,0
0247_pos_0,2,support,1148,1122,0.6375,1,1,0,0
0247_pos_0,3,support,1311,1302,0.5783132530120482,1,1,0,0
0247_pos_0,4,support,1152,1385,0.5733333333333334,1,1,0,0
0247_pos_0,5,support,1307,1554,0.620253164556962,1,1,0,0
0247_pos_0,6,support,1451,1698,0.5529411764705883,1,1,0,0
0247_pos_0,7,support,1704,1741,0.5523809523809524,1,2,0,1
0247_pos_0,8,support,1425,1761,0.5420560747663551,1,2,0,1
0247_pos_0,9,support,1030,1031,0.6,1,0,0,0
0247_pos_0,10,support,1178,851,0.8,1,1,0,0
0247_pos_0,11,support,1205,1573,0.6875,1,1,0,0
0247_pos_0,12,query,1433,1297,0.5853658536585366,1,1,0,0
0248_neg_0,0,support,1340,2049,0.5268817204301075,1,1,0,0
0248_neg_0,1,support,1456,1218,0.5,1,1,0,0
0248_neg_0,2,support,1338,1348,0.3942307692307692,2,1,1,0
0248_neg_0,3,support,1193,1069,0.5375,1,1,0,0
0248_neg_0,4,support,1328,1346,0.5280898876404494,1,1,0,0
0248_neg_0,5,support,1282,1144,0.5432098765432098,1,0,0,0
0248_neg_0,6,support,1107,1206,0.5641025641025641,1,2,0,0
0248_neg_0,7,support,1569,1129,0.5063291139240507,1,1,0,0
0248_neg_0,8,support,1279,1606,0.5096153846153846,1,1,0,0
0248_neg_0,9,support,1294,1361,0.6506024096385542,1,1,0,0
0248_neg_0,10,support,1406,1627,0.573170731707317,1,1,0,0
0248_neg_0,11,support,2412,1825,0.6923076923076923,1,1,0,0
0248_neg_0,12,query,1369,1254,0.6904761904761905,1,1,0,0
0248_pos_0,0,support,1534,1459,0.6382978723404256,1,1,0,0
0248_pos_0,1,support,1240,1581,0.4444444444444444,1,1,0,0
0248_pos_0,2,support,1181,1482,0.4666666666666667,1,1,0,0
0248_pos_0,3,support,1466,1956,0.49514563106796117,1,1,0,0
0248_pos_0,4,support,1006,994,0.6811594202898551,1,1,0,0
0248_pos_0,5,support,1520,1750,0.4051724137931034,1,2,0,1
0248_pos_0,6,support,1314,1299,0.5393258426966292,1,1,0,0
0248_pos_0,7,support,1125,1181,0.4588235294117647,1,1,0,0
0248_pos_0,8,support,1681,1718,0.4948453608247423,1,1,0,0
0248_pos_0,9,support,1465,922,0.422680412371134,1,1,0,0
0248_pos_0,10,support,1311,989,0.6052631578947368,1,1,0,0
0248_pos_0,11,support,1723,1582,0.4479166666666667,1,1,0,0
0248_pos_0,12,query,1365,1995,0.7215189873417721,1,1,0,0
0249_neg_0,0,support,1443,1398,0.5157894736842106,1,0,0,0
0249_neg_0,1,support,1601,1420,0.5268817204301075,1,2,0,1
0249_neg_0,2,support,1702,1479,0.5806451612903226,2,1,0,0
0249_neg_0,3,support,1301,1318,0.5625,1,1,0,0
0249_neg_0,4,support,2261,2087,0.5,1,2,0,1
0249_neg_0,5,support,1379,1326,0.5340909090909091,1,2,0,1
0249_neg_0,6,support,1821,1715,0.5181818181818182,1,2,0,1
0249_neg_0,7,support,2811,2437,0.6052631578947368,1,2,0,1
0249_neg_0,8,support,1056,1071,0.647887323943662,1,1,0,1
0249_neg_0,9,support,2168,1738,0.48333333333333334,1,2,0,1
0249_neg_0,10,support,1511,1368,0.5543478260869565,2,2,0,1
0249_neg_0,11,support,2057,1580,0.4666666666666667,1,2,0,1
0249_neg_0,12,query,1529,1617,0.53,1,1,0,0
0249_pos_0,0,support,1787,1478,0.611764705882353,1,1,0,0
0249_pos_0,1,support,1720,1483,0.53125,2,2,0,1
0249_pos_0,2,support,1460,2154,0.5476190476190477,1,1,0,0
0249_pos_0,3,support,2107,1975,0.5648148148148148,1,2,0,1
0249_pos_0,4,support,1388,1360,0.7317073170731707,1,1,0,0
0249_pos_0,5,support,1503,1597,0.6265060240963856,1,2,0,1
0249_pos_0,6,support,1673,1080,0.5494505494505495,1,1,0,1
0249_pos_0,7,support,1817,1697,0.5233644859813084,1,1,0,0
0249_pos_0,8,support,2304,2144,0.5555555555555556,1,2,0,1
0249_pos_0,9,support,1210,1011,0.5584415584415584,0,2,0,1
0249_pos_0,10,support,1800,2261,0.47692307692307695,1,1,0,0
0249_pos_0,11,support,1363,1661,0.5148514851485149,1,1,0,0
0249_pos_0,12,query,1502,1510,0.5360824742268041,1,2,0,1
0250_pos_0,0,support,1701,1403,0.5531914893617021,1,1,0,0
0250_pos_0,1,support,1489,1576,0.6818181818181818,1,1,0,0
0250_pos_0,2,support,2065,1965,0.4396551724137931,1,1,0,0
0250_pos_0,3,support,1704,1930,0.6060606060606061,1,2,0,1
0250_pos_0,4,support,1454,1728,0.56,1,2,0,1
0250_pos_0,5,support,1839,1669,0.5,1,2,0,1
0250_pos_0,6,support,1642,1428,0.6413043478260869,1,1,0,0
0250_pos_0,7,support,1168,1268,0.5222222222222223,1,2,0,1
0250_pos_0,8,support,1678,1533,0.6555555555555556,1,1,0,0
0250_pos_0,9,support,1431,1484,0.6,1,1,0,0
0250_pos_0,10,support,1676,1982,0.6263736263736264,1,1,0,0
0250_pos_0,11,support,1538,1580,0.4485981308411215,1,1,0,0
0250_pos_0,12,query,2006,1878,0.543859649122807,1,2,0,1
