drop_heldout_all,n_hard,drop_gpt-4o,level_gpt-4o,expected_gpt-4o,excess_gpt-4o,in_range_gpt-4o,n_band_gpt-4o,excess_band_gpt-4o,excess_naive_gpt-4o,drop_gemini-2.0-flash-exp,level_gemini-2.0-flash-exp,expected_gemini-2.0-flash-exp,excess_gemini-2.0-flash-exp,in_range_gemini-2.0-flash-exp,n_band_gemini-2.0-flash-exp,excess_band_gemini-2.0-flash-exp,excess_naive_gemini-2.0-flash-exp
0.42809267004182255,59,0.36860554699537745,0.8431818181818181,0.6191641389875215,0.2505585919921441,True,3,0.25837185413456604,0.0594871230464451,0.2458667926310817,0.8493150684931506,0.6160821694685712,0.3702153768374895,True,2,0.3816177990484252,0.18222587741074087
0.388694152675877,53,0.36686690921397747,0.8385650224215246,0.6129676011675871,0.24610069195360962,True,3,0.2051216967030488,0.021827243461899515,0.2004770220196772,0.8419864559819413,0.6099896003528169,0.4095125783331397,True,3,0.37151158389734906,0.18821713065619977
0.44169751233826865,51,0.3446253501400561,0.8348214285714286,0.6147193342855988,0.2700939841455427,True,2,0.21306022408963582,0.09707216219821257,0.2808107512667989,0.849438202247191,0.6114082189128256,0.3305974676460267,True,3,0.2593678201617726,0.16088676107146976
0.4477395924509759,56,0.377700741696227,0.8419864559819413,0.6512698962349304,0.27356915453870334,True,2,0.3089124475975492,0.07003885075474886,0.2889713461142033,0.8526077097505669,0.6441438590508004,0.35517251293659713,True,1,0.45264426175422634,0.1587682463367726
0.426903735632184,64,0.28990660919540234,0.8367816091954023,0.5873744446547469,0.2974678354593445,True,3,0.29734195402298846,0.13699712643678164,0.2853843615968328,0.8568129330254042,0.5781607352678382,0.2927763736710054,True,4,0.2676328797824775,0.1415193740353512
0.44578074144637614,57,0.288719536397555,0.832579185520362,0.5436757917175465,0.25495625531999155,True,2,0.23231721838532982,0.15706120504882115,0.29281061423490395,0.8542141230068337,0.54804739376132,0.255236779526416,True,2,0.1795240686260947,0.15297012721147218
0.397531819225702,53,0.32464675522463826,0.8340807174887892,0.6772892244365334,0.3526424692118951,True,3,0.3565586485038216,0.07288506400106376,0.22160228289109418,0.8442437923250564,0.6682337895501291,0.44663150665903495,True,2,0.4599486097394161,0.17592953633460784
0.4115580746936679,59,0.3301617873651772,0.8386363636363636,0.5871557137201919,0.2569939263550147,True,4,0.26183551617873646,0.08139628732849069,0.30444024563060934,0.8561643835616438,0.5888668619484161,0.28442661631780675,True,4,0.2699241611490516,0.10711782906305856
0.44164614121510676,64,0.3436781609195402,0.8436781609195402,0.5457680215323575,0.2020898606128173,True,4,0.21864224137931043,0.09796798029556658,0.2245370370370371,0.8495370370370371,0.5458085261267378,0.3212714890897007,True,4,0.3377833652618135,0.21710910417806967
0.4315388773593109,57,0.32833214257362864,0.8371040723981901,0.5768211302075041,0.2484889876338755,True,3,0.24241221454843753,0.10320673478568226,0.2531670862806219,0.8496583143507973,0.5775518349671316,0.3243847486865097,True,2,0.3145474489261735,0.178371791078689
0.38026474842954244,54,0.3982521847690387,0.8426966292134831,0.6463027321931429,0.24805054742410426,True,3,0.24019975031211005,-0.017987436339496232,0.2766046589576001,0.8506787330316742,0.6410719055150205,0.36446724655742035,True,3,0.3618472761235486,0.10366008947194233
0.4062552786351561,56,0.33747178329571104,0.837471783295711,0.6089153800002207,0.2714435967045097,True,4,0.26513624637213806,0.06878349533944506,0.22045454545454546,0.8454545454545455,0.6067373219412251,0.38628277648667964,True,3,0.37248590386287905,0.18580073318061063
0.4708162708162708,55,0.3469287469287469,0.8378378378378378,0.6139398504669811,0.26701110353823415,True,2,0.28294430794430797,0.12388752388752389,0.2889713461142033,0.8526077097505669,0.6130088124806772,0.3240374663664739,True,2,0.3409017087588516,0.18184492470206753
0.4557990683958313,58,0.2999843615607163,0.8344671201814059,0.6171589168847902,0.3171745553240739,True,3,0.3002059061172361,0.155814706835115,0.2458667926310817,0.8493150684931506,0.6124931790774379,0.36662638644635626,True,3,0.3543234750468707,0.2099322757647496
0.4276761642533454,52,0.3559198072620891,0.8366890380313199,0.6558259248750611,0.299906117612972,True,0,,0.07175635699125632,0.2506930006930007,0.8468468468468469,0.6478315724191281,0.39713857172612743,True,0,,0.17698316356034471
0.4686225551394091,54,0.35672076570952976,0.8382022471910112,0.5919929397584056,0.23527217404887585,True,3,0.24655291996115963,0.11190178942987933,0.2558236970001676,0.8484162895927602,0.5913453427081956,0.335521645708028,True,3,0.3474499886705218,0.2127988581392415
0.42836930027941267,54,0.4190178942987932,0.8449438202247191,0.6351729431422308,0.2161550488434376,True,2,0.13974198918019143,0.009351405980619454,0.2558236970001676,0.8484162895927602,0.6346455692481259,0.37882187224795827,True,2,0.30293618647881704,0.17254560327924506
0.47156362545018,51,0.41014530812324923,0.8415178571428571,0.6131750453694562,0.203029737246207,True,2,0.27251838235294124,0.06141831732693076,0.2808107512667989,0.849438202247191,0.6126944501890379,0.331883698922239,True,3,0.342686564326105,0.1907528741833811
0.44300628528816444,52,0.39885561865427643,0.8411633109619687,0.6610162866382394,0.262160667983963,True,2,0.27772758561349153,0.044150666633888,0.2506930006930007,0.8468468468468469,0.6582917274355156,0.40759872674251485,True,2,0.42589020357476726,0.19231328459516372
0.41201003912305306,62,0.3421052631578947,0.8421052631578947,0.6376423479829167,0.29553708482502206,True,2,0.3503174134494722,0.06990477596515837,0.2627096287921613,0.8528735632183908,0.6292127216456578,0.36650309285349647,True,1,0.4825107151954374,0.14930041033089175
0.4809004065286323,53,0.32464675522463826,0.8340807174887892,0.5898441099019434,0.2651973546773051,True,3,0.2779140931268862,0.15625365130399405,0.24272754376251116,0.8465011286681715,0.5912391775796433,0.3485116338171321,True,3,0.3598333045890133,0.23817286276612115
0.44209686582137725,53,0.40908706320331667,0.8430493273542601,0.6817737844237177,0.27268672122040105,True,1,0.3418647939758017,0.03300980261806058,0.24272754376251116,0.8465011286681715,0.6798411655280558,0.4371136217655447,True,1,0.5082243134166072,0.1993693220588661
0.4759665497493213,54,0.3359550561797753,0.8359550561797753,0.6172664399203387,0.2813113837405634,True,6,0.28329171868497716,0.140011493569546,0.23504273504273498,0.8461538461538461,0.6132220911901047,0.37817935614736975,True,4,0.38797016549825547,0.2409238147065863
0.40655848976561676,50,0.3329621380846325,0.8329621380846325,0.6209240962054308,0.2879619581207983,True,2,0.2611581291759466,0.07359635168098427,0.2897757847533632,0.8497757847533632,0.6173838765717572,0.327608091818394,True,3,0.27141204004247943,0.11678270501225357
0.45449516926026995,52,0.3344519015659956,0.8344519015659956,0.6176129776311514,0.28316107606515584,True,1,0.299173980382034,0.12004326769427437,0.2506930006930007,0.8468468468468469,0.6143711229537199,0.36367812226071916,True,0,,0.20380216856726924
0.4127764127764128,55,0.4082309582309583,0.8445945945945946,0.6490265651887683,0.24079560695781005,True,0,,0.004545454545454519,0.2889713461142033,0.8526077097505669,0.6462884472605475,0.3573171011463442,True,1,0.21192955478669762,0.12380506666220953
0.41089408095923036,53,0.40908706320331667,0.8430493273542601,0.6394647827663276,0.2303777195630109,True,2,0.15337592012860657,0.0018070177559136869,0.2849780655053452,0.8510158013544018,0.6377909143416556,0.35281284883631037,True,2,0.277484917826578,0.12591601545388514
0.396399342092226,54,0.3359550561797753,0.8359550561797753,0.6154609931103594,0.2795059369305841,True,4,0.3021847690387016,0.06044428591245071,0.2766046589576001,0.8506787330316742,0.6123661900156079,0.33576153105800777,True,3,0.37380455175123617,0.11979468313462588
0.4304771574422138,53,0.36686690921397747,0.8385650224215246,0.6592217307548931,0.29235482154091563,True,3,0.2708774007953296,0.06361024822823635,0.2721760221760222,0.8490990990990991,0.6529497211871189,0.3807736990110967,True,3,0.3655682878332849,0.1583011352661916
0.4426504426504427,55,0.3469287469287469,0.8378378378378378,0.6749978474969192,0.32806910056817223,True,3,0.31670761670761677,0.09572169572169575,0.24807256235827668,0.8480725623582767,0.6690692285187447,0.42099666616046805,True,2,0.4339298946441803,0.194577880292166
0.42646225156729356,51,0.3446253501400561,0.8348214285714286,0.6204560085852102,0.27583065844515414,True,1,0.25490196078431365,0.08183690142723749,0.2808107512667989,0.849438202247191,0.61719450832909,0.33638375706229107,True,1,0.31871655965757084,0.14565150030049467
0.46000634127974954,54,0.4190178942987932,0.8449438202247191,0.6722791515654896,0.25326125726669635,True,3,0.1980995977250658,0.04098844698095633,0.2766046589576001,0.8506787330316742,0.6675323514763578,0.3909276925187577,True,3,0.3405128330662589,0.18340168232214943
0.45163042643694046,56,0.377700741696227,0.8419864559819413,0.6318692325078219,0.25416849081159487,True,3,0.16160109642050957,0.07392968474071343,0.2808441558441559,0.8522727272727273,0.6264712166019457,0.3456270607577898,True,3,0.2584576822725807,0.17078627059278456
0.3873883434052329,58,0.3585112205801861,0.8412698412698413,0.6075524139970909,0.24904119341690484,True,1,0.2273047149894441,0.02887712282504684,0.2653912769642577,0.8515981735159818,0.6028053715556307,0.33741409459137306,True,1,0.3204246586053725,0.12199706644097524
0.40323310323310324,55,0.3469287469287469,0.8378378378378378,0.6531990822767502,0.30627033534800324,True,2,0.32518427518427523,0.05630435630435632,0.2766046589576001,0.8506787330316742,0.6463883365658654,0.36978367760826525,True,1,0.4611512787983376,0.12662844427550313
0.4097948597948599,55,0.3469287469287469,0.8378378378378378,0.5867104982775642,0.23978175134881724,True,2,0.20997133497133508,0.06286611286611299,0.24807256235827668,0.8480725623582767,0.5865463551998453,0.33847379284156864,True,2,0.3088275195418053,0.16172229743658323
0.4213368191520401,56,0.31735730409545304,0.835214446952596,0.622215776787653,0.3048584726922,True,2,0.3294300225733634,0.10397951505658704,0.20032467532467524,0.8431818181818181,0.6209799844519495,0.4206553091272742,True,2,0.4464626513441412,0.22101214382736484
0.4016626175979525,66,0.38018755686192174,0.8498845265588915,0.6087759216621924,0.22858836480027067,True,5,0.23318636713555885,0.021475060736030782,0.25382830626450115,0.8538283062645011,0.6061668678099741,0.35233856154547294,True,4,0.36178510265144814,0.14783431133345137
0.3836277836277836,55,0.3469287469287469,0.8378378378378378,0.6387890272687677,0.2918602803400208,True,2,0.24762489762489764,0.03669903669903668,0.22762317048031333,0.8458049886621315,0.6336747801228411,0.40605160964252773,True,2,0.36693047407333124,0.15600461314747027
0.4092525669706878,52,0.3559198072620891,0.8366890380313199,0.6061269555936528,0.2502071483315637,True,3,0.29338037056157856,0.05333275970859869,0.2936590436590436,0.8513513513513513,0.6003460418909841,0.30668699823194046,True,3,0.31600366499695365,0.11559352331164419
0.4522233487362462,68,0.3128156134843728,0.8422273781902552,0.5766991062244222,0.2638834927400494,True,3,0.24664482962558576,0.1394077352518734,0.22395017917405968,0.8508158508158508,0.5722735175225742,0.3483233383485145,True,2,0.3253025845764521,0.22827316956218652
0.4728537248232627,51,0.36646533613445376,0.8370535714285714,0.6628115166088566,0.29634618047440286,True,3,0.26771125116713357,0.10638838868880895,0.2808107512667989,0.849438202247191,0.6567317750828945,0.3759210238160956,True,4,0.31019283766877537,0.19204297355646383
0.4122112631244034,50,0.3329621380846325,0.8329621380846325,0.5892063265680227,0.25624418848339026,True,2,0.2755233853006681,0.07924912503977094,0.26753363228699556,0.8475336322869955,0.5884378082458901,0.32090417595889453,True,1,0.325473049227481,0.14467763083740787
0.44586925073816464,54,0.35672076570952976,0.8382022471910112,0.6130348427669308,0.256314077057401,True,3,0.27364405604105974,0.08914848502863487,0.23504273504273498,0.8461538461538461,0.6116289561409021,0.3765862210981671,True,2,0.3994558084445725,0.21082651569542965
0.40165858009870625,51,0.38830532212885155,0.8392857142857143,0.6684864543241291,0.28018113219527757,True,3,0.2604312558356677,0.013353257969854704,0.26753363228699556,0.8475336322869955,0.6623467462692183,0.39481311398222274,True,3,0.38120294567752366,0.1341249478117107
0.45959415809603066,54,0.3359550561797753,0.8359550561797753,0.6330931392971433,0.297138083117368,True,4,0.28759883478984605,0.12363910191625538,0.2849780655053452,0.8510158013544018,0.6249954901527754,0.34001742464743023,True,3,0.3459832328716834,0.17461609259068545
0.3758604656437474,57,0.38775105183773917,0.8438914027149321,0.6074274938979625,0.2196764420602233,True,2,0.2026077637532746,-0.011890586193991748,0.2531670862806219,0.8496583143507973,0.60459548954644,0.35142840326581815,True,1,0.2715213315966505,0.12269337936312552
0.417761976585506,57,0.3481384456616655,0.8393665158371041,0.6189236343583739,0.2707851886967084,True,2,0.26710724775740247,0.0696235309238405,0.29281061423490395,0.8542141230068337,0.6151780902234147,0.3223674759885108,True,2,0.32243507918416403,0.12495136235060206
0.4539781525082192,50,0.3996436525612472,0.8396436525612472,0.6358905818289968,0.23624692926774965,True,3,0.18669636228656278,0.05433449994697204,0.2897757847533632,0.8497757847533632,0.6344512231096284,0.34467543835626524,True,3,0.29656423009444677,0.16420236775485603
0.4926047244348285,53,0.34575683221930786,0.8363228699551569,0.6272267096548165,0.28146987743550866,True,3,0.2667033307950476,0.14684789221552064,0.26385280463392824,0.8487584650112867,0.6226908535764037,0.3588380489424755,True,2,0.34624534241742977,0.22875191980090026
0.3517863285665143,57,0.407557354925776,0.8461538461538461,0.6266072317635869,0.2190498768378109,True,4,0.2712252917361277,-0.05577102635926168,0.2531670862806219,0.8496583143507973,0.6229479739740382,0.3697808876934163,True,4,0.4256155603812818,0.09861924228589242
0.44940201041895955,59,0.34938366718027736,0.8409090909090909,0.6142046492724886,0.2648209820922113,True,2,0.20751155624036977,0.1000183432386822,0.2965132063762945,0.8558352402745996,0.610779940829552,0.3142667344532575,True,2,0.2603820170443526,0.15288880404266503
0.46951184535077156,52,0.39885561865427643,0.8411633109619687,0.6328847740714085,0.2340291554171321,True,0,,0.07065622669649513,0.2936590436590436,0.8513513513513513,0.6309073420060329,0.33724829834698933,True,1,0.22105443078597453,0.17585280169172796
0.4358520103838456,54,0.2944236371202663,0.8314606741573034,0.6057938071667,0.31137017004643364,True,3,0.27852684144818973,0.14142837326357927,0.23504273504273498,0.8461538461538461,0.5968378022281886,0.3617950671854536,True,3,0.25975543391273737,0.2008092753411106
0.42351665039592146,60,0.4542141230068337,0.8542141230068337,0.6411856264571822,0.18697150345034852,True,2,0.16025056947608207,-0.03069747261091227,0.2509174311926605,0.8509174311926605,0.6432250593585485,0.39230762816588793,True,2,0.3635472612902553,0.17259921920326093
0.3710573542788308,52,0.3559198072620891,0.8366890380313199,0.6522624861124067,0.29634267885031756,True,2,0.34525038719669593,0.015137547016741693,0.2721760221760222,0.8490990990990991,0.6450870801316508,0.3729110579556286,True,1,0.49653848479351825,0.09888133210280858
0.4800295118047219,51,0.3227853641456583,0.8325892857142857,0.5893361721258956,0.26655080798023734,True,3,0.2721171802054154,0.15724414765906364,0.2808107512667989,0.849438202247191,0.590213579492108,0.30940282822530907,True,2,0.28619730195448956,0.19921876053792303
0.4454764975967815,56,0.33747178329571104,0.837471783295711,0.6590545792847564,0.3215827959890454,True,2,0.31814334085778784,0.10800471430107045,0.2607142857142857,0.85,0.6498548649753868,0.3891405792611011,True,3,0.3262737826507579,0.1847622118824958
0.43864420768307333,51,0.3446253501400561,0.8348214285714286,0.6716264124315554,0.32700106229149933,True,2,0.34153974089635847,0.09401885754301725,0.2808107512667989,0.849438202247191,0.6633483143300962,0.38253756306329734,True,1,0.4626678901897837,0.15783345641627444
0.46754268745360056,50,0.3774164810690423,0.8374164810690423,0.6834519915986847,0.30603551052964245,True,2,0.1944988864142539,0.09012620638455826,0.2897757847533632,0.8497757847533632,0.6794258548572563,0.3896500701038931,True,2,0.282139582729933,0.17776690270023737
0.4320373162921329,62,0.3236879013803794,0.8398169336384439,0.650519291592083,0.3268313902117036,True,2,0.29942053591201,0.10834941491175348,0.2440173355944978,0.8505747126436781,0.6433534163062253,0.39933608071172755,True,2,0.3790911016978916,0.1880199806976351
0.43878109536096876,58,0.3780201735866761,0.8435374149659864,0.6134823165912806,0.2354621430046045,True,1,0.26272577996715923,0.06076092177429265,0.2458667926310817,0.8493150684931506,0.6099923476802633,0.36412555504918165,True,0,,0.19291430272988708
0.4382121554406199,54,0.3774864752392842,0.8404494382022472,0.6413554662164964,0.2638689909772122,True,3,0.23327784713552507,0.06072568020133573,0.3061033263767622,0.8532731376975169,0.6375643474771948,0.33146102110043263,True,3,0.3046609959980471,0.13210882906385774
0.3919052856780244,53,0.36686690921397747,0.8385650224215246,0.6784562197843034,0.3115893105703259,True,4,0.3299983078094594,0.02503837646404694,0.2849780655053452,0.8510158013544018,0.6677945201246613,0.3828164546193161,True,3,0.35812484788270216,0.1069272201726792
0.4583264397072861,50,0.3329621380846325,0.8329621380846325,0.6574051370960685,0.32444299901143603,True,2,0.25443207126948775,0.1253643016226536,0.2897757847533632,0.8497757847533632,0.6531070379644168,0.36333125321105364,True,2,0.23329771190587956,0.1685506549539229
0.5025093370681606,51,0.36646533613445376,0.8370535714285714,0.6204265510442211,0.2539612149097673,True,3,0.28120623249299714,0.13604400093370683,0.30266578541528966,0.851685393258427,0.6167115305812767,0.31404574516598704,True,3,0.34500578321216124,0.19984355165287093
0.47146225947724085,54,0.3774864752392842,0.8404494382022472,0.6097379971011541,0.23225152186186987,True,3,0.24655291996115963,0.09397578423795666,0.2766046589576001,0.8506787330316742,0.6054776653522427,0.32887300639464256,True,4,0.3091007093320378,0.19485760051964074
0.4335452600534248,53,0.36686690921397747,0.8385650224215246,0.6193171584042916,0.2524502491903141,True,3,0.2568040161322165,0.06667835083944734,0.2936590436590436,0.8513513513513513,0.6156279418499291,0.3219688981908855,True,3,0.33001188168715034,0.1398862163943812
0.4733396966804539,50,0.3774164810690423,0.8374164810690423,0.5807886757949157,0.20337219472587337,True,4,0.23500000000000004,0.0959232156114116,0.26753363228699556,0.8475336322869955,0.5813467225828957,0.3138130902959001,True,3,0.32621543972488265,0.20580606439345833
0.42733235613578124,62,0.3052705396028641,0.8375286041189931,0.5801231401606501,0.27485260055778604,True,2,0.20978814497674758,0.12206181653291714,0.21889400921658986,0.847926267281106,0.5764507614218872,0.35755675220529737,True,2,0.21976399624587417,0.2084383469191914
0.47547330972324625,53,0.36686690921397747,0.8385650224215246,0.6353949868125741,0.26852807759859665,True,3,0.2708774007953296,0.10860640050926879,0.3061033263767622,0.8532731376975169,0.6328051261642114,0.3267017997874492,True,3,0.3316409836325449,0.16936998334648407
0.4648278148278147,55,0.3469287469287469,0.8378378378378378,0.633270143134967,0.28634139620622007,True,3,0.22579852579852583,0.11789906789906779,0.24807256235827668,0.8480725623582767,0.6288153968552845,0.38074283449700785,True,2,0.28734922306350874,0.21675525246953803
0.42904616690682845,58,0.3390022675736961,0.8390022675736961,0.5850450983549766,0.24604283078128053,True,3,0.23986759454739748,0.09004389933313234,0.28491576129743346,0.8538812785388128,0.5832902006873715,0.298374439389938,True,3,0.24977550984703967,0.144130405609395
0.43114757346967075,54,0.3359550561797753,0.8359550561797753,0.6598300285277823,0.323874972348007,True,2,0.26344153141905946,0.09519251728989547,0.2766046589576001,0.8506787330316742,0.6556207045911933,0.37901604563359315,True,2,0.25747773804614527,0.15454291451207064
0.4713585746102449,50,0.3551893095768375,0.8351893095768375,0.634239458058627,0.27905014848178955,True,3,0.2607869339272456,0.11616926503340741,0.2990914486600009,0.8501118568232662,0.6328578117575248,0.33376636309752383,True,3,0.31688479484408216,0.17226712595024396
0.4844445263908351,52,0.3344519015659956,0.8344519015659956,0.594175302754437,0.2597234011884414,True,4,0.2612932369643778,0.1499926248248395,0.2506930006930007,0.8468468468468469,0.595189943508037,0.3444969428150363,True,3,0.3395811919301852,0.23375152569783436
0.3937241563291983,51,0.3446253501400561,0.8348214285714286,0.6774760922377805,0.3328507420977244,True,2,0.3279061624649859,0.04909880618914225,0.2897757847533632,0.8497757847533632,0.665881317565657,0.37610553281229386,True,0,,0.10394837157583514
0.45993302023264576,54,0.3774864752392842,0.8404494382022472,0.6097045203228322,0.23221804508354799,True,0,,0.08244654499336157,0.2973856209150326,0.8529411764705882,0.6046734176176476,0.30728779670261497,True,0,,0.16254739931761314
0.43999168384134224,60,0.3784358390280942,0.8451025056947609,0.6275311686132525,0.24909532958515834,True,1,0.2521640091116173,0.06155584481324805,0.2319571865443425,0.8486238532110092,0.6259864335856795,0.394029247041337,True,0,,0.20803449729699974
0.47868537344192774,54,0.2944236371202663,0.8314606741573034,0.5670729370905176,0.27264929997025134,True,1,0.28614232209737833,0.18426173632166143,0.2766046589576001,0.8506787330316742,0.5632776974147875,0.2866730384571874,True,1,0.1733329190698656,0.20208071448432763
0.4593875336909392,57,0.32833214257362864,0.8371040723981901,0.6064568834387414,0.27812474086511274,True,3,0.2441057394617766,0.13105539111731057,0.27298885025776287,0.8519362186788155,0.6030709467885176,0.3300820965307547,True,3,0.2405725797123358,0.18639868343317634
0.403888766600631,59,0.3301617873651772,0.8386363636363636,0.5797087047327096,0.24954691736753243,True,2,0.28690292758089364,0.0737269792354538,0.21956327812899978,0.8466819221967964,0.5776654855398569,0.3581022074108571,True,1,0.3886031317323253,0.18432548847163122
0.40825159027406227,54,0.3774864752392842,0.8404494382022472,0.6042419128875758,0.2267554376482916,True,0,,0.03076511503477808,0.22160228289109418,0.8442437923250564,0.6015586547896956,0.37995637189860143,True,0,,0.1866493073829681
0.44631077349198156,52,0.39885561865427643,0.8411633109619687,0.6087682918332509,0.20991267317897444,True,1,0.10376871450696945,0.04745515483770513,0.2721760221760222,0.8490990990990991,0.6059884414945977,0.3338124193185755,True,1,0.23044831098522367,0.17413475131595935
0.4285368775049524,56,0.39781522089648497,0.8442437923250564,0.6222275412109068,0.22441232031442188,True,2,0.25133021605933575,0.03072165660846743,0.3009740259740259,0.8545454545454545,0.616613759212453,0.3156397332384271,True,3,0.30181539679282354,0.1275628515309265
0.40855602264998236,52,0.37738771295818274,0.8389261744966443,0.6543877704892336,0.27700005753105084,True,1,0.1681724315952503,0.031168309691799623,0.2936590436590436,0.8513513513513513,0.6535005120115813,0.3598414683525377,True,1,0.25190110089438944,0.11489697899093876
0.4457532060967208,53,0.34575683221930786,0.8363228699551569,0.6309559293992204,0.28519909717991254,True,3,0.349521956172265,0.09999637387741295,0.2292099792099792,0.8445945945945946,0.6244609569601498,0.3952509777501706,True,2,0.47345099041520056,0.2165432268867416
0.42684195574392286,56,0.3575862624959691,0.8397291196388262,0.6094681713426771,0.25188190884670797,True,2,0.1766164140599807,0.06925569324795378,0.3211038961038961,0.8568181818181818,0.607913095413164,0.28680919930926785,True,2,0.21309878045205366,0.10573805964002675
0.42348499310637394,50,0.3774164810690423,0.8374164810690423,0.6309839964968322,0.25356751542778994,True,2,0.26781737193763927,0.046068512037331644,0.26753363228699556,0.8475336322869955,0.6295616708366705,0.3620280385496749,True,2,0.377700220719686,0.15595136081937838
0.4508107983599762,56,0.33747178329571104,0.837471783295711,0.6243991435300895,0.2869273602343785,True,2,0.2442558851983232,0.11333901506426514,0.2607142857142857,0.85,0.6194385691784472,0.3587242834641615,True,1,0.2912447597549179,0.1900965126456905
0.4577466475095786,64,0.36160201149425286,0.8459770114942529,0.5813934258569833,0.21979141436273042,True,3,0.2535201149425287,0.09614463601532575,0.2490193922064592,0.8521939953810623,0.5786231972604501,0.3296038050539909,True,2,0.3674137974487133,0.20872725530311942
0.4498299319727891,56,0.3575862624959691,0.8397291196388262,0.6221866869165469,0.2646004244205778,True,3,0.2935880898634848,0.09224366947682,0.2685219542362399,0.8503401360544217,0.6162570686120183,0.3477351143757784,True,1,0.3413216446028443,0.18130797773654916
0.3789846025801082,54,0.3982521847690387,0.8426966292134831,0.6150506607999322,0.21679847603089353,True,2,0.17089055347482318,-0.019267582188930488,0.2766046589576001,0.8506787330316742,0.6109409228880383,0.33433626393043814,True,2,0.29253807928626174,0.10237994362250807
0.4348295323527522,57,0.38775105183773917,0.8438914027149321,0.6305099431932017,0.24275889135546258,True,1,0.24847185837897912,0.04707848051501301,0.27298885025776287,0.8519362186788155,0.6265455098051067,0.35355665954734383,True,1,0.18660470376303578,0.1618406820949893
0.37627568713711035,54,0.4190178942987932,0.8449438202247191,0.5226838894808727,0.10366599518207953,True,2,0.16050769870994586,-0.042742207161682866,0.31816658287246513,0.8552036199095022,0.5220686269686987,0.20390204409623358,True,2,0.26135901013627394,0.05810910426464522
0.4426205150781422,59,0.3301617873651772,0.8386363636363636,0.5713446023107966,0.24118281494561944,True,3,0.25499486389316905,0.112458727712965,0.25803824225264715,0.851258581235698,0.5688739158829477,0.3108356736303005,True,2,0.3163261645270138,0.18458227282549505
0.41040656892251787,53,0.36686690921397747,0.8385650224215246,0.5946129189239651,0.2277460097099876,True,3,0.30606086245311237,0.0435396597085404,0.2849780655053452,0.8510158013544018,0.592488543919897,0.3075104784145518,True,3,0.3879497061617446,0.12542850341717265
0.4384918867324212,50,0.3774164810690423,0.8374164810690423,0.624228951839124,0.24681247077008167,True,1,0.21559020044543425,0.06107540566337888,0.2897757847533632,0.8497757847533632,0.6242078474095707,0.3344320626562075,True,2,0.26550261168316236,0.148716101979058
0.4234777244231025,51,0.3446253501400561,0.8348214285714286,0.624120985480705,0.279495635340649,True,1,0.170737044817927,0.07885237428304642,0.258955717118308,0.8471910112359551,0.621841086678113,0.362885369559805,True,1,0.2564066778396751,0.1645220073047945
0.4049803796797115,50,0.3329621380846325,0.8329621380846325,0.6333498616379223,0.3003877235532898,True,1,0.29100222717149216,0.07201824159507902,0.2897757847533632,0.8497757847533632,0.6306092247734703,0.34083344002010707,True,0,,0.11520459492634832
0.4383094707816311,50,0.3551893095768375,0.8351893095768375,0.6283782422003883,0.2731889326235508,True,1,0.23781737193763908,0.08312016120479365,0.2897757847533632,0.8497757847533632,0.6268326294694897,0.3370568447161265,True,2,0.26550261168316236,0.14853368602826794
0.4237869612689818,53,0.38797698620864707,0.8408071748878924,0.6245759389387513,0.23659895273010423,True,2,0.2724638294271935,0.03580997506033473,0.2849780655053452,0.8510158013544018,0.6205913848347557,0.3356133193294105,True,2,0.37546275013049535,0.13880889576363659
0.39236958891908913,56,0.31735730409545304,0.835214446952596,0.6041866008438554,0.2868292967484024,True,3,0.28516338815435893,0.07501228482363609,0.2808441558441559,0.8522727272727273,0.6054055307591346,0.3245613749149787,True,4,0.28850847234030075,0.11152543307493323
0.4269699862127479,50,0.3996436525612472,0.8396436525612472,0.6905847632682551,0.29094111070700795,True,3,0.2355753526354864,0.027326333651500723,0.26753363228699556,0.8475336322869955,0.6866728738297647,0.41913924154276916,True,3,0.367685372909738,0.15943635392575234
0.47137342242019303,50,0.3551893095768375,0.8351893095768375,0.57951092481769,0.22432161524085248,True,4,0.24169265033407572,0.11618411284335556,0.3565022421524664,0.8565022421524664,0.5792978913005498,0.22279564914808336,True,5,0.21117704515265612,0.11487118026772664
0.43400902027477656,51,0.38830532212885155,0.8392857142857143,0.6388720676266302,0.25056674549777863,True,2,0.1909795168067227,0.04570369814592501,0.2808107512667989,0.849438202247191,0.6348066514596638,0.35399590019286487,True,2,0.29847408766877537,0.15319826900797767
0.4587286814209566,53,0.38797698620864707,0.8408071748878924,0.6394373310782377,0.2514603448695907,True,1,0.3629748709704713,0.0707516952123095,0.26385280463392824,0.8487584650112867,0.6341815604827321,0.37032875584880387,True,1,0.48709905254519015,0.19487587678702833
0.43168977914740625,59,0.3301617873651772,0.8386363636363636,0.5910387235699797,0.26087693620480246,True,4,0.2570300462249615,0.10152799178222904,0.2388007601908234,0.8489702517162472,0.5885286817638842,0.34972792157306076,True,3,0.35468922440085604,0.19288901895658284
0.45251616392555993,52,0.3344519015659956,0.8344519015659956,0.6006725909625654,0.26622068939656984,True,3,0.24657259221017602,0.11806426235956435,0.2721760221760222,0.8490990990990991,0.5997494758440878,0.32757345366806556,True,2,0.29328173036226723,0.18034014174953772
0.4144070583699067,57,0.3481384456616655,0.8393665158371041,0.5983274355813712,0.25018898991970573,True,4,0.26754385964912275,0.06626861270824119,0.2531670862806219,0.8496583143507973,0.5959770863919545,0.34281000011133256,True,4,0.3233094557531957,0.1612399720892848
0.49947144578017066,52,0.37738771295818274,0.8389261744966443,0.6082897444629061,0.23090203150472333,True,3,0.194401422589342,0.12208373282198792,0.3151420651420652,0.8536036036036037,0.6037411997298956,0.2885991345878304,True,4,0.23701117870580946,0.18432938063810544
0.40144325720362584,65,0.3179369018078695,0.8410138248847926,0.5095260066972478,0.1915891048893783,True,2,0.27265154200638075,0.08350635539575635,0.21841870426557208,0.8491879350348028,0.50729424099901,0.2888755367334379,True,2,0.37216973954867816,0.18302455293805375
0.4172771672771673,52,0.3344519015659956,0.8344519015659956,0.5999449120285805,0.2654930104625849,True,3,0.24627143922445927,0.08282526571117171,0.2936590436590436,0.8513513513513513,0.5908252174389474,0.29716617377990384,True,3,0.2402708593983761,0.12361812361812369
0.4617175617175617,55,0.38779688779688776,0.8423423423423423,0.6313934642585073,0.24359657646161953,True,1,0.14062244062244061,0.07392067392067392,0.2889713461142033,0.8526077097505669,0.6296479814037585,0.3406766352895553,True,1,0.2394479823051251,0.1727462156033584
0.4759147311485841,50,0.3774164810690423,0.8374164810690423,0.6699381152383928,0.29252163416935045,True,1,0.3622271714922049,0.09849825007954183,0.26753363228699556,0.8475336322869955,0.6671698759426907,0.39963624365569517,True,1,0.47211002027425164,0.20838109886158857
0.43298361011071096,51,0.3446253501400561,0.8348214285714286,0.6180236622173769,0.27339831207732085,True,1,0.23306197478991592,0.08835825997065488,0.30266578541528966,0.851685393258427,0.6158627533269976,0.3131969679117079,True,1,0.27502153951468233,0.1303178246954213
0.4156819156819157,55,0.3469287469287469,0.8378378378378378,0.5776892047611932,0.2307604578324463,True,4,0.2493959868959869,0.06875316875316878,0.2766046589576001,0.8506787330316742,0.5746118094930033,0.29800715053540316,True,3,0.3163382839853429,0.1390772567243156
0.42396211085349667,54,0.31518934665002085,0.8337078651685393,0.6049247867575218,0.28973544010750096,True,3,0.33090581217922044,0.10877276420347581,0.2558236970001676,0.8484162895927602,0.6021792445588114,0.34635554755864384,True,2,0.41265320686999474,0.16813841385332906
0.476591367059073,50,0.3551893095768375,0.8351893095768375,0.6207618988366419,0.2655725892598044,True,3,0.2496362286562731,0.12140205748223554,0.3120179372197309,0.852017937219731,0.6188900324405253,0.3068720952207944,True,4,0.2654319514216945,0.1645734298393421
0.43622456174279506,53,0.36686690921397747,0.8385650224215246,0.6435091703141578,0.2766422611001803,True,3,0.272061934173788,0.06935765252881759,0.2849780655053452,0.8510158013544018,0.6396657588457644,0.35468769334041916,True,3,0.35395077788242024,0.15124649623744985
0.41223484467678706,58,0.3390022675736961,0.8390022675736961,0.6481038099094016,0.3091015423357055,True,4,0.3018414262256628,0.07323257710309095,0.20681782396472992,0.8447488584474886,0.6451422649440346,0.4383244409793047,True,3,0.4405614342519668,0.20541702071205714
0.3986172066667423,57,0.36794474874970234,0.8416289592760181,0.6115432804697605,0.24359853172005813,True,3,0.2252388134741075,0.03067245791703993,0.29281061423490395,0.8542141230068337,0.6035349920745698,0.3107243778396659,True,2,0.2689501224484334,0.10580659243183832
0.4754833822859884,53,0.30353667822996866,0.8318385650224215,0.5788411229455961,0.2753044447156274,True,3,0.272061934173788,0.17194670405601975,0.26385280463392824,0.8487584650112867,0.5776279019676402,0.313775097333712,True,3,0.3117458077698284,0.21163057765206017
0.4261936893515842,57,0.30852583948559187,0.834841628959276,0.5611331457721449,0.25260730628655303,True,2,0.22836786536476938,0.11766784986599232,0.27298885025776287,0.8519362186788155,0.5632263616218394,0.2902375113640765,True,1,0.24380086157838865,0.15320483909382132
0.44499930642252733,54,0.3774864752392842,0.8404494382022472,0.6429309837118264,0.26544450847254225,True,1,0.24074074074074076,0.06751283118324314,0.2973856209150326,0.8529411764705882,0.6390581212247541,0.3416725003097215,True,1,0.3208415950649923,0.1476136855074947
0.4099060894362907,52,0.37738771295818274,0.8389261744966443,0.5790062787203847,0.20161856576220194,True,1,0.14356393047668214,0.03251837647810796,0.2721760221760222,0.8490990990990991,0.5765563233641569,0.30438030118813464,True,1,0.24877562125884267,0.13773006726026849
0.4152576010161149,57,0.30852583948559187,0.834841628959276,0.6035603442444657,0.29503450475887383,True,5,0.288060649360959,0.10673176153052305,0.2607142857142857,0.85,0.5990569140352964,0.3383426283210107,True,3,0.33585632633620255,0.15454331530182924
0.41636914359423227,56,0.33747178329571104,0.837471783295711,0.6297523035010784,0.2922805202053673,True,2,0.2731981618832635,0.07889736029852124,0.2808441558441559,0.8522727272727273,0.6228899911172157,0.34204583527305976,True,1,0.32899944299492834,0.13552498775007638
0.41322716650370644,63,0.3701397990388816,0.8463302752293578,0.6768386410021936,0.306698841963312,True,2,0.2440112130479103,0.04308736746482483,0.2308369075112724,0.8498845265588915,0.6733417038755167,0.44250479636424433,True,2,0.3833141045755195,0.18239025899243405
0.3676852347264332,54,0.3774864752392842,0.8404494382022472,0.6249652022177559,0.24747872697847167,True,4,0.29894923012900537,-0.009801240512850973,0.23504273504273498,0.8461538461538461,0.6210732053430856,0.38603047030035065,True,2,0.44381702359230457,0.13264249968369823
0.44509259685815633,56,0.377700741696227,0.8419864559819413,0.6517122825461437,0.27401154084991663,True,2,0.2590293453724606,0.0673918551619293,0.2685219542362399,0.8503401360544217,0.6482867203984641,0.3797647661622242,True,2,0.3682081328324477,0.1765706426219164
0.49203521052073396,50,0.3551893095768375,0.8351893095768375,0.6470660199695759,0.29187671039273844,True,2,0.33336302895322933,0.13684590094389648,0.26753363228699556,0.8475336322869955,0.6408997182800027,0.37336608599300714,True,2,0.42101870624307125,0.2245015782337384
0.37460515625309626,54,0.31518934665002085,0.8337078651685393,0.6108870006522493,0.29569765400222847,True,2,0.26429463171036205,0.05941580960307541,0.2558236970001676,0.8484162895927602,0.6051737507795489,0.34935005377938133,True,1,0.301812590973199,0.11878145925292866
0.46281259942729874,50,0.42187082405345216,0.8418708240534521,0.6132845662194146,0.19141374216596246,True,2,0.23331848552338524,0.04094177537384658,0.2897757847533632,0.8497757847533632,0.613212311730944,0.32343652697758085,True,2,0.3654135248234742,0.17303681467393556
0.4918209778343409,50,0.3551893095768375,0.8351893095768375,0.6422381492234019,0.28704883964656447,True,2,0.27550111358574614,0.13663166825750345,0.26753363228699556,0.8475336322869955,0.6361048763571131,0.36857124407011754,True,1,0.3476556772898419,0.22428734554734536
0.4251337774827708,52,0.39885561865427643,0.8411633109619687,0.6726167921853556,0.2737611735310792,True,3,0.2268972638100154,0.02627815882849438,0.2936590436590436,0.8513513513513513,0.6680589159492034,0.3743998722901598,True,4,0.3043339868004298,0.1314747338237272
0.3944023433301086,56,0.39781522089648497,0.8442437923250564,0.6521869735308243,0.25437175263433937,True,2,0.277914382457272,-0.003412877566376371,0.22045454545454546,0.8454545454545455,0.6514272613548737,0.43097271590032826,True,2,0.4552750578992115,0.17394779787556314
0.4837726757369615,51,0.3227853641456583,0.8325892857142857,0.5946610909445393,0.27187572679888106,True,1,0.28422619047619047,0.1609873115913032,0.3120179372197309,0.852017937219731,0.5924080699717762,0.2803901327520453,True,0,,0.17175473851723055
0.44077939212167394,52,0.3559198072620891,0.8366890380313199,0.5852565764979816,0.22933676923589247,True,1,0.24999999999999994,0.08485958485958484,0.2721760221760222,0.8490990990990991,0.5841251688916111,0.31194914671558893,True,2,0.2666727129814377,0.16860336994565173
0.42440944564643696,53,0.36686690921397747,0.8385650224215246,0.7077697690384728,0.3409028598244953,True,3,0.31433849451448237,0.05754253643245949,0.26385280463392824,0.8487584650112867,0.6993154662267393,0.4354626615928111,True,2,0.4388081649912515,0.16055664101250872
0.4436459814856401,61,0.31330937944456916,0.8378995433789954,0.5783739513426704,0.2650645718981013,True,1,0.2546223519724531,0.13033660204107095,0.2509174311926605,0.8509174311926605,0.5782418085235963,0.3273243773309358,True,1,0.3170143002243617,0.19272855029297958
0.3370283779425992,56,0.377700741696227,0.8419864559819413,0.622581941865608,0.24488120016938097,True,3,0.29755186498978825,-0.040672363753627816,0.24807256235827668,0.8480725623582767,0.6178632242479472,0.36979066188967047,True,2,0.43894372271105575,0.08895581558432253
0.4358972755768975,51,0.3446253501400561,0.8348214285714286,0.6425873078964086,0.29796195775635254,True,2,0.21281950280112033,0.09127192543684143,0.30266578541528966,0.851685393258427,0.6366633718021326,0.33399758638684296,True,3,0.23735230515427153,0.13323149016160785
0.4039787515538093,66,0.3278046049408636,0.8429561200923787,0.595605690436738,0.26780108549587434,True,3,0.24285580983040567,0.07617414661294569,0.27153310726396573,0.8561484918793504,0.5863067886648041,0.3147736814008384,True,3,0.2420904259900526,0.13244564428984357
0.4770723104056437,54,0.3359550561797753,0.8359550561797753,0.6487720722943933,0.312817016114618,True,3,0.2564433347204882,0.1411172542258684,0.23504273504273498,0.8461538461538461,0.64505467071479,0.41001193567205496,True,2,0.3528890169339608,0.2420295753629087
0.4579206682673069,51,0.38830532212885155,0.8392857142857143,0.6658818626499565,0.277576540521105,True,2,0.2411151960784314,0.06961534613845533,0.258955717118308,0.8471910112359551,0.6607894881560918,0.40183377103778384,True,2,0.37046480108897495,0.19896495114899887
0.4174791324575808,64,0.3257543103448276,0.8413793103448276,0.6095588824680456,0.28380457212321797,True,3,0.27758620689655167,0.09172482211275318,0.2065972222222222,0.8472222222222222,0.6059131812357657,0.39931595901354344,True,3,0.39674329501915706,0.21088191023535857
0.45663192139702213,52,0.3559198072620891,0.8366890380313199,0.6821920250056772,0.3262722177435881,True,3,0.29741008432283605,0.10071211413493303,0.2721760221760222,0.8490990990990991,0.6734069109302938,0.4012308887542716,True,3,0.38115386940890295,0.18445589922099992
0.4114300477701969,62,0.36052262493541,0.8443935926773455,0.5953823001387892,0.23485967520337925,True,4,0.21253783125415227,0.05090742283478694,0.2440173355944978,0.8505747126436781,0.5934591900642991,0.34944185446980136,True,3,0.3191331774342171,0.16741271217569914
0.4816578632468301,53,0.32464675522463826,0.8340807174887892,0.6094284691311209,0.28478171390648266,True,4,0.26569506726457404,0.15701110802219181,0.24272754376251116,0.8465011286681715,0.6080363602970382,0.36530881653452707,True,4,0.34761427872670114,0.23893031948431892
0.419156609793314,54,0.35672076570952976,0.8382022471910112,0.6686534216068729,0.31193265589734315,True,4,0.2922492717436537,0.06243584408378422,0.2849780655053452,0.8510158013544018,0.6602748772197646,0.3752968117144194,True,4,0.3639919719478383,0.13417854428796877
0.44606971110387966,60,0.3784358390280942,0.8451025056947609,0.598531838638563,0.22009599961046877,True,5,0.24997722095671981,0.06763387207578547,0.21299694189602447,0.8463302752293578,0.5978517999400892,0.3848548580440647,True,5,0.41541611808878953,0.2330727692078552
0.4252373013982921,57,0.3481384456616655,0.8393665158371041,0.5886146217914296,0.24047617612976413,True,2,0.23344844010478683,0.07709885573662656,0.27298885025776287,0.8519362186788155,0.5903464493039934,0.3173575990462305,True,3,0.26133149056412597,0.1522484511405292
0.44640576943472265,50,0.3551893095768375,0.8351893095768375,0.6475269346358234,0.292337625058986,True,2,0.29999999999999993,0.09121645985788518,0.3120179372197309,0.852017937219731,0.6474051963637169,0.3353872591439859,True,3,0.2898825824536172,0.13438783221499173
0.4120944015016504,62,0.36052262493541,0.8443935926773455,0.6099850568288883,0.24946243189347828,True,3,0.27648187790654766,0.0515717765662404,0.2373271889400922,0.8502304147465438,0.6054787183483166,0.3681515294082244,True,4,0.3483190796064495,0.1747672125615582
0.4756298352674403,51,0.3446253501400561,0.8348214285714286,0.6172401905824914,0.2726148404424353,True,1,0.2767419467787114,0.13100448512738422,0.258955717118308,0.8471910112359551,0.6147650915244278,0.3558093744061198,True,1,0.36241157980045946,0.2166741181491323
0.39176710640468554,58,0.3390022675736961,0.8390022675736961,0.5358863044057243,0.19688403683202815,True,2,0.16991164281804672,0.052764838830989425,0.2653912769642577,0.8515981735159818,0.538634956836975,0.27324367987271736,True,2,0.24352263342748515,0.12637582944042786
0.45949669161514256,60,0.3594912680334093,0.8428246013667426,0.6215191942388336,0.2620279262054243,True,1,0.37805618830675775,0.10000542358173325,0.26987767584097855,0.8532110091743119,0.6173812527327351,0.3475035768917566,True,2,0.3237821571127041,0.189619015774164
0.481609310390823,51,0.38830532212885155,0.8392857142857143,0.6244243898224355,0.23611906769358398,True,4,0.24454000350140054,0.09330398826197145,0.26753363228699556,0.8475336322869955,0.6216299051839966,0.3540962728970011,True,3,0.35208296435165987,0.21407567810382744
0.4758510976773784,50,0.3551893095768375,0.8351893095768375,0.635083911179402,0.2798946016025645,True,3,0.23559020044543422,0.1206617881005409,0.26753363228699556,0.8475336322869955,0.6315464709864287,0.36401283869943313,True,3,0.32324587773527613,0.20831746539038282
0.39292695731823113,58,0.3780201735866761,0.8435374149659864,0.6873225265060317,0.30930235291935554,True,1,0.2432168269606692,0.014906783731555018,0.2653912769642577,0.8515981735159818,0.6819981058487574,0.41660682888449974,True,0,,0.12753568035397345
0.41992788206596676,50,0.3329621380846325,0.8329621380846325,0.585714849302446,0.2527527112178135,True,2,0.27113585746102453,0.08696574398133428,0.2990914486600009,0.8501118568232662,0.5826033255375975,0.2835118768775966,True,2,0.3050065468856561,0.12083643340596584
0.40552550304872287,57,0.36794474874970234,0.8416289592760181,0.6339348223999037,0.2659900736502014,True,2,0.31408271810748595,0.037580754299020525,0.2808441558441559,0.8522727272727273,0.62834858491268,0.3475044290685241,True,2,0.4011833110130324,0.12468134720456697
0.4220668899567983,63,0.35197320518421443,0.8440366972477065,0.5635428432058758,0.21156963802166134,True,4,0.25392274646861795,0.07009368477258388,0.292626728110599,0.8571428571428571,0.5570986887637388,0.2644719606531398,True,3,0.306616027095459,0.12944016184619933
0.39566182247392656,58,0.3194933145672062,0.8367346938775511,0.6027207618333135,0.28322744726610727,True,2,0.24523027601845337,0.07616850790672036,0.2653912769642577,0.8515981735159818,0.5989229103953226,0.33353163343106496,True,2,0.2993323136214019,0.13027054550966888
0.40750750750750747,55,0.38779688779688776,0.8423423423423423,0.6366122766325346,0.24881538883564686,True,3,0.3101146601146602,0.019710619710619715,0.2973856209150326,0.8529411764705882,0.6299273812037236,0.332541760288691,True,1,0.4608043872749755,0.11012188659247485
0.41504412813137653,52,0.3559198072620891,0.8366890380313199,0.5715742994175423,0.21565449215545324,True,1,0.2991739803820342,0.05912432086928743,0.2506930006930007,0.8468468468468469,0.5697850487620499,0.31909204806904923,True,0,,0.16435112743837582
0.4572547508988186,59,0.38782742681047766,0.8454545454545455,0.6127548742786058,0.2249274474681281,True,3,0.1909219311761684,0.06942732408834096,0.2772757243144708,0.8535469107551488,0.6076279654610968,0.330352241146626,True,2,0.26825586274254,0.17997902658434783
0.42229929738726363,58,0.3585112205801861,0.8412698412698413,0.6098379141305506,0.25132669355036447,True,3,0.26285610029452394,0.06378807680707754,0.29281061423490395,0.8542141230068337,0.6057744539777516,0.3129638397428477,True,3,0.2778751313276888,0.12948868315235967
0.37776390622832573,54,0.3774864752392842,0.8404494382022472,0.6168030418721377,0.23931656663285356,True,2,0.28901373283395765,0.0002774309890415383,0.26385280463392824,0.8487584650112867,0.6128532522849621,0.3490004476510339,True,2,0.4026474034393136,0.11391110159439749
0.3828719751538543,52,0.3344519015659956,0.8344519015659956,0.6273887228865469,0.2929368213205513,True,3,0.2698187345838352,0.048420073587858714,0.2721760221760222,0.8490990990990991,0.6237672013866851,0.35159117921066285,True,1,0.2948520280735045,0.11069595297783208
0.39819862287922186,53,0.38797698620864707,0.8408071748878924,0.6336446292036158,0.24566764299496868,True,1,0.22548438954226246,0.010221636670574796,0.26385280463392824,0.8487584650112867,0.6321506929173983,0.3682978882834701,True,1,0.3496085711169813,0.13434581824529362
0.4462983344339277,59,0.2917180277349769,0.8340909090909091,0.5385323642825943,0.24681433654761742,True,2,0.2542372881355932,0.1545803066989508,0.21956327812899978,0.8466819221967964,0.5398637920778335,0.32030051394883374,True,3,0.2846996905407485,0.2267350563049279
0.46132008107983596,56,0.39781522089648497,0.8442437923250564,0.613369387958588,0.215554167062103,True,1,0.07840212834569493,0.063504860183351,0.2607142857142857,0.85,0.6120834849362367,0.351369199221951,True,1,0.21550306352789422,0.2006057953655503
0.44059124059124066,55,0.3469287469287469,0.8378378378378378,0.6084174692506878,0.2614887223219409,True,4,0.2442874692874693,0.09366249366249374,0.2685219542362399,0.8503401360544217,0.6014502427743653,0.3329282885381254,True,3,0.3176096318953462,0.17206928635500074
0.46053742345877186,54,0.3359550561797753,0.8359550561797753,0.6228567308727002,0.28690167469292494,True,2,0.26344153141905946,0.12458236727899658,0.2558236970001676,0.8484162895927602,0.6212581189728383,0.36543442197267073,True,2,0.26787584523870045,0.20471372645860425
0.43941112207366073,57,0.3481384456616655,0.8393665158371041,0.6246936897980113,0.2765552441363458,True,3,0.27240612844328005,0.09127267641199521,0.2808441558441559,0.8522727272727273,0.6186037681586924,0.33775961231453655,True,2,0.3516675532929403,0.15856696622950484
0.40047937214975077,50,0.3774164810690423,0.8374164810690423,0.7103752634738569,0.33295878240481463,True,2,0.26668151447661465,0.02306289108070847,0.23115554946810934,0.843400447427293,0.7040216700551873,0.472866120587078,True,2,0.4129424460775476,0.16932382268164142
0.4676376751283119,54,0.3359550561797753,0.8359550561797753,0.6296021570835411,0.2936471009037658,True,5,0.2645276737411568,0.1316826189485366,0.2766046589576001,0.8506787330316742,0.6257644195780543,0.3491597606204542,True,3,0.3163902085691026,0.19103301617071178
0.36611576798842715,54,0.35672076570952976,0.8382022471910112,0.6296457498578851,0.27292498414835537,True,1,0.2615064502704952,0.00939500227889739,0.2766046589576001,0.8506787330316742,0.6230536586158371,0.34644899965823694,True,1,0.34162255702242483,0.08951110903082704
0.4915257769774576,51,0.36646533613445376,0.8370535714285714,0.6551384946149286,0.2886731584804748,True,3,0.2749912464985995,0.12506044084300383,0.30266578541528966,0.851685393258427,0.6512373967683143,0.3485716113530246,True,3,0.3387907972177636,0.18885999156216793
0.4236949835613532,50,0.3551893095768375,0.8351893095768375,0.6521606657921697,0.2969713562153322,True,0,,0.06850567398451574,0.24529147982062782,0.8452914798206278,0.6453338730717886,0.40004239325116075,True,0,,0.1784035037407254
0.4350177357667994,54,0.35672076570952976,0.8382022471910112,0.577196992301281,0.2204762265917512,True,2,0.19165626300457766,0.07829697005726965,0.31816658287246513,0.8552036199095022,0.577271325610456,0.2591047427379909,True,3,0.21124110196593138,0.11685115289433429
0.42898525784431835,52,0.37738771295818274,0.8389261744966443,0.6347076261648552,0.25731991320667247,True,2,0.2889132679401135,0.051597544886135605,0.2936590436590436,0.8513513513513513,0.629083490872731,0.33542444721368736,True,2,0.37264193723925265,0.13532621418527474
0.43174114021571647,59,0.36860554699537745,0.8431818181818181,0.6055343026367281,0.23692875564135069,True,2,0.16906779661016952,0.06313559322033901,0.25803824225264715,0.851258581235698,0.6037141957851118,0.3456759535324646,True,2,0.2796351013528998,0.1737028979630693
0.454297508477075,57,0.36794474874970234,0.8416289592760181,0.6262609756829298,0.2583162269332275,True,3,0.2556164166071287,0.08635275972737266,0.27298885025776287,0.8519362186788155,0.622373381556494,0.34938453129873115,True,2,0.3442414426691245,0.18130865821931214
0.4715469521141789,51,0.41014530812324923,0.8415178571428571,0.6212150924063446,0.21106978428309542,True,0,,0.06140164399092968,0.258955717118308,0.8471910112359551,0.6183857387512903,0.3594300216329823,True,0,,0.2125912349958709
0.48255941676068353,58,0.3194933145672062,0.8367346938775511,0.5812820896075119,0.26178877504030573,True,4,0.27620415982484947,0.16306610219347734,0.2263423082979058,0.8470319634703196,0.5783714263344466,0.3520291180365408,True,3,0.3673449750445499,0.25621710846277773
0.3836972712335499,56,0.31735730409545304,0.835214446952596,0.6317059976175483,0.31434869352209527,True,3,0.28099806514027736,0.06633996713809687,0.24058441558441568,0.8477272727272728,0.6273354195534089,0.3867510039689932,True,1,0.3314891090850458,0.14311285564913423
0.4446544993361473,54,0.35672076570952976,0.8382022471910112,0.6363518720939805,0.2796311063844507,True,2,0.24352892218060757,0.08793373362661755,0.21426177308530248,0.8438914027149321,0.633818658738428,0.41955688565312554,True,1,0.34337451488806414,0.23039272625084484
0.5024634853941576,51,0.3446253501400561,0.8348214285714286,0.6082148233571605,0.2635894732171044,True,2,0.26295518207282903,0.15783813525410156,0.30266578541528966,0.851685393258427,0.606956397477179,0.30429061206188934,True,3,0.26349609600394464,0.19979769997886798
0.4096196261344326,60,0.30265755504935465,0.835990888382688,0.5801384010912796,0.2774808460419249,True,2,0.2500569476082004,0.10696207108507794,0.2509174311926605,0.8509174311926605,0.5781172767631078,0.32719984557044723,True,2,0.30179707146489454,0.15870219494177207
0.39198950766747376,59,0.31093990755007694,0.8363636363636363,0.5596934688286712,0.24875356127859427,True,5,0.24357473035439137,0.08104960011739681,0.2388007601908234,0.8489702517162472,0.5580896599989686,0.31928889980814523,True,3,0.31293267586464646,0.15318874747665034
0.5176052603669531,50,0.3551893095768375,0.8351893095768375,0.6092625004389283,0.2540731908620908,True,2,0.2866146993318486,0.16241595079011562,0.26753363228699556,0.8475336322869955,0.6079885836322148,0.3404549513452192,True,1,0.3698828487820468,0.25007162807995753
0.4358195629325769,62,0.36052262493541,0.8443935926773455,0.6412731449478253,0.2807505200124153,True,2,0.228205506754263,0.07529693799716691,0.20046082949308752,0.8456221198156681,0.6404028946203821,0.4399420651272946,True,2,0.38826730219658545,0.23535873343948938
0.438974688974689,55,0.30606060606060614,0.8333333333333334,0.5781565998031923,0.2720959937425862,True,4,0.30627559377559366,0.13291408291408285,0.22762317048031333,0.8458049886621315,0.5746262484612985,0.3470030779809852,True,2,0.33949394663680377,0.21135151849437567
0.4401934754283747,52,0.3344519015659956,0.8344519015659956,0.63290597267989,0.29845407111389444,True,2,0.26430476682154536,0.10574157386237915,0.2292099792099792,0.8445945945945946,0.63025647937978,0.4010465001698008,True,1,0.33467747561707295,0.21098349621839552
0.43306618809974506,52,0.37738771295818274,0.8389261744966443,0.6242669238203038,0.24687921086212106,True,2,0.1880700395801067,0.05567847514156232,0.2721760221760222,0.8490990990990991,0.6212512983548377,0.3490752761788155,True,2,0.29328173036226723,0.16089016592372285
0.41978599068151307,67,0.32020453289110007,0.8425925925925926,0.5962457551063256,0.27604122221522553,True,2,0.30584922609176346,0.099581457790413,0.21247357293868918,0.8488372093023255,0.5949234075347665,0.3824498345960773,True,1,0.46490343093085207,0.20731241774282388
0.46935523511375943,53,0.34575683221930786,0.8363228699551569,0.6283449293999905,0.2825880971806827,True,2,0.26190879092985875,0.12359840289445156,0.26385280463392824,0.8487584650112867,0.6264141484619521,0.36256134382802385,True,2,0.34381281851523837,0.2055024304798312
0.482578448045885,51,0.30094537815126055,0.8303571428571429,0.5923268664144934,0.29138148826323285,True,4,0.30244441526610644,0.18163306989462447,0.258955717118308,0.8471910112359551,0.5924309282620497,0.3334752111437417,True,2,0.3408123150945771,0.223622730927577
0.3878108713314705,54,0.3359550561797753,0.8359550561797753,0.619244481772744,0.28328942559296877,True,2,0.2548064918851436,0.05185581515169524,0.2766046589576001,0.8506787330316742,0.6139696423697161,0.33736498341211596,True,2,0.31415688910731876,0.1112062123738704
0.4501916332212459,60,0.3594912680334093,0.8428246013667426,0.5179432647726718,0.15845199673926252,True,4,0.16100037965072128,0.09070036518783658,0.26987767584097855,0.8532110091743119,0.5181165782981434,0.24823890245716485,True,4,0.25061397184315204,0.18031395738026734
0.4713442732018583,57,0.36794474874970234,0.8416289592760181,0.5565775317814436,0.1886327830317413,True,2,0.1641065333015797,0.10339952445215594,0.27298885025776287,0.8519362186788155,0.5565184784802923,0.2835296282225295,True,2,0.2590624317935192,0.19835542294409542
0.4574334499946972,50,0.3774164810690423,0.8374164810690423,0.6142621178823431,0.23684563681330079,True,3,0.2422271714922049,0.08001696892565491,0.2897757847533632,0.8497757847533632,0.6141207037721297,0.3243449190187665,True,3,0.329867867807884,0.16765766524133402
0.4329882065693095,56,0.33747178329571104,0.837471783295711,0.5956091547338955,0.2581373714381845,True,4,0.24276443082876498,0.09551642327359844,0.2607142857142857,0.85,0.5944226105010397,0.33370832478675405,True,3,0.31580672901214657,0.1722739208550238
0.4509161289347048,57,0.30852583948559187,0.834841628959276,0.6177327428165662,0.30920690333097434,True,2,0.326526157021513,0.14239028944911292,0.2531670862806219,0.8496583143507973,0.6127370346189185,0.3595699483382966,True,2,0.38188491022648297,0.19774904265408288
0.4656659334561956,54,0.3774864752392842,0.8404494382022472,0.6334207362783908,0.2559342610391066,True,3,0.2540435566652796,0.08817945821691142,0.2973856209150326,0.8529411764705882,0.6312695542637345,0.3338839333487019,True,3,0.3341444109895312,0.168280312541163
0.44694241170855864,50,0.3329621380846325,0.8329621380846325,0.6420775403732764,0.30911540228864387,True,4,0.3183073496659242,0.11398027362392615,0.2897757847533632,0.8497757847533632,0.6389211459487751,0.34914536119541195,True,2,0.3887988254916257,0.15716662695519545
0.4782597011716651,56,0.3575862624959691,0.8397291196388262,0.6113704441631493,0.25378418166718025,True,4,0.2524084972589487,0.12067343867569602,0.2607142857142857,0.85,0.6093053551039276,0.3485910693896419,True,4,0.3492804740406321,0.21754541545737943
0.39286375818883557,57,0.38775105183773917,0.8438914027149321,0.6074118795067793,0.21966082766904016,True,2,0.16410653330157976,0.005112706351096397,0.29281061423490395,0.8542141230068337,0.6025827052704469,0.30977209103554293,True,2,0.259046970904415,0.10005314395393161
0.45759135759135766,55,0.36736281736281734,0.8400900900900901,0.5804679573162601,0.21310513995344277,True,3,0.21876876876876888,0.09022854022854032,0.2685219542362399,0.8503401360544217,0.5740230742252272,0.3055011199889873,True,4,0.2911934429791574,0.18906940335511774
0.42423359689277296,54,0.35672076570952976,0.8382022471910112,0.5974788176005088,0.24075805189097904,True,3,0.23627410181717295,0.0675128311832432,0.2973856209150326,0.8529411764705882,0.5977565992918561,0.30037097837682347,True,4,0.2702277790017381,0.12684797597774033
0.4663657635793858,57,0.30852583948559187,0.834841628959276,0.6289408684252851,0.3204150289396932,True,4,0.28310311979042624,0.15783992409379394,0.2531670862806219,0.8496583143507973,0.6227403511242899,0.36957326484366804,True,3,0.3434035257698663,0.2131986772987639
0.41714127182291977,54,0.4190178942987932,0.8449438202247191,0.6599090457771517,0.2408911514783585,True,3,0.21886530725482034,-0.0018766224758734462,0.2558236970001676,0.8484162895927602,0.6565476240225898,0.4007239270224222,True,3,0.38205950455344595,0.16131757482275216
0.4704673536081099,51,0.38830532212885155,0.8392857142857143,0.7121776852755861,0.32387236314673457,True,0,,0.08216203147925832,0.2897757847533632,0.8497757847533632,0.703478999518838,0.4137032147654748,True,0,,0.1806915688547467
0.45393990929705214,51,0.30094537815126055,0.8303571428571429,0.6431480902600684,0.3422027121088078,True,5,0.33100490196078425,0.1529945311457916,0.2808107512667989,0.849438202247191,0.6351885727275213,0.3543778214607224,True,4,0.326452466520316,0.17312915803025325
0.39809780614865353,59,0.38782742681047766,0.8454545454545455,0.6819545785594787,0.29412715174900106,True,2,0.2588790446841295,0.010270379338175872,0.2388007601908234,0.8489702517162472,0.6784848103074816,0.43968405011665823,True,2,0.4079057113037837,0.15929704595783012
0.4844501005819935,56,0.3575862624959691,0.8397291196388262,0.5802043694855272,0.22261810698955814,True,2,0.185444211544663,0.12686383808602442,0.2607142857142857,0.85,0.5783860664747302,0.31767178076044456,True,2,0.2823161883263464,0.22373581486770783
0.456171848681212,54,0.3774864752392842,0.8404494382022472,0.6676699846329055,0.2901835093936213,True,1,0.3563462338743239,0.07868537344192783,0.23504273504273498,0.8461538461538461,0.6661941868550225,0.43115145181228753,True,1,0.4987899740708731,0.22112911363847704
0.45065224307985996,50,0.3329621380846325,0.8329621380846325,0.6474120258115255,0.314449887726893,True,1,0.24008908685968822,0.11769010499522747,0.2897757847533632,0.8497757847533632,0.6462896770449396,0.3565138922915764,True,1,0.2832754401909575,0.16087645832649677
0.4201945285536617,57,0.36794474874970234,0.8416289592760181,0.6334128372589665,0.2654680885092641,True,3,0.2873038554153105,0.05224977980395934,0.27298885025776287,0.8519362186788155,0.6283979962182795,0.35540914596051665,True,2,0.3818694493373789,0.1472056782958988
0.41536332365903467,56,0.3575862624959691,0.8397291196388262,0.6244024281334544,0.2668161656374853,True,4,0.2677059819413092,0.05777706116306558,0.2808441558441559,0.8522727272727273,0.6172886498014294,0.3364444939572735,True,3,0.28171630852217755,0.13451916781487877
0.4446895010826001,56,0.33747178329571104,0.837471783295711,0.6062086574957295,0.26873687420001846,True,3,0.24076910673976148,0.10721771778688904,0.2607142857142857,0.85,0.6067661258216575,0.3460518401073718,True,1,0.2912447597549179,0.1839752153683144
0.4770909632996104,53,0.34575683221930786,0.8363228699551569,0.6344312553506768,0.28867442313136893,True,3,0.30773895140592833,0.13133413108030256,0.26385280463392824,0.8487584650112867,0.6350209537018991,0.3711681490679709,True,2,0.39724373483641606,0.2132381586656822
0.45628875628875626,55,0.3469287469287469,0.8378378378378378,0.6141502574233009,0.26722151049455395,True,5,0.2741441441441442,0.10936000936000934,0.2558236970001676,0.8484162895927602,0.6082314962161579,0.3524077992159903,True,3,0.3681730269965564,0.20046505928858865
0.44252422567029304,54,0.3774864752392842,0.8404494382022472,0.6302600247506978,0.25277354951141356,True,3,0.22243029546400334,0.06503775043100885,0.2766046589576001,0.8506787330316742,0.625758575230797,0.3491539162731969,True,3,0.3233121117456874,0.16591956671269292
0.447514491158559,59,0.36860554699537745,0.8431818181818181,0.6419230672581548,0.2733175202627774,True,3,0.24555726759116597,0.07890894416318156,0.2388007601908234,0.8489702517162472,0.6383937132825146,0.3995929530916912,True,2,0.3694619516735834,0.2087137309677356
0.3900957136912193,54,0.3982521847690387,0.8426966292134831,0.6356296103922352,0.23737742562319653,True,3,0.2547648772367874,-0.00815647107781936,0.23504273504273498,0.8461538461538461,0.6335267329553265,0.3984839979125915,True,2,0.41266845929767293,0.15505297864848433
0.4432166703353144,59,0.2917180277349769,0.8340909090909091,0.598392139322339,0.30667411158736213,True,3,0.2694530046224961,0.15149864260033752,0.21956327812899978,0.8466819221967964,0.5948651912213689,0.37530191309236915,True,3,0.3416077542284732,0.22365339220631464
0.3987663034373118,61,0.331985927090351,0.8401826484018264,0.5967939682839978,0.26480804119364676,True,4,0.26400741073433653,0.06678037634696077,0.28140192198982483,0.8551724137931035,0.5922927953262187,0.31089087333639387,True,3,0.31398944961982667,0.11736438144748695
0.34379043376816204,50,0.3551893095768375,0.8351893095768375,0.6544556711470371,0.2992663615701996,True,4,0.31554565701559023,-0.011398875808675435,0.3120179372197309,0.852017937219731,0.64310870004892,0.33109076282918903,True,3,0.36689817265406277,0.03177249654843112
0.44453371487269794,59,0.34938366718027736,0.8409090909090909,0.6082300871290323,0.2588464199487549,True,1,0.1719568567026194,0.09515004769242058,0.2388007601908234,0.8489702517162472,0.604654942721782,0.3658541825309586,True,1,0.28253976369207334,0.20573295468187452
0.44215931571037764,53,0.34575683221930786,0.8363228699551569,0.6209979929804206,0.2752411607611127,True,2,0.34886623233776126,0.09640248349106978,0.2936590436590436,0.8513513513513513,0.6113167159370256,0.31765767227798203,True,2,0.36267820991570887,0.14850027205133404
0.3666096980664187,58,0.3585112205801861,0.8412698412698413,0.6200591160007218,0.26154789542053575,True,2,0.20075846430526229,0.008098477486232603,0.2263423082979058,0.8470319634703196,0.6184208376713309,0.39207852937342513,True,2,0.33292737658754257,0.14026738976851288
0.45482447767525713,50,0.3996436525612472,0.8396436525612472,0.6650381362944056,0.2653944837331584,True,3,0.2133481811432814,0.05518082511400996,0.3120179372197309,0.852017937219731,0.6622856159482606,0.3502676787285297,True,3,0.30097389648479766,0.1428065404555262
0.4443045774315123,57,0.36794474874970234,0.8416289592760181,0.6181521014852538,0.25020735273555145,True,4,0.24646741287608148,0.07635982868180996,0.2808441558441559,0.8522727272727273,0.6150239294233599,0.33417977357920403,True,3,0.3328998572806622,0.1634604215873564
0.4400689614172761,54,0.3359550561797753,0.8359550561797753,0.6340403256102389,0.29808526943046365,True,2,0.26627132750728255,0.1041139052375008,0.2558236970001676,0.8484162895927602,0.63010740995185,0.3742837129516824,True,1,0.30576598256704013,0.18424526441710848
0.421496803849745,57,0.407557354925776,0.8461538461538461,0.6400137961754497,0.23245644124967374,True,3,0.19561535815405778,0.013939448923969033,0.2531670862806219,0.8496583143507973,0.6377189335511195,0.3845518472704976,True,3,0.3500056267992119,0.16832971756912313
0.4922621699013681,50,0.3774164810690423,0.8374164810690423,0.6231947441179639,0.24577826304892164,True,1,0.2377728285077952,0.11484568883232582,0.26753363228699556,0.8475336322869955,0.6207287737292071,0.35319514144221154,True,1,0.3476556772898419,0.22472853761437256
0.4254546622967676,57,0.36794474874970234,0.8416289592760181,0.6610682014217799,0.29312345267207757,True,3,0.261636368447514,0.05750991354706525,0.2531670862806219,0.8496583143507973,0.6565434778286718,0.40337639154804994,True,3,0.3764140309165944,0.1722875760161457
0.4730554671757344,50,0.3551893095768375,0.8351893095768375,0.6241178383658998,0.26892852878906237,True,4,0.25280623608017816,0.1178661575988969,0.3120179372197309,0.852017937219731,0.6220654631222464,0.3100475259025155,True,4,0.2959776084372847,0.16103752995600346
0.46254681647940066,54,0.35672076570952976,0.8382022471910112,0.640727727757294,0.28400696204776427,True,2,0.32124427798585103,0.1058260507698709,0.2849780655053452,0.8510158013544018,0.6359887408783602,0.351010675373015,True,1,0.4488546436082629,0.17756875097405544
0.4739684688495925,53,0.36686690921397747,0.8385650224215246,0.6201994940617772,0.25333258484779975,True,3,0.19808500437149235,0.10710155963561502,0.2849780655053452,0.8510158013544018,0.6204645981069175,0.33548653260157224,True,3,0.2799738480801246,0.18899040334424727
0.4082980800520663,60,0.3594912680334093,0.8428246013667426,0.6467455248180487,0.2872542567846394,True,4,0.29052771450265763,0.048806812018657,0.26987767584097855,0.8532110091743119,0.6383946581290036,0.3685169822880251,True,4,0.33019825430328875,0.13842040421108776
0.39259626348212523,53,0.34575683221930786,0.8363228699551569,0.6575929666047315,0.3118361343854237,True,3,0.34248526384070865,0.046839431262817366,0.2506930006930007,0.8468468468468469,0.6486748844875168,0.39798188379451604,True,2,0.47307804592684877,0.14190326278912452
0.39837946759995757,50,0.3551893095768375,0.8351893095768375,0.6354083747794621,0.28021906520262463,True,1,0.21786191536748323,0.043190158023120095,0.3120179372197309,0.852017937219731,0.6314825615582405,0.31946462433850953,True,2,0.2332827309317167,0.08636153038022665
0.4205952286447642,57,0.32833214257362864,0.8371040723981901,0.6156850839969441,0.28735294142331547,True,3,0.24261067449921936,0.09226308607113554,0.27298885025776287,0.8519362186788155,0.612162737388509,0.33917388713074614,True,1,0.26642529596752884,0.1476063783870013
0.4595187828826111,58,0.3390022675736961,0.8390022675736961,0.620311266548895,0.2813089989751989,True,6,0.256959105481273,0.120516515308915,0.23334532230348082,0.8473804100227791,0.616608846532599,0.38326352422911814,True,4,0.3694871900117901,0.2261734605791303
0.42254787254787257,55,0.3469287469287469,0.8378378378378378,0.5916195657747592,0.24469081884601224,True,3,0.27203112203112206,0.07561912561912565,0.2685219542362399,0.8503401360544217,0.5871938371207426,0.31867188288450266,True,2,0.34646576075147506,0.15402591831163265
0.462072462072462,55,0.3469287469287469,0.8378378378378378,0.6093164454562285,0.2623876985274816,True,2,0.26251023751023755,0.11514371514371508,0.2973856209150326,0.8529411764705882,0.6076119135886788,0.3102262926736462,True,2,0.31205336352395185,0.16468684115742938
0.4536738036738037,55,0.32649467649467656,0.8355855855855856,0.6453904329750308,0.3188957564803543,True,3,0.3113431613431613,0.12717912717912716,0.2889713461142033,0.8526077097505669,0.6352135279262257,0.3462421818120224,True,2,0.354333322190465,0.16470245755960045
0.430866580866581,55,0.36736281736281734,0.8400900900900901,0.6340079094337501,0.26664509207093273,True,3,0.25663390663390667,0.06350376350376363,0.24807256235827668,0.8480725623582767,0.6280060605775875,0.3799334982193108,True,3,0.37592416163844733,0.1827940185083043
0.4559982390490865,59,0.31093990755007694,0.8363636363636363,0.6111832986474681,0.3002433910973912,True,5,0.26279661016949163,0.14505833149900954,0.2458667926310817,0.8493150684931506,0.6063074315438213,0.3604406389127396,True,3,0.32508852323948845,0.2101314464180048
0.3914025944227286,52,0.37738771295818274,0.8389261744966443,0.6289761799710667,0.25158846701288395,True,1,0.14670452589915683,0.01401488146454588,0.2721760221760222,0.8490990990990991,0.6253241449256914,0.3531481227496692,True,1,0.25191621668131736,0.11922657224670641
0.4227668494034183,56,0.377700741696227,0.8419864559819413,0.6293666176948243,0.25166587599859724,True,2,0.27791438245727185,0.04506610770719127,0.2808441558441559,0.8522727272727273,0.6244379070652988,0.3435937512211429,True,3,0.3195535653210596,0.1419226935592624
0.4282341711740375,50,0.3551893095768375,0.8351893095768375,0.6006020417716189,0.24541273219478144,True,2,0.22668151447661467,0.07304486159720003,0.24529147982062782,0.8452914798206278,0.5968359082499242,0.35154442842929634,True,2,0.3365793442328243,0.18294269135340968
0.48010998010998013,55,0.3469287469287469,0.8378378378378378,0.6116902075662365,0.26476146063748957,True,4,0.25961302211302223,0.1331812331812332,0.2685219542362399,0.8503401360544217,0.6054651799057571,0.3369432256695172,True,3,0.3176096318953463,0.2115880258737402
0.4814154828598105,51,0.3227853641456583,0.8325892857142857,0.6223501848396316,0.2995648206939733,True,3,0.29916549953314664,0.15863011871415222,0.30266578541528966,0.851685393258427,0.6215463892385586,0.318880603823269,True,3,0.2853360819983425,0.17874969744452085
0.4697691576630652,51,0.4319852941176471,0.84375,0.6652947776167419,0.23330948349909486,True,1,0.3114933473389355,0.03778386354541813,0.258955717118308,0.8471910112359551,0.6634965377720556,0.40454082065374763,True,1,0.4845229243382746,0.2108134405447572
0.4034568397692958,58,0.3585112205801861,0.8412698412698413,0.6251083645560831,0.266597143975897,True,2,0.25498475252169833,0.04494561918910972,0.20681782396472992,0.8447488584474886,0.6236778445096336,0.4168600205449037,True,2,0.4066781491371545,0.1966390158045659
0.4033046982712907,50,0.3551893095768375,0.8351893095768375,0.6622875325749549,0.3070982229981174,True,4,0.29945434298440965,0.0481153886944532,0.2538008491987399,0.8456375838926175,0.6560916571136675,0.40229080791492755,True,3,0.40366017530014653,0.14950384907255077
0.4723109555626258,50,0.3774164810690423,0.8374164810690423,0.6600810885103505,0.2826646074413082,True,3,0.2015144766146994,0.09489447449358351,0.2897757847533632,0.8497757847533632,0.6563552393802046,0.3665794546268414,True,3,0.2891551729303785,0.18253517080926263
0.45877309257036153,51,0.36646533613445376,0.8370535714285714,0.6538894734044991,0.28742413727004534,True,2,0.2114627100840336,0.09230775643590777,0.2808107512667989,0.849438202247191,0.649683829934208,0.36887307866740915,True,2,0.2971172949516885,0.17796234130356264
0.4300880263018348,50,0.3774164810690423,0.8374164810690423,0.6671819365042868,0.2897654554352445,True,3,0.2629398663697105,0.052671545232792494,0.26753363228699556,0.8475336322869955,0.661700244285842,0.3941666119988464,True,2,0.35879153475086634,0.16255439401483923
0.45892454047081577,56,0.377700741696227,0.8419864559819413,0.6122188787551375,0.23451813705891045,True,3,0.2114102977534129,0.08122379877458874,0.22045454545454546,0.8454545454545455,0.6113343096138948,0.39087976415934933,True,3,0.3686564939950945,0.2384699950162703
0.43378700155923267,53,0.34575683221930786,0.8363228699551569,0.6388232525730566,0.29306642035374875,True,3,0.30773895140592833,0.0880301693399248,0.26385280463392824,0.8487584650112867,0.6333247254138974,0.36947192077996915,True,2,0.3972437348364162,0.16993419692530443
0.4695753538035417,52,0.3559198072620891,0.8366890380313199,0.6106421567615254,0.25472234949943634,True,4,0.258163397005679,0.1136555465414526,0.2721760221760222,0.8490990990990991,0.6045435329040703,0.33236751072804804,True,3,0.32108101906759623,0.1973993316275195
0.46461554850816594,52,0.37738771295818274,0.8389261744966443,0.6442605523871259,0.26687283942894313,True,5,0.25903458957150227,0.0872278355499832,0.2721760221760222,0.8490990990990991,0.6427133900116844,0.37053736783566216,True,4,0.35421143265102983,0.19243952633214373
0.43275002651394634,50,0.3996436525612472,0.8396436525612472,0.6177366363653136,0.21809298380406644,True,1,0.1711358574610245,0.033106373952699164,0.24529147982062782,0.8452914798206278,0.6152271537227292,0.36993567390210136,True,1,0.32548803020164385,0.18745854669331852
0.4072436101389332,50,0.3329621380846325,0.8329621380846325,0.6406605041136357,0.30769836602900325,True,0,,0.07428147205430069,0.2897757847533632,0.8497757847533632,0.637831954480724,0.34805616972736086,True,0,,0.11746782538556999
0.44232050058330685,50,0.3107349665924276,0.8307349665924276,0.5180511275617827,0.20731616096935512,True,3,0.2348181143281366,0.13158553399087924,0.26753363228699556,0.8475336322869955,0.5240832188932374,0.25654958660624183,True,4,0.2599051204969688,0.1747868682963113
0.44289419289419285,55,0.3469287469287469,0.8378378378378378,0.6452968993957464,0.2983681524669995,True,3,0.22558012558012558,0.09596544596544593,0.2558236970001676,0.8484162895927602,0.6402527197713361,0.3844290227711685,True,3,0.3166851755087049,0.18707049589402525
0.40199826273651773,52,0.39885561865427643,0.8411633109619687,0.6197674647394167,0.22091184608514025,True,3,0.18724545402397752,0.003142644082241297,0.2721760221760222,0.8490990990990991,0.6157908418199747,0.34361481964395246,True,3,0.31392505050223174,0.12982224056049552
0.4130353838305985,58,0.39752912659316597,0.8458049886621315,0.6144717899685932,0.21694266337542722,True,2,0.28766909062475565,0.015506257237432541,0.2653912769642577,0.8515981735159818,0.612248301002817,0.34685702403855934,True,1,0.4642592039177502,0.14764410686634083
0.45881483497582576,57,0.288719536397555,0.832579185520362,0.5470230923799413,0.2583035559823863,True,4,0.26329681670238947,0.17009529857827077,0.27298885025776287,0.8519362186788155,0.5469914867254535,0.27400263646769063,True,3,0.2839691556166517,0.1858259847180629
0.41352822070361933,60,0.3594912680334093,0.8428246013667426,0.6189018628588223,0.259410594825413,True,3,0.2338901543912934,0.054036952670210026,0.2509174311926605,0.8509174311926605,0.6139163919068396,0.36299896071417903,True,3,0.3424639912320422,0.1626107895109588
0.47291437376183126,59,0.34938366718027736,0.8409090909090909,0.5807496049845788,0.23136593780430148,True,4,0.24405816640986133,0.1235307065815539,0.30444024563060934,0.8561643835616438,0.5719095902401103,0.267469344609501,True,3,0.28456848575100335,0.16847412813122192
0.4534302094647559,62,0.2868531778253488,0.8352402745995423,0.6120835197721575,0.32523034194680867,True,3,0.31720430107526876,0.16657703163940707,0.22532504239683437,0.8482758620689655,0.6080426746467427,0.3827176322499083,True,2,0.38857471400679744,0.2281051670679215
0.42461407367774406,54,0.35672076570952976,0.8382022471910112,0.5938297542036479,0.23710898849411816,True,4,0.24874115688722437,0.0678933079682143,0.26385280463392824,0.8487584650112867,0.5917839947818537,0.3279311901479255,True,3,0.3360639660693593,0.16076126904381582
0.43927654825361906,53,0.32464675522463826,0.8340807174887892,0.6308013827151715,0.30615462749053324,True,2,0.2590109146289873,0.1146297930289808,0.22160228289109418,0.8442437923250564,0.6288445431845249,0.4072422602934307,True,1,0.32852886187580665,0.21767426536252488
0.46247534202990764,50,0.3551893095768375,0.8351893095768375,0.6228256766293501,0.2676363670525126,True,3,0.29409057164068286,0.10728603245307017,0.24529147982062782,0.8452914798206278,0.6221638048136113,0.3768723249929835,True,3,0.4039884013968925,0.21718386220927982
0.47385242896078805,57,0.3481384456616655,0.8393665158371041,0.5902823033270383,0.24214385766537283,True,2,0.25720409621338414,0.12571398329912253,0.23334532230348082,0.8473804100227791,0.5897037255066491,0.35635840320316825,True,2,0.37199721957156884,0.24050710665730723
0.3765708161596139,53,0.38797698620864707,0.8408071748878924,0.6366112142997089,0.24863422809106184,True,3,0.21620554474433817,-0.01140617004903316,0.26385280463392824,0.8487584650112867,0.6326443744106749,0.36879156977674665,True,3,0.340329726319057,0.11271801152568567
0.4379723035759482,60,0.3405466970387244,0.8405466970387244,0.5672621068166022,0.22671540977787774,True,1,0.34016704631738803,0.09742560653722376,0.26987767584097855,0.8532110091743119,0.5644560944399779,0.29457841859899936,True,2,0.2858930151233343,0.16809462773496964
0.4760123024710997,50,0.3996436525612472,0.8396436525612472,0.6087625662278442,0.20911891366659702,True,3,0.19410541945063103,0.07636864990985254,0.3120179372197309,0.852017937219731,0.6078346468198332,0.2958167096001023,True,3,0.2817311347921473,0.1639943652513688
0.43029130388046866,56,0.33747178329571104,0.837471783295711,0.6312559534245232,0.2937841701288122,True,2,0.27402450822315383,0.09281952058475762,0.2607142857142857,0.85,0.6290021917523743,0.3682879060380886,True,0,,0.16957701816618298
0.4827132327132328,55,0.3469287469287469,0.8378378378378378,0.6262663324650859,0.279337585536339,True,2,0.33540131040131044,0.13578448578448588,0.2685219542362399,0.8503401360544217,0.6210712640976239,0.352549309861384,True,2,0.3405894298751442,0.21419127847699287
0.42786072762438315,51,0.36646533613445376,0.8370535714285714,0.6429617610467151,0.27649642491226134,True,2,0.24422268907563016,0.061395391489929396,0.21524564882132624,0.8426966292134831,0.6408322554220236,0.42558660660069736,True,2,0.3954423763887577,0.2126150788030569
0.4035577449370552,64,0.3257543103448276,0.8413793103448276,0.5813826699729789,0.25562835962815134,True,4,0.2991738505747127,0.0778034345922276,0.267201876901646,0.8545034642032333,0.5721980647576612,0.30499618785601523,True,3,0.3618690043244076,0.13635586803540922
0.47103404390709513,50,0.3551893095768375,0.8351893095768375,0.6737448029478132,0.3185554933709758,True,2,0.3011581291759464,0.11584473433025766,0.3217367483906314,0.8523489932885906,0.66942192157485,0.34768517318421865,True,2,0.3346106903621525,0.14929729551646376
0.4366595373306782,52,0.3344519015659956,0.8344519015659956,0.6348607178166183,0.30040881625062277,True,2,0.328256754431251,0.10220763576468261,0.2506930006930007,0.8468468468468469,0.6291100730813053,0.3784170723883046,True,1,0.37669471226518203,0.18596653663767748
0.39340527877817794,51,0.36646533613445376,0.8370535714285714,0.6731042720904501,0.30663893595599634,True,1,0.3988532913165267,0.02693994264372418,0.30266578541528966,0.851685393258427,0.6684772447412968,0.3658114593260071,True,1,0.4626528420356908,0.09073949336288828
0.47389755011135853,50,0.3774164810690423,0.8374164810690423,0.6092440631011788,0.23182758203213655,True,4,0.23613585746102445,0.09648106904231624,0.34438204812126194,0.854586129753915,0.6023490606767017,0.25796701255543975,True,6,0.2549498004310766,0.1295155019900966
0.43417744965732585,57,0.32833214257362864,0.8371040723981901,0.614112004852085,0.2857798622784563,True,3,0.26807970151623395,0.10584530708369722,0.29281061423490395,0.8542141230068337,0.6097796818630226,0.3169690676281186,True,1,0.30320430995339487,0.1413668354224219
0.4897980025343471,51,0.36646533613445376,0.8370535714285714,0.5938959148572627,0.22743057872280892,True,2,0.19097951680672265,0.12333266639989332,0.30266578541528966,0.851685393258427,0.5924779882697697,0.28981220285448006,True,3,0.23007230982280558,0.18713221711905742
0.41409151259338534,54,0.3774864752392842,0.8404494382022472,0.6278456732070881,0.25035919796780387,True,4,0.24087598834789853,0.036605037354101144,0.2973856209150326,0.8529411764705882,0.6223979958045502,0.3250123748895176,True,4,0.2779368926097281,0.11670589167835271
0.4064510680118548,56,0.3575862624959691,0.8397291196388262,0.6493416028541006,0.2917553403581315,True,2,0.2980288616575298,0.048864805515885734,0.3503195217480932,0.8594104308390023,0.6340494111779069,0.2837298894298137,True,3,0.2500781994171223,0.0561315462637616
0.44403177937841803,51,0.38830532212885155,0.8392857142857143,0.5968108154328435,0.20850549330399198,True,2,0.22238270308123248,0.055726457249566486,0.26753363228699556,0.8475336322869955,0.5956080742066079,0.3280744419196123,True,2,0.34315439292308847,0.17649814709142247
0.46126158796852074,51,0.3446253501400561,0.8348214285714286,0.6191956111892107,0.27457026104915466,True,2,0.30503764005602235,0.11663623782846466,0.2897757847533632,0.8497757847533632,0.6189802156238273,0.32920443087046414,True,2,0.35988720544271524,0.17148580321515755
0.44120564892623715,51,0.3446253501400561,0.8348214285714286,0.566372343338676,0.22174699319861996,True,1,0.29906337535014,0.09658029878618107,0.258955717118308,0.8471910112359551,0.5645279413418072,0.30557222422349917,True,1,0.38473300837188806,0.18224993180792914
0.3993252993252993,55,0.36736281736281734,0.8400900900900901,0.6111567981729085,0.24379398081009113,True,1,0.17714987714987723,0.03196248196248197,0.21426177308530248,0.8438914027149321,0.6084136053425615,0.394151832257259,True,1,0.3302509214273921,0.18506352623999683
0.4316138419250318,56,0.377700741696227,0.8419864559819413,0.6088791958059581,0.23117845410973104,True,4,0.20459126088358592,0.0539131002288048,0.2808441558441559,0.8522727272727273,0.604313028046823,0.32346887220266707,True,3,0.23108747911230976,0.15076968608087593
0.4386433281577547,58,0.2999843615607163,0.8344671201814059,0.5546344000596197,0.25465003849890344,True,3,0.26587953188938407,0.1386589665970384,0.2263423082979058,0.8470319634703196,0.5537821607708162,0.3274398524729104,True,2,0.331343984610062,0.2123010198598489
0.5187882587211446,52,0.37738771295818274,0.8389261744966443,0.6185828970460348,0.241195184087852,True,2,0.23479177422130448,0.1414005457629619,0.2506930006930007,0.8468468468468469,0.6154996971411961,0.3648066964481954,True,3,0.31468587844426765,0.26809525802814393
0.40057893682312373,62,0.3236879013803794,0.8398169336384439,0.6250093671133121,0.3013214657329327,True,4,0.28694544917693954,0.07689103544274434,0.21889400921658986,0.847926267281106,0.6201321859028934,0.40123817668630357,True,4,0.3917393413407291,0.18168492760653387
0.4382866553313443,61,0.36933902238191485,0.8447488584474886,0.5849742383380567,0.21563521595614188,True,1,0.1425630660977617,0.06894763294942946,0.2440173355944978,0.8505747126436781,0.5811415755263001,0.3371242399318023,True,1,0.26788475288517877,0.19426931973684652
0.41289575490842206,58,0.39752912659316597,0.8458049886621315,0.6173739145221826,0.21984478792901663,True,3,0.22021528918080646,0.015366628315256092,0.23334532230348082,0.8473804100227791,0.6165594770037495,0.38321415470026865,True,3,0.3843990934704916,0.17955043260494125
0.3738909741604554,61,0.36933902238191485,0.8447488584474886,0.6281996210752094,0.2588605986932946,True,2,0.2511976944382064,0.004551951778540564,0.28140192198982483,0.8551724137931035,0.6189423874154896,0.33754046542566474,True,3,0.27913155107452625,0.09248905217063058
0.423361670927214,54,0.3359550561797753,0.8359550561797753,0.615182820904983,0.2792277647252077,True,4,0.264856429463171,0.08740661474743872,0.2973856209150326,0.8529411764705882,0.6063657498838353,0.30898012896880267,True,3,0.26663157980628793,0.12597605001218137
0.40116117802880585,63,0.35197320518421443,0.8440366972477065,0.6171845328250352,0.2652113276408207,True,3,0.26647978253482835,0.04918797284459142,0.2308369075112724,0.8498845265588915,0.6141439493281795,0.3833070418169071,True,2,0.31876626709190226,0.17032427051753346
0.4252037752037752,55,0.30606060606060614,0.8333333333333334,0.5678773388859604,0.2618167328253542,True,3,0.27706797706797703,0.11914316914316908,0.2889713461142033,0.8526077097505669,0.5711780496577319,0.2822067035435286,True,4,0.2684917988489417,0.13623242908957195
0.4254773434339998,57,0.407557354925776,0.8461538461538461,0.6943645203028197,0.2868071653770437,True,1,0.35766452329919823,0.017919988508223794,0.23334532230348082,0.8473804100227791,0.6933637469172513,0.4600184246137705,True,1,0.5318765559214934,0.19213202113051897
0.41496659242761696,50,0.3996436525612472,0.8396436525612472,0.7035297192107892,0.30388606664954204,True,1,0.31777282850779515,0.015322939866369789,0.2990914486600009,0.8501118568232662,0.6941707123352758,0.3950792636752749,True,1,0.4183250324090414,0.11587514376761604
0.5120256435907696,51,0.36646533613445376,0.8370535714285714,0.6273131566715295,0.2608478205370758,True,4,0.23039215686274506,0.14556030745631587,0.21524564882132624,0.8426966292134831,0.6249356845033827,0.4096900356820564,True,3,0.3563871709732582,0.2967799947694434
0.42916988684778934,54,0.3774864752392842,0.8404494382022472,0.6535451204792837,0.2760586452399995,True,3,0.22444167013455413,0.05168341160850515,0.2558236970001676,0.8484162895927602,0.6483023108929542,0.3924786138927866,True,1,0.26423456350753105,0.17334618984762173
0.40386165752982917,56,0.3575862624959691,0.8397291196388262,0.6204774479754134,0.2628911854794443,True,2,0.2815019348597226,0.04627539503386008,0.24058441558441568,0.8477272727272728,0.6170358861843868,0.3764514705999711,True,2,0.398503781771276,0.1632772419454135
0.4070470405322341,60,0.3405466970387244,0.8405466970387244,0.639867417856804,0.2993207208180796,True,3,0.2561123766135156,0.0665003434935097,0.2965132063762945,0.8558352402745996,0.6281831292604823,0.33166992288418773,True,3,0.3001458672759455,0.11053383415593959
0.4474228642767968,54,0.3774864752392842,0.8404494382022472,0.6416117133790649,0.26412523813978067,True,3,0.27364405604105974,0.06993638903751259,0.23504273504273498,0.8461538461538461,0.6394781577357329,0.4044354226929979,True,2,0.4098386632094497,0.2123801292340618
0.45504816699503214,53,0.36686690921397747,0.8385650224215246,0.6047592184243182,0.23789230921034077,True,3,0.2262317736977184,0.08818125778105468,0.26385280463392824,0.8487584650112867,0.6051888370150662,0.34133603238113797,True,3,0.32924587827776763,0.1911953623611039
0.44208933573429376,51,0.41014530812324923,0.8415178571428571,0.6632724129583543,0.25312710483510503,True,1,0.10521708683473385,0.031944027611044534,0.258955717118308,0.8471910112359551,0.6601308859818427,0.40117516886353466,True,1,0.2564066778396751,0.18313361861598576
0.4593348741653826,59,0.36860554699537745,0.8431818181818181,0.6242933789909819,0.25568783199560446,True,2,0.27521186440677964,0.09072932717000515,0.25803824225264715,0.851258581235698,0.6207897677119378,0.3627515254592907,True,3,0.31787341670985925,0.20129663191273545
0.40566704278227117,62,0.36052262493541,0.8443935926773455,0.6347870344621409,0.2742644095267309,True,2,0.24754558204768584,0.045144417846861185,0.2627096287921613,0.8528735632183908,0.626321916171479,0.3636122873793177,True,2,0.3453585781909345,0.14295741399010986
0.4228520017993703,57,0.3481384456616655,0.8393665158371041,0.6011101686838183,0.25297172302215276,True,4,0.27617686750813675,0.0747135561377048,0.23334532230348082,0.8473804100227791,0.5996794525965163,0.3663341302930355,True,3,0.3936028928800285,0.1895066794958895
0.4481360957442962,60,0.3973804100227791,0.8473804100227791,0.6168070316740648,0.21942662165128574,True,3,0.19296380663123253,0.05075568572151712,0.25803824225264715,0.851258581235698,0.6142399512000845,0.3562017089474373,True,3,0.33230597440136445,0.19009785349164904
0.3738908809281786,58,0.3585112205801861,0.8412698412698413,0.6393692270174887,0.2808580064373026,True,2,0.3212526389866291,0.015379660347992541,0.2263423082979058,0.8470319634703196,0.6336828176781557,0.4073405093802499,True,2,0.4534215512689094,0.14754857263027282
0.44458998174168457,57,0.3481384456616655,0.8393665158371041,0.5768466722097458,0.22870822654808032,True,2,0.21957608954512975,0.09645153608001905,0.2531670862806219,0.8496583143507973,0.5757232653575892,0.3225561790769673,True,2,0.31454744892617337,0.19142289546106267
0.43867951586072385,52,0.39885561865427643,0.8411633109619687,0.6579899250097374,0.259134306355461,True,2,0.1983522629495783,0.03982389720644741,0.2721760221760222,0.8490990990990991,0.6561404651465179,0.3839644429704957,True,2,0.3250318594278325,0.16650349368470163
0.4272316149936272,56,0.377700741696227,0.8419864559819413,0.6023094042729755,0.2246086625767485,True,2,0.27791438245727185,0.04953087329740019,0.2607142857142857,0.85,0.5999603582498798,0.33924607253559413,True,2,0.3949008384392132,0.16651732927934154
0.43916729984841446,57,0.32833214257362864,0.8371040723981901,0.5747829376888656,0.24645079511523693,True,3,0.24504511656214445,0.11083515727478582,0.23334532230348082,0.8473804100227791,0.5725859728573717,0.33924065055389085,True,2,0.3185122628358381,0.20582197754493364
0.4544720164061902,53,0.36686690921397747,0.8385650224215246,0.6284385420815175,0.26157163286754004,True,2,0.20549538878077678,0.08760510719221276,0.26385280463392824,0.8487584650112867,0.6231779218135722,0.359325117179644,True,2,0.308509493360826,0.190619211772262
0.4691080593702317,54,0.31518934665002085,0.8337078651685393,0.6053176368037203,0.29012829015369945,True,4,0.2600915522263837,0.15391871272021085,0.2766046589576001,0.8506787330316742,0.6021451305286627,0.3255404715710626,True,2,0.26224261528293247,0.1925034004126316
0.42725957632324674,54,0.3774864752392842,0.8404494382022472,0.6360744930927993,0.2585880178535151,True,3,0.25907892911638236,0.049773101083962545,0.23504273504273498,0.8461538461538461,0.6333820892006461,0.3983393541579111,True,3,0.40152266931293157,0.19221684128051175
0.4729621015072696,51,0.3446253501400561,0.8348214285714286,0.6046861279239057,0.2600607777838497,True,4,0.28742121848739494,0.1283367513672135,0.3120179372197309,0.852017937219731,0.6022207544220866,0.29020281720235563,True,3,0.3210936407447882,0.16094416428753866
0.4724555699257451,53,0.36686690921397747,0.8385650224215246,0.6069563273786946,0.24008941816471718,True,2,0.21427362721042387,0.10558866071176765,0.26385280463392824,0.8487584650112867,0.6037367637720905,0.3398839591381623,True,2,0.3172877317904731,0.20860276529181687
0.45079324106169744,52,0.3344519015659956,0.8344519015659956,0.6291056978807896,0.29465379631479405,True,1,0.21110824298743747,0.11634133949570186,0.2506930006930007,0.8468468468468469,0.6228681591115595,0.37217515841855875,True,1,0.29486714386043233,0.20010024036869672
0.44696411295895333,56,0.3575862624959691,0.8397291196388262,0.5583230554759906,0.2007367929800215,True,3,0.21141029775341286,0.08937785046298424,0.2607142857142857,0.85,0.5551169250338268,0.29440263931954114,True,3,0.30828227453509627,0.18624982724466765
0.497338790962952,52,0.3559198072620891,0.8366890380313199,0.6159605413905145,0.2600407341284254,True,5,0.27316296678712787,0.14141898370086292,0.2808107512667989,0.849438202247191,0.6106572569301156,0.32984650566331675,True,3,0.3452432841832097,0.21652803969615314
0.42761532161399285,62,0.2868531778253488,0.8352402745995423,0.5297649264758499,0.24291174865050114,True,1,0.24651214290986923,0.14076214378864405,0.2373271889400922,0.8502304147465438,0.5285069298097538,0.2911797408696616,True,1,0.29603813179512584,0.19028813267390066
0.4336318840930059,53,0.36686690921397747,0.8385650224215246,0.6422971704227098,0.2754302612087324,True,1,0.2663930958625941,0.06676497487902844,0.32722858724817927,0.8555304740406321,0.6332457157705775,0.30601712852239826,True,1,0.30603141782839227,0.10640329684482663
0.43550446998722864,58,0.3194933145672062,0.8367346938775511,0.576992238402104,0.2574989238348978,True,4,0.2899366643209008,0.11601115542002244,0.2653912769642577,0.8515981735159818,0.57314964497552,0.30775836801126233,True,3,0.3089304057318093,0.17011319302297095
0.4580061512355499,50,0.3329621380846325,0.8329621380846325,0.6365052609499675,0.303543122865335,True,3,0.28295471417965856,0.1250440131509174,0.26753363228699556,0.8475336322869955,0.6348215898555378,0.36728795756854227,True,2,0.3443594634813786,0.19047251894855433
0.4418217625650711,56,0.377700741696227,0.8419864559819413,0.6637132081014521,0.28601246640522504,True,3,0.25889498011394174,0.06412102086884408,0.2607142857142857,0.85,0.6566714969685314,0.39595721125424577,True,2,0.36831667204127705,0.18110747685078543
0.370120698510529,59,0.38782742681047766,0.8454545454545455,0.6135116068992259,0.22568418008874824,True,2,0.2752118644067797,-0.017706728299948682,0.2458667926310817,0.8493150684931506,0.611139069276998,0.3652722766459163,True,2,0.41717249858617567,0.12425390587944729
0.42487830346585587,56,0.33747178329571104,0.837471783295711,0.5887519154273262,0.25128013213161515,True,2,0.3290269267978072,0.08740652017014483,0.2607142857142857,0.85,0.5874984609246368,0.3267841752103511,True,1,0.46078684295388583,0.1641640177515702
0.47037457846324926,53,0.38797698620864707,0.8408071748878924,0.6104711288501865,0.22249414264153944,True,1,0.12348760470428966,0.08239759225460219,0.26385280463392824,0.8487584650112867,0.606981497047776,0.3431286924138478,True,1,0.24761178627900848,0.20652177382932102
0.4684076177364768,52,0.3559198072620891,0.8366890380313199,0.6054257997922168,0.24950599253012767,True,2,0.19835226294957836,0.11248781047438772,0.2721760221760222,0.8490990990990991,0.6053436019783387,0.3331675798023165,True,2,0.28209604803564525,0.1962315955604546
0.49960565166557674,54,0.31518934665002085,0.8337078651685393,0.6187267326142614,0.3035373859642405,True,4,0.29124011652101534,0.1844163050155559,0.2558236970001676,0.8484162895927602,0.6139414008258544,0.35811770382568675,True,2,0.31417214153499684,0.24378195466540914
0.4466849239695878,51,0.3227853641456583,0.8325892857142857,0.592691953077642,0.2699065889319837,True,3,0.27461192810457513,0.12389955982392953,0.24529147982062782,0.8452914798206278,0.592642286964622,0.34735080714399413,True,1,0.3110373016919772,0.20139344414896
0.45028316894686615,50,0.3107349665924276,0.8307349665924276,0.5956504153897146,0.28491544879728703,True,4,0.3155456570155901,0.13954820235443854,0.26753363228699556,0.8475336322869955,0.5946276433401856,0.32709401105319,True,3,0.36692813460238827,0.1827495366598706
0.492649933536633,58,0.3194933145672062,0.8367346938775511,0.6123116376506799,0.29281832308347366,True,4,0.2685999687231214,0.1731566189694268,0.2458667926310817,0.8493150684931506,0.6080395965298289,0.3621728038987472,True,3,0.33768156924240333,0.2467831409055513
0.3945296425920034,50,0.3551893095768375,0.8351893095768375,0.6670611314326598,0.3118718218558223,True,2,0.23220489977728276,0.03934033301516593,0.2897757847533632,0.8497757847533632,0.6604164696423611,0.37064068488899793,True,1,0.23882109720654776,0.10475385783864022
0.4885520799742018,56,0.33747178329571104,0.837471783295711,0.5998881268345757,0.26241634353886467,True,2,0.26354401805869077,0.15108029667849077,0.2607142857142857,0.85,0.5972269939879729,0.3365127082736872,True,2,0.3403015156401161,0.22783779425991613
0.4350406829398426,51,0.36646533613445376,0.8370535714285714,0.5794881231336158,0.213022786999162,True,2,0.23330269607843135,0.06857534680538885,0.32452081956378054,0.8539325842696629,0.5768273412033413,0.2523065216395608,True,3,0.24371272385358644,0.11051986337606207
0.4204362006375429,52,0.3559198072620891,0.8366890380313199,0.6099913740573308,0.25407156679524173,True,3,0.24627143922445932,0.06451639337545378,0.2506930006930007,0.8468468468468469,0.6069230403592951,0.3562300396662944,True,2,0.3357809280628071,0.16974319994454218
0.4529060896102094,54,0.3359550561797753,0.8359550561797753,0.5484533045685116,0.21249824838873632,True,4,0.21956928838951317,0.11695103343043411,0.2558236970001676,0.8484162895927602,0.5505430842060983,0.2947193872059307,True,5,0.2827364361667071,0.1970823926100418
0.4333966084535561,60,0.3405466970387244,0.8405466970387244,0.6018050700580049,0.26125837301928045,True,3,0.24020501138952155,0.09284991141483168,0.21299694189602447,0.8463302752293578,0.6000810891488162,0.3870841472527917,True,3,0.3677547665322215,0.22039966655753163
0.4307860577792241,60,0.3405466970387244,0.8405466970387244,0.566214514582092,0.22566781754336762,True,2,0.33405466970387243,0.09023936074049965,0.26987767584097855,0.8532110091743119,0.5630084288338604,0.2931307529928818,True,2,0.3237821571127041,0.16090838193824553
0.424967824967825,55,0.30606060606060614,0.8333333333333334,0.5831755748517935,0.27711496879118735,True,2,0.31496723996723985,0.11890721890721884,0.24807256235827668,0.8480725623582767,0.5823284804631088,0.33425591810483213,True,1,0.4079470936613794,0.1768952626095483
0.4223123294200001,58,0.3194933145672062,0.8367346938775511,0.6009823281591711,0.2814890135919649,True,3,0.23442020486355453,0.10281901485279388,0.28491576129743346,0.8538812785388128,0.6022296827254703,0.3173139214280368,True,3,0.23782513582770004,0.13739656812256662
0.3905757073960813,53,0.34575683221930786,0.8363228699551569,0.6258591853477227,0.2801023531284148,True,2,0.27946526778915315,0.04481887517677341,0.2849780655053452,0.8510158013544018,0.6197174976995883,0.33473943219424307,True,1,0.34828193957122633,0.10559764189073606
0.4377110877110877,55,0.30606060606060614,0.8333333333333334,0.5906654750573108,0.2846048689967047,True,1,0.25679770679770675,0.13165048165048154,0.24807256235827668,0.8480725623582767,0.5922481621998337,0.344175599841557,True,1,0.3147857505000362,0.189638525352811
0.41128076128076135,55,0.3469287469287469,0.8378378378378378,0.6657595181659444,0.31883077123719744,True,4,0.282903357903358,0.06435201435201443,0.2766046589576001,0.8506787330316742,0.6554419302791707,0.37883727132157063,True,3,0.3542034218504807,0.13467610232316124
0.482579276699544,50,0.3551893095768375,0.8351893095768375,0.5900853694098442,0.23489605983300677,True,3,0.22374164810690422,0.1273899671227065,0.26753363228699556,0.8475336322869955,0.5864289833555554,0.3188953510685598,True,4,0.29049532094240305,0.21504564441254842
0.3991256421596979,57,0.3481384456616655,0.8393665158371041,0.6171229240845428,0.2689844784228773,True,2,0.25182583154719373,0.050987196498032406,0.2808441558441559,0.8522727272727273,0.6132756122661376,0.3324314564219817,True,2,0.31912012136470336,0.11828148631554203
0.3930298987411056,64,0.3257543103448276,0.8413793103448276,0.6074147737985998,0.28166046345377216,True,4,0.2709141522988505,0.06727558839627801,0.2308369075112724,0.8498845265588915,0.6010804540985335,0.3702435465872611,True,4,0.36583155513240573,0.16219299122983322
0.3883657871304881,53,0.38797698620864707,0.8408071748878924,0.6496146593358687,0.26163767312722164,True,2,0.17448599712327617,0.0003888009218410149,0.26385280463392824,0.8487584650112867,0.6477977468220222,0.38394494218809394,True,2,0.298610178697995,0.12451298249655984
0.39211424169051295,59,0.3301617873651772,0.8386363636363636,0.5972191681058763,0.26705738074069907,True,3,0.2722907036466359,0.06195245432533575,0.25803824225264715,0.851258581235698,0.5930596573306057,0.3350214150779586,True,2,0.3326589842496641,0.1340759994378658
0.4116106939389751,56,0.377700741696227,0.8419864559819413,0.6495617964699893,0.2718610547737623,True,2,0.20678813286036768,0.033909952242748065,0.2808441558441559,0.8522727272727273,0.6419978818029706,0.3611537259588147,True,2,0.3036447187124388,0.1307665380948192
0.48212826797385633,51,0.36646533613445376,0.8370535714285714,0.6459716716957975,0.27950633556134374,True,3,0.2749912464985995,0.11566293183940257,0.2808107512667989,0.849438202247191,0.6419830923792706,0.36117234111247176,True,3,0.3606458313662544,0.20131751670705744
0.44784829914705526,53,0.28242660123529906,0.8295964125560538,0.5575953000334724,0.2751686987981733,True,5,0.2837295879516034,0.1654216979117562,0.3061033263767622,0.8532731376975169,0.5611441749404591,0.2550408485636969,True,4,0.2631284191177804,0.14174497277029308
0.4630473297899266,60,0.3405466970387244,0.8405466970387244,0.570022892214086,0.22947619517536155,True,0,,0.12250063275120215,0.2509174311926605,0.8509174311926605,0.5687044748329209,0.31778704364026034,True,0,,0.21212989859726605
0.4625808656796052,51,0.36646533613445376,0.8370535714285714,0.6240234586542548,0.25755812251980104,True,3,0.21244747899159666,0.09611552954515146,0.2808107512667989,0.849438202247191,0.6219259923527285,0.3411152410859296,True,3,0.29810206385925153,0.18177011441280633
0.3544992162163168,58,0.3585112205801861,0.8412698412698413,0.6786482600294672,0.3201370394492811,True,1,0.3212526389866291,-0.0040120043638692815,0.23334532230348082,0.8473804100227791,0.6711252519732156,0.4377799296697348,True,1,0.44641853726333436,0.12115389391283599
0.4809147296038682,54,0.35672076570952976,0.8382022471910112,0.6394058482391078,0.2826850825295781,True,4,0.26780066583437384,0.12419396389433845,0.2558236970001676,0.8484162895927602,0.6367002294192807,0.3808765324191131,True,2,0.36073893304560856,0.2250910326037006
0.4063051857311774,56,0.377700741696227,0.8419864559819413,0.582442208173584,0.20474146647735703,True,3,0.2085348812211114,0.028604444034950383,0.3009740259740259,0.8545454545454545,0.5790808475595286,0.2781068215855027,True,3,0.28526159694331255,0.10533115975715152
0.47332484887050585,50,0.3551893095768375,0.8351893095768375,0.6074838963858933,0.2522945868090558,True,3,0.23557535263548612,0.11813553929366838,0.2897757847533632,0.8497757847533632,0.6093843709847486,0.31960858623138544,True,3,0.3009888774589604,0.18354906411714267
0.3817440817440818,55,0.4082309582309583,0.8445945945945946,0.6633200455423376,0.2550890873113793,True,2,0.2275184275184275,-0.026486876486876476,0.2973856209150326,0.8529411764705882,0.6564918953757664,0.35910627446073373,True,1,0.3063408328114211,0.08435846082904919
0.4885820341499629,50,0.3551893095768375,0.8351893095768375,0.5932594730767562,0.23807016349991872,True,3,0.2496362286562731,0.1333927245731254,0.2897757847533632,0.8497757847533632,0.596670576283465,0.3068947915301018,True,4,0.29323089676111336,0.1988062493965997
0.4729672561130384,53,0.38797698620864707,0.8408071748878924,0.6480195428115647,0.26004255660291764,True,3,0.23731562173900778,0.08499026990439135,0.3061033263767622,0.8532731376975169,0.6415749876482706,0.3354716612715084,True,4,0.2833077913150899,0.16686392973627623
0.5053027892671546,50,0.3774164810690423,0.8374164810690423,0.623303638975973,0.24588715790693066,True,3,0.25781737193763926,0.12788630819811225,0.2897757847533632,0.8497757847533632,0.6190412698630374,0.32926548510967424,True,3,0.3454580682533184,0.21552700451379136
0.4454094137655063,51,0.41014530812324923,0.8415178571428571,0.6447340588112125,0.23458875068796325,True,2,0.2005427170868348,0.03526410564225707,0.30266578541528966,0.851685393258427,0.6412362746969116,0.3385704892816219,True,2,0.3080222397947944,0.14274362835021664
0.5012641849612895,50,0.3551893095768375,0.8351893095768375,0.676888054971081,0.3216987453942435,True,3,0.28745360059391234,0.14607487538445207,0.24529147982062782,0.8452914798206278,0.6741711459518784,0.4288796661312506,True,3,0.397351430350122,0.2559727051406617
0.4263629733428391,52,0.3344519015659956,0.8344519015659956,0.6310664130243082,0.29661451145831264,True,1,0.23257614868353116,0.09191107177684354,0.2506930006930007,0.8468468468468469,0.627774765740277,0.3770817650472763,True,1,0.316335049556526,0.1756699726498384
0.4592173300226991,52,0.39885561865427643,0.8411633109619687,0.659016023907907,0.2601604052536306,True,3,0.18008948545861303,0.060361711368422666,0.2936590436590436,0.8513513513513513,0.6525997907174617,0.35894074705841805,True,4,0.2584942001888312,0.1655582863636555
0.418266631888923,57,0.36794474874970234,0.8416289592760181,0.720938931663273,0.3529941829135707,True,1,0.41708343256330865,0.05032188313922065,0.2531670862806219,0.8496583143507973,0.7139984899802059,0.460831403699584,True,1,0.5318610950323891,0.1650995456083011
0.43290232759770575,51,0.3227853641456583,0.8325892857142857,0.6145165115446996,0.29173114739904127,True,1,0.3060661764705882,0.11011696345204747,0.258955717118308,0.8471910112359551,0.6130255934021984,0.3540698762838904,True,0,,0.17394661047939775
0.4677536976377826,53,0.34575683221930786,0.8363228699551569,0.6297249739999384,0.28396814178063057,True,5,0.29642947795921815,0.12199686541847471,0.26385280463392824,0.8487584650112867,0.625942163871561,0.36208935923763275,True,3,0.3809281977069353,0.20390089300385433
0.420721179340333,50,0.3774164810690423,0.8374164810690423,0.7458277933226078,0.36841131225356555,True,1,0.19336302895322938,0.04330469827129069,0.15632286995515687,0.8363228699551569,0.7470291926716772,0.5907063227165203,True,1,0.4144566400671148,0.2643983093851761
0.4853710853710854,55,0.32649467649467656,0.8355855855855856,0.6020061774358925,0.2755115009412159,True,5,0.2618837018837018,0.15887640887640886,0.2071737786023501,0.8435374149659864,0.6009963407477237,0.3938225621453736,True,3,0.3691434477148763,0.27819730676873533
0.40166400440855055,58,0.3390022675736961,0.8390022675736961,0.5925928629396133,0.2535905953659172,True,1,0.22730471498944405,0.06266173683485443,0.29281061423490395,0.8542141230068337,0.5876008924208445,0.2947902781859405,True,1,0.2734963683282362,0.10885339017364659
0.41276792175063004,61,0.350662474736133,0.8424657534246576,0.6138344637097868,0.2631719889736538,True,2,0.2511976944382065,0.06210544701449705,0.28140192198982483,0.8551724137931035,0.608895441779997,0.32749351979017216,True,3,0.27290603519259904,0.1313659997608052
0.4548633048633048,55,0.32649467649467656,0.8355855855855856,0.6708963878417009,0.34440171134702435,True,2,0.27964782964782964,0.12836862836862822,0.22762317048031333,0.8458049886621315,0.6673105305799689,0.4396873600996556,True,1,0.3577576649005221,0.22724013438299145
0.43267033267033256,55,0.38779688779688776,0.8423423423423423,0.6672908172451919,0.27949392944830415,True,2,0.31496723996724,0.0448734448734448,0.2685219542362399,0.8503401360544217,0.662059876856163,0.39353792261992304,True,1,0.4896680539537682,0.16414837843409263
0.4206456143352618,61,0.331985927090351,0.8401826484018264,0.5716301216121784,0.2396441945218274,True,4,0.26120967138258855,0.0886596872449108,0.2888379204892967,0.8555045871559633,0.5711202772020849,0.28228235671278823,True,4,0.3043576779836429,0.13180769384596513
0.45817635817635816,55,0.36736281736281734,0.8400900900900901,0.6430029483660209,0.27564013100320356,True,2,0.30442260442260444,0.09081354081354082,0.2766046589576001,0.8506787330316742,0.6403800436053797,0.3637753846477796,True,2,0.39518076282782166,0.18157169921875804
0.4119295404091072,53,0.40908706320331667,0.8430493273542601,0.6561524207439708,0.24706535754065417,True,2,0.17383027328877232,0.0028424772057905057,0.26385280463392824,0.8487584650112867,0.6554986080826701,0.3916458034487419,True,2,0.31906453185816075,0.14807673577517894
0.3573402827134171,67,0.33744472084024324,0.8449074074074074,0.5776463886397258,0.2402016677994826,True,0,,0.019895561873173873,0.26490486257928114,0.8558139534883721,0.5754049591581372,0.310500096578856,True,0,,0.09243542013413597
0.44783497635846636,52,0.3129839958699019,0.8322147651006712,0.6366561574305241,0.3236721615606222,True,2,0.3425830321803477,0.13485098048856448,0.2721760221760222,0.8490990990990991,0.6306452935395583,0.3584692713635361,True,2,0.38339100587422736,0.17565895418244415
0.4450532265451337,58,0.3194933145672062,0.8367346938775511,0.5832329608371483,0.26373964626994206,True,3,0.25104907863528547,0.12555991197792749,0.2653912769642577,0.8515981735159818,0.581709838672956,0.3163185617086983,True,4,0.27493634833873704,0.179661949580876
