split,orientation,rho
0,0,-0.9999999999999999
0,1,-0.8999999999999998
1,0,-0.8999999999999998
1,1,-0.8999999999999998
2,0,-0.7
2,1,-0.9999999999999999
3,0,-0.8999999999999998
3,1,-0.9999999999999999
4,0,-0.8999999999999998
4,1,-0.9999999999999999
5,0,-0.8999999999999998
5,1,-0.8999999999999998
6,0,-0.9999999999999999
6,1,-0.9999999999999999
7,0,-0.8999999999999998
7,1,-0.7
8,0,-0.8999999999999998
8,1,-0.8999999999999998
9,0,-0.8999999999999998
9,1,-0.9999999999999999
10,0,-0.9999999999999999
10,1,-0.9999999999999999
11,0,-0.9999999999999999
11,1,-0.9999999999999999
12,0,-0.8999999999999998
12,1,-0.8999999999999998
13,0,-0.9999999999999999
13,1,-0.8999999999999998
14,0,-0.9999999999999999
14,1,-0.8999999999999998
15,0,-0.9999999999999999
15,1,-0.8999999999999998
16,0,-0.6
16,1,-0.9999999999999999
17,0,-0.6
17,1,-0.9999999999999999
18,0,-0.8999999999999998
18,1,-0.8999999999999998
19,0,-0.8999999999999998
19,1,-0.8999999999999998
20,0,-0.8999999999999998
20,1,-0.7
21,0,-0.8999999999999998
21,1,-0.9999999999999999
22,0,-0.9999999999999999
22,1,-0.9999999999999999
23,0,-0.8999999999999998
23,1,-0.9999999999999999
24,0,-0.9999999999999999
24,1,-0.9999999999999999
25,0,-0.8999999999999998
25,1,-0.8999999999999998
26,0,-0.9999999999999999
26,1,-0.8999999999999998
27,0,-0.9999999999999999
27,1,-0.9999999999999999
28,0,-0.9999999999999999
28,1,-0.8999999999999998
29,0,-0.8999999999999998
29,1,-0.9999999999999999
30,0,-0.8999999999999998
30,1,-0.8999999999999998
31,0,-0.8999999999999998
31,1,-0.8999999999999998
32,0,-0.8999999999999998
32,1,-0.8999999999999998
33,0,-0.9999999999999999
33,1,-0.7
34,0,-0.9999999999999999
34,1,-0.9999999999999999
35,0,-0.8999999999999998
35,1,-0.8999999999999998
36,0,-0.8999999999999998
36,1,-0.9999999999999999
37,0,-0.8999999999999998
37,1,-0.9999999999999999
38,0,-0.9999999999999999
38,1,-0.8999999999999998
39,0,-0.8999999999999998
39,1,-0.7
40,0,-0.8999999999999998
40,1,-0.8999999999999998
41,0,-0.9999999999999999
41,1,-0.8999999999999998
42,0,-0.9999999999999999
42,1,-0.8999999999999998
43,0,-0.8999999999999998
43,1,-0.8999999999999998
44,0,-0.8999999999999998
44,1,-0.8999999999999998
45,0,-0.8999999999999998
45,1,-0.8999999999999998
46,0,-0.8999999999999998
46,1,-0.9999999999999999
47,0,-0.6
47,1,-0.9999999999999999
48,0,-0.8999999999999998
48,1,-0.8999999999999998
49,0,-0.9999999999999999
49,1,-0.8999999999999998
50,0,-0.9999999999999999
50,1,-0.8999999999999998
51,0,-0.7
51,1,-0.7
52,0,-0.9999999999999999
52,1,-0.8999999999999998
53,0,-0.8999999999999998
53,1,-0.8999999999999998
54,0,-0.9999999999999999
54,1,-0.8999999999999998
55,0,-0.8999999999999998
55,1,-0.8999999999999998
56,0,-0.7999999999999999
56,1,-0.7
57,0,-0.9999999999999999
57,1,-0.8999999999999998
58,0,-0.8999999999999998
58,1,-0.8999999999999998
59,0,-0.9999999999999999
59,1,-0.8999999999999998
60,0,-0.8999999999999998
60,1,-0.9999999999999999
61,0,-0.8999999999999998
61,1,-0.8999999999999998
62,0,-0.8999999999999998
62,1,-0.9999999999999999
63,0,-0.7
63,1,-0.7
64,0,-0.9999999999999999
64,1,-0.9999999999999999
65,0,-0.9999999999999999
65,1,-0.8999999999999998
66,0,-0.9999999999999999
66,1,-0.8999999999999998
67,0,-0.9999999999999999
67,1,-0.9999999999999999
68,0,-0.8999999999999998
68,1,-0.9999999999999999
69,0,-0.8999999999999998
69,1,-0.9999999999999999
70,0,-0.9999999999999999
70,1,-0.8999999999999998
71,0,-0.9999999999999999
71,1,-0.8999999999999998
72,0,-0.6
72,1,-0.7
73,0,-0.9999999999999999
73,1,-0.8999999999999998
74,0,-0.8999999999999998
74,1,-0.8999999999999998
75,0,-0.8999999999999998
75,1,-0.9999999999999999
76,0,-0.9999999999999999
76,1,-0.9999999999999999
77,0,-0.7999999999999999
77,1,-0.8999999999999998
78,0,-0.8999999999999998
78,1,-0.9999999999999999
79,0,-0.7
79,1,-0.7999999999999999
80,0,-0.8999999999999998
80,1,-0.8999999999999998
81,0,-0.9999999999999999
81,1,-0.7
82,0,-0.7999999999999999
82,1,-0.7999999999999999
83,0,-0.7
83,1,-0.7
84,0,-0.8999999999999998
84,1,-0.9999999999999999
85,0,-0.9999999999999999
85,1,-0.9999999999999999
86,0,-0.9999999999999999
86,1,-0.8999999999999998
87,0,-0.7
87,1,-0.8999999999999998
88,0,-0.9999999999999999
88,1,-0.9999999999999999
89,0,-0.9999999999999999
89,1,-0.8999999999999998
90,0,-0.9999999999999999
90,1,-0.8999999999999998
91,0,-0.9999999999999999
91,1,-0.9999999999999999
92,0,-0.8999999999999998
92,1,-0.8999999999999998
93,0,-0.8999999999999998
93,1,-0.9999999999999999
94,0,-0.9999999999999999
94,1,-0.7999999999999999
95,0,-0.8999999999999998
95,1,-0.9999999999999999
96,0,-0.8999999999999998
96,1,-0.8999999999999998
97,0,-0.8999999999999998
97,1,-0.8999999999999998
98,0,-0.8999999999999998
98,1,-0.8999999999999998
99,0,-0.9999999999999999
99,1,-0.8999999999999998
100,0,-0.8999999999999998
100,1,-0.9999999999999999
101,0,-0.8999999999999998
101,1,-0.8999999999999998
102,0,-0.8999999999999998
102,1,-0.8999999999999998
103,0,-0.8999999999999998
103,1,-0.9999999999999999
104,0,-0.8999999999999998
104,1,-0.9999999999999999
105,0,-0.8999999999999998
105,1,-0.7999999999999999
106,0,-0.9999999999999999
106,1,-0.8999999999999998
107,0,-0.7
107,1,-0.8999999999999998
108,0,-0.9999999999999999
108,1,-0.8999999999999998
109,0,-0.8999999999999998
109,1,-0.8999999999999998
110,0,-0.9999999999999999
110,1,-0.8999999999999998
111,0,-0.9999999999999999
111,1,-0.9999999999999999
112,0,-0.8999999999999998
112,1,-0.8999999999999998
113,0,-0.9999999999999999
113,1,-0.8999999999999998
114,0,-0.8999999999999998
114,1,-0.8999999999999998
115,0,-0.8999999999999998
115,1,-0.8999999999999998
116,0,-0.8999999999999998
116,1,-0.8999999999999998
117,0,-0.8999999999999998
117,1,-0.9999999999999999
118,0,-0.8999999999999998
118,1,-0.7
119,0,-0.9999999999999999
119,1,-0.9999999999999999
120,0,-0.9999999999999999
120,1,-0.8999999999999998
121,0,-0.8999999999999998
121,1,-0.8999999999999998
122,0,-0.39999999999999997
122,1,-0.7
123,0,-0.8999999999999998
123,1,-0.8999999999999998
124,0,-0.8999999999999998
124,1,-0.9999999999999999
125,0,-0.8999999999999998
125,1,-0.8999999999999998
126,0,-0.8999999999999998
126,1,-0.9999999999999999
127,0,-0.7
127,1,-0.8999999999999998
128,0,-0.9999999999999999
128,1,-0.8999999999999998
129,0,-0.9999999999999999
129,1,-0.9999999999999999
130,0,-0.8999999999999998
130,1,-0.8999999999999998
131,0,-0.9999999999999999
131,1,-0.9999999999999999
132,0,-0.9999999999999999
132,1,-0.8999999999999998
133,0,-0.9999999999999999
133,1,-0.8999999999999998
134,0,-0.8999999999999998
134,1,-0.7
135,0,-0.8999999999999998
135,1,-0.9999999999999999
136,0,-0.9999999999999999
136,1,-0.8999999999999998
137,0,-0.8999999999999998
137,1,-0.9999999999999999
138,0,-0.8999999999999998
138,1,-0.8999999999999998
139,0,-0.9999999999999999
139,1,-0.8999999999999998
140,0,-0.7999999999999999
140,1,-0.8999999999999998
141,0,-0.8999999999999998
141,1,-0.9999999999999999
142,0,-0.8999999999999998
142,1,-0.8999999999999998
143,0,-0.9999999999999999
143,1,-0.9999999999999999
144,0,-0.9999999999999999
144,1,-0.8999999999999998
145,0,-0.7999999999999999
145,1,-0.9999999999999999
146,0,-0.9999999999999999
146,1,-0.8999999999999998
147,0,-0.9999999999999999
147,1,-0.9999999999999999
148,0,-0.8999999999999998
148,1,-0.8999999999999998
149,0,-0.8999999999999998
149,1,-0.9999999999999999
150,0,-0.9999999999999999
150,1,-0.9999999999999999
151,0,-0.7
151,1,-0.9999999999999999
152,0,-0.7999999999999999
152,1,-0.6
153,0,-0.6
153,1,-0.8999999999999998
154,0,-0.8999999999999998
154,1,-0.7
155,0,-0.7
155,1,-0.9999999999999999
156,0,-0.8999999999999998
156,1,-0.9999999999999999
157,0,-0.8999999999999998
157,1,-0.9999999999999999
158,0,-0.8999999999999998
158,1,-0.8999999999999998
159,0,-0.8999999999999998
159,1,-0.8999999999999998
160,0,-0.8999999999999998
160,1,-0.9999999999999999
161,0,-0.8999999999999998
161,1,-0.8999999999999998
162,0,-0.8999999999999998
162,1,-0.9999999999999999
163,0,-0.8999999999999998
163,1,-0.8999999999999998
164,0,-0.8999999999999998
164,1,-0.9999999999999999
165,0,-0.8999999999999998
165,1,-0.7
166,0,-0.7999999999999999
166,1,-0.7999999999999999
167,0,-0.9999999999999999
167,1,-0.8999999999999998
168,0,-0.9999999999999999
168,1,-0.8999999999999998
169,0,-0.8999999999999998
169,1,-0.9999999999999999
170,0,-0.9999999999999999
170,1,-0.8999999999999998
171,0,-0.9999999999999999
171,1,-0.9999999999999999
172,0,-0.8999999999999998
172,1,-0.8999999999999998
173,0,-0.9999999999999999
173,1,-0.8999999999999998
174,0,-0.8999999999999998
174,1,-0.9999999999999999
175,0,-0.8999999999999998
175,1,-0.8999999999999998
176,0,-0.8999999999999998
176,1,-0.8999999999999998
177,0,-0.9999999999999999
177,1,-0.9999999999999999
178,0,-0.9999999999999999
178,1,-0.8999999999999998
179,0,-0.8999999999999998
179,1,-0.9999999999999999
180,0,-0.8999999999999998
180,1,-0.8999999999999998
181,0,-0.8999999999999998
181,1,-0.8999999999999998
182,0,-0.9999999999999999
182,1,-0.8999999999999998
183,0,-0.9999999999999999
183,1,-0.8999999999999998
184,0,-0.9999999999999999
184,1,-0.9999999999999999
185,0,-0.7
185,1,-0.9999999999999999
186,0,-0.8999999999999998
186,1,-0.8999999999999998
187,0,-0.7
187,1,-0.8999999999999998
188,0,-0.7999999999999999
188,1,-0.8999999999999998
189,0,-0.8999999999999998
189,1,-0.9999999999999999
190,0,-0.8999999999999998
190,1,-0.7
191,0,-0.9999999999999999
191,1,-0.9999999999999999
192,0,-0.8999999999999998
192,1,-0.8999999999999998
193,0,-0.9999999999999999
193,1,-0.8999999999999998
194,0,-0.7
194,1,-0.7
195,0,-0.9999999999999999
195,1,-0.7999999999999999
196,0,-0.9999999999999999
196,1,-0.8999999999999998
197,0,-0.8999999999999998
197,1,-0.9999999999999999
198,0,-0.8999999999999998
198,1,-0.9999999999999999
199,0,-0.8999999999999998
199,1,-0.9999999999999999
200,0,-0.8999999999999998
200,1,-0.9999999999999999
201,0,-0.9999999999999999
201,1,-0.8999999999999998
202,0,-0.8999999999999998
202,1,-0.8999999999999998
203,0,-0.8999999999999998
203,1,-0.9999999999999999
204,0,-0.8999999999999998
204,1,-0.9999999999999999
205,0,-0.9999999999999999
205,1,-0.8999999999999998
206,0,-0.9999999999999999
206,1,-0.7999999999999999
207,0,-0.7
207,1,-0.8999999999999998
208,0,-0.8999999999999998
208,1,-0.8999999999999998
209,0,-0.8999999999999998
209,1,-0.9999999999999999
210,0,-0.9999999999999999
210,1,-0.8999999999999998
211,0,-0.8999999999999998
211,1,-0.8999999999999998
212,0,-0.9999999999999999
212,1,-0.8999999999999998
213,0,-0.8999999999999998
213,1,-0.9999999999999999
214,0,-0.9999999999999999
214,1,-0.8999999999999998
215,0,-0.7
215,1,-0.9999999999999999
216,0,-0.9999999999999999
216,1,-0.8999999999999998
217,0,-0.8999999999999998
217,1,-0.8999999999999998
218,0,-0.8999999999999998
218,1,-0.9999999999999999
219,0,-0.6
219,1,-0.7
220,0,-0.9999999999999999
220,1,-0.8999999999999998
221,0,-0.8999999999999998
221,1,-0.9999999999999999
222,0,-0.8999999999999998
222,1,-0.9999999999999999
223,0,-0.9999999999999999
223,1,-0.9999999999999999
224,0,-0.9999999999999999
224,1,-0.7999999999999999
225,0,-0.8999999999999998
225,1,-0.8999999999999998
226,0,-0.9999999999999999
226,1,-0.8999999999999998
227,0,-0.8999999999999998
227,1,-0.8999999999999998
228,0,-0.9999999999999999
228,1,-0.7999999999999999
229,0,-0.8999999999999998
229,1,-0.9999999999999999
230,0,-0.9999999999999999
230,1,-0.8999999999999998
231,0,-0.8999999999999998
231,1,-0.8999999999999998
232,0,-0.8999999999999998
232,1,-0.8999999999999998
233,0,-0.8999999999999998
233,1,-0.8999999999999998
234,0,-0.9999999999999999
234,1,-0.9999999999999999
235,0,-0.7
235,1,-0.6
236,0,-0.7
236,1,-0.8999999999999998
237,0,-0.9999999999999999
237,1,-0.9999999999999999
238,0,-0.8999999999999998
238,1,-0.9999999999999999
239,0,-0.8999999999999998
239,1,-0.8999999999999998
240,0,-0.8999999999999998
240,1,-0.8999999999999998
241,0,-0.9999999999999999
241,1,-0.8999999999999998
242,0,-0.8999999999999998
242,1,-0.9999999999999999
243,0,-0.8999999999999998
243,1,-0.9999999999999999
244,0,-0.8999999999999998
244,1,-0.8999999999999998
245,0,-0.8999999999999998
245,1,-0.7999999999999999
246,0,-0.9999999999999999
246,1,-0.8999999999999998
247,0,-0.9999999999999999
247,1,-0.8999999999999998
248,0,-0.9999999999999999
248,1,-0.9999999999999999
249,0,-0.8999999999999998
249,1,-0.8999999999999998
250,0,-0.7
250,1,-0.8999999999999998
251,0,-0.7
251,1,-0.8999999999999998
252,0,-0.8999999999999998
252,1,-0.8999999999999998
253,0,-0.8999999999999998
253,1,-0.9999999999999999
254,0,-0.8999999999999998
254,1,-0.8999999999999998
255,0,-0.9999999999999999
255,1,-0.8999999999999998
256,0,-0.7
256,1,-0.7999999999999999
257,0,-0.8999999999999998
257,1,-0.9999999999999999
258,0,-0.8999999999999998
258,1,-0.8999999999999998
259,0,-0.8999999999999998
259,1,-0.7
260,0,-0.9999999999999999
260,1,-0.8999999999999998
261,0,-0.9999999999999999
261,1,-0.9999999999999999
262,0,-0.9999999999999999
262,1,-0.8999999999999998
263,0,-0.9999999999999999
263,1,-0.8999999999999998
264,0,-0.8999999999999998
264,1,-0.9999999999999999
265,0,-0.8999999999999998
265,1,-0.9999999999999999
266,0,-0.8999999999999998
266,1,-0.9999999999999999
267,0,-0.8999999999999998
267,1,-0.9999999999999999
268,0,-0.8999999999999998
268,1,-0.9999999999999999
269,0,-0.8999999999999998
269,1,-0.9999999999999999
270,0,-0.9999999999999999
270,1,-0.8999999999999998
271,0,-0.8999999999999998
271,1,-0.8999999999999998
272,0,-0.8999999999999998
272,1,-0.9999999999999999
273,0,-0.9999999999999999
273,1,-0.8999999999999998
274,0,-0.9999999999999999
274,1,-0.8999999999999998
275,0,-0.9999999999999999
275,1,-0.9999999999999999
276,0,-0.8999999999999998
276,1,-0.9999999999999999
277,0,-0.8999999999999998
277,1,-0.9999999999999999
278,0,-0.8999999999999998
278,1,-0.9999999999999999
279,0,-0.8999999999999998
279,1,-0.9999999999999999
280,0,-0.7
280,1,-0.7
281,0,-0.9999999999999999
281,1,-0.9999999999999999
282,0,-0.8999999999999998
282,1,-0.8999999999999998
283,0,-0.8999999999999998
283,1,-0.8999999999999998
284,0,-0.8999999999999998
284,1,-0.8999999999999998
285,0,-0.7
285,1,-0.9999999999999999
286,0,-0.8999999999999998
286,1,-0.8999999999999998
287,0,-0.9999999999999999
287,1,-0.8999999999999998
288,0,-0.7
288,1,-0.7
289,0,-0.8999999999999998
289,1,-0.7
290,0,-0.9999999999999999
290,1,-0.8999999999999998
291,0,-0.9999999999999999
291,1,-0.8999999999999998
292,0,-0.8999999999999998
292,1,-0.8999999999999998
293,0,-0.7
293,1,-0.9999999999999999
294,0,-0.9999999999999999
294,1,-0.9999999999999999
295,0,-0.8999999999999998
295,1,-0.8999999999999998
296,0,-0.8999999999999998
296,1,-0.9999999999999999
297,0,-0.7
297,1,-0.8999999999999998
298,0,-0.8999999999999998
298,1,-0.8999999999999998
299,0,-0.8999999999999998
299,1,-0.8999999999999998
300,0,-0.9999999999999999
300,1,-0.9999999999999999
301,0,-0.8999999999999998
301,1,-0.9999999999999999
302,0,-0.8999999999999998
302,1,-0.9999999999999999
303,0,-0.7
303,1,-0.9999999999999999
304,0,-0.9999999999999999
304,1,-0.9999999999999999
305,0,-0.9999999999999999
305,1,-0.9999999999999999
306,0,-0.7999999999999999
306,1,-0.9999999999999999
307,0,-0.7
307,1,-0.8999999999999998
308,0,-0.9999999999999999
308,1,-0.8999999999999998
309,0,-0.8999999999999998
309,1,-0.8999999999999998
310,0,-0.9999999999999999
310,1,-0.9999999999999999
311,0,-0.9999999999999999
311,1,-0.8999999999999998
312,0,-0.8999999999999998
312,1,-0.8999999999999998
313,0,-0.8999999999999998
313,1,-0.8999999999999998
314,0,-0.8999999999999998
314,1,-0.8999999999999998
315,0,-0.8999999999999998
315,1,-0.9999999999999999
316,0,-0.8999999999999998
316,1,-0.9999999999999999
317,0,-0.7
317,1,-0.9999999999999999
318,0,-0.8999999999999998
318,1,-0.8999999999999998
319,0,-0.9999999999999999
319,1,-0.9999999999999999
320,0,-0.6
320,1,-0.9999999999999999
321,0,-0.8999999999999998
321,1,-0.8999999999999998
322,0,-0.8999999999999998
322,1,-0.8999999999999998
323,0,-0.8999999999999998
323,1,-0.7999999999999999
324,0,-0.7
324,1,-0.9999999999999999
325,0,-0.8999999999999998
325,1,-0.9999999999999999
326,0,-0.8999999999999998
326,1,-0.8999999999999998
327,0,-0.9999999999999999
327,1,-0.8999999999999998
328,0,-0.8999999999999998
328,1,-0.9999999999999999
329,0,-0.9999999999999999
329,1,-0.8999999999999998
330,0,-0.7
330,1,-0.8999999999999998
331,0,-0.8999999999999998
331,1,-0.9999999999999999
332,0,-0.8999999999999998
332,1,-0.9999999999999999
333,0,-0.8999999999999998
333,1,-0.9999999999999999
334,0,-0.8999999999999998
334,1,-0.9999999999999999
335,0,-0.8999999999999998
335,1,-0.9999999999999999
336,0,-0.8999999999999998
336,1,-0.9999999999999999
337,0,-0.8999999999999998
337,1,-0.6
338,0,-0.9999999999999999
338,1,-0.8999999999999998
339,0,-0.9999999999999999
339,1,-0.9999999999999999
340,0,-0.9999999999999999
340,1,-0.8999999999999998
341,0,-0.8999999999999998
341,1,-0.9999999999999999
342,0,-0.9999999999999999
342,1,-0.9999999999999999
343,0,-0.9999999999999999
343,1,-0.9999999999999999
344,0,-0.8999999999999998
344,1,-0.8999999999999998
345,0,-0.9999999999999999
345,1,-0.8999999999999998
346,0,-0.8999999999999998
346,1,-0.9999999999999999
347,0,-0.8999999999999998
347,1,-0.9999999999999999
348,0,-0.8999999999999998
348,1,-0.8999999999999998
349,0,-0.8999999999999998
349,1,-0.9999999999999999
350,0,-0.8999999999999998
350,1,-0.8999999999999998
351,0,-0.8999999999999998
351,1,-0.9999999999999999
352,0,-0.9999999999999999
352,1,-0.9999999999999999
353,0,-0.8999999999999998
353,1,-0.9999999999999999
354,0,-0.8999999999999998
354,1,-0.9999999999999999
355,0,-0.8999999999999998
355,1,-0.9999999999999999
356,0,-0.7999999999999999
356,1,-0.9999999999999999
357,0,-0.8999999999999998
357,1,-0.9999999999999999
358,0,-0.7
358,1,-0.9999999999999999
359,0,-0.8999999999999998
359,1,-0.8999999999999998
360,0,-0.8999999999999998
360,1,-0.9999999999999999
361,0,-0.9999999999999999
361,1,-0.8999999999999998
362,0,-0.9999999999999999
362,1,-0.8999999999999998
363,0,-0.8999999999999998
363,1,-0.9999999999999999
364,0,-0.8999999999999998
364,1,-0.9999999999999999
365,0,-0.8999999999999998
365,1,-0.7999999999999999
366,0,-0.8999999999999998
366,1,-0.8999999999999998
367,0,-0.7
367,1,-0.8999999999999998
368,0,-0.7
368,1,-0.6
369,0,-0.8999999999999998
369,1,-0.9999999999999999
370,0,-0.7
370,1,-0.7
371,0,-0.8999999999999998
371,1,-0.9999999999999999
372,0,-0.8999999999999998
372,1,-0.8999999999999998
373,0,-0.9999999999999999
373,1,-0.8999999999999998
374,0,-0.9999999999999999
374,1,-0.8999999999999998
375,0,-0.8999999999999998
375,1,-0.7
376,0,-0.7
376,1,-0.7
377,0,-0.9999999999999999
377,1,-0.8999999999999998
378,0,-0.9999999999999999
378,1,-0.7
379,0,-0.7
379,1,-0.7
380,0,-0.9999999999999999
380,1,-0.9999999999999999
381,0,-0.9999999999999999
381,1,-0.8999999999999998
382,0,-0.9999999999999999
382,1,-0.6
383,0,-0.9999999999999999
383,1,-0.8999999999999998
384,0,-0.8999999999999998
384,1,-0.8999999999999998
385,0,-0.7
385,1,-0.9999999999999999
386,0,-0.8999999999999998
386,1,-0.9999999999999999
387,0,-0.8999999999999998
387,1,-0.9999999999999999
388,0,-0.7999999999999999
388,1,-0.9999999999999999
389,0,-0.9999999999999999
389,1,-0.8999999999999998
390,0,-0.9999999999999999
390,1,-0.8999999999999998
391,0,-0.9999999999999999
391,1,-0.9999999999999999
392,0,-0.9999999999999999
392,1,-0.8999999999999998
393,0,-0.8999999999999998
393,1,-0.8999999999999998
394,0,-0.8999999999999998
394,1,-0.7
395,0,-0.8999999999999998
395,1,-0.9999999999999999
396,0,-0.9999999999999999
396,1,-0.7
397,0,-0.8999999999999998
397,1,-0.9999999999999999
398,0,-0.7999999999999999
398,1,-0.9999999999999999
399,0,-0.8999999999999998
399,1,-0.9999999999999999
400,0,-0.8999999999999998
400,1,-0.8999999999999998
401,0,-0.9999999999999999
401,1,-0.8999999999999998
402,0,-0.8999999999999998
402,1,-0.7
403,0,-0.8999999999999998
403,1,-0.8999999999999998
404,0,-0.9999999999999999
404,1,-0.9999999999999999
405,0,-0.8999999999999998
405,1,-0.8999999999999998
406,0,-0.9999999999999999
406,1,-0.7
407,0,-0.8999999999999998
407,1,-0.7999999999999999
408,0,-0.9999999999999999
408,1,-0.9999999999999999
409,0,-0.9999999999999999
409,1,-0.8999999999999998
410,0,-0.7
410,1,-0.7999999999999999
411,0,-0.8999999999999998
411,1,-0.9999999999999999
412,0,-0.8999999999999998
412,1,-0.8999999999999998
413,0,-0.8999999999999998
413,1,-0.9999999999999999
414,0,-0.8999999999999998
414,1,-0.9999999999999999
415,0,-0.7
415,1,-0.8999999999999998
416,0,-0.9999999999999999
416,1,-0.9999999999999999
417,0,-0.8999999999999998
417,1,-0.8999999999999998
418,0,-0.8999999999999998
418,1,-0.9999999999999999
419,0,-0.8999999999999998
419,1,-0.8999999999999998
420,0,-0.9999999999999999
420,1,-0.8999999999999998
421,0,-0.8999999999999998
421,1,-0.8999999999999998
422,0,-0.9999999999999999
422,1,-0.6
423,0,-0.8999999999999998
423,1,-0.9999999999999999
424,0,-0.7
424,1,-0.49999999999999994
425,0,-0.8999999999999998
425,1,-0.9999999999999999
426,0,-0.8999999999999998
426,1,-0.7
427,0,-0.8999999999999998
427,1,-0.9999999999999999
428,0,-0.9999999999999999
428,1,-0.8999999999999998
429,0,-0.8999999999999998
429,1,-0.8999999999999998
430,0,-0.7999999999999999
430,1,-0.9999999999999999
431,0,-0.7
431,1,-0.8999999999999998
432,0,-0.8999999999999998
432,1,-0.9999999999999999
433,0,-0.8999999999999998
433,1,-0.9999999999999999
434,0,-0.9999999999999999
434,1,-0.9999999999999999
435,0,-0.9999999999999999
435,1,-0.8999999999999998
436,0,-0.8999999999999998
436,1,-0.9999999999999999
437,0,-0.9999999999999999
437,1,-0.8999999999999998
438,0,-0.7999999999999999
438,1,-0.8999999999999998
439,0,-0.8999999999999998
439,1,-0.9999999999999999
440,0,-0.9999999999999999
440,1,-0.7
441,0,-0.9999999999999999
441,1,-0.9999999999999999
442,0,-0.8999999999999998
442,1,-0.9999999999999999
443,0,-0.8999999999999998
443,1,-0.9999999999999999
444,0,-0.7
444,1,-0.9999999999999999
445,0,-0.8999999999999998
445,1,-0.8999999999999998
446,0,-0.9999999999999999
446,1,-0.8999999999999998
447,0,-0.8999999999999998
447,1,-0.9999999999999999
448,0,-0.9999999999999999
448,1,-0.9999999999999999
449,0,-0.9999999999999999
449,1,-0.8999999999999998
450,0,-0.9999999999999999
450,1,-0.9999999999999999
451,0,-0.8999999999999998
451,1,-0.8999999999999998
452,0,-0.8999999999999998
452,1,-0.9999999999999999
453,0,-0.9999999999999999
453,1,-0.8999999999999998
454,0,-0.9999999999999999
454,1,-0.8999999999999998
455,0,-0.8999999999999998
455,1,-0.7999999999999999
456,0,-0.8999999999999998
456,1,-0.9999999999999999
457,0,-0.8999999999999998
457,1,-0.7999999999999999
458,0,-0.9999999999999999
458,1,-0.8999999999999998
459,0,-0.8999999999999998
459,1,-0.8999999999999998
460,0,-0.8999999999999998
460,1,-0.8999999999999998
461,0,-0.8999999999999998
461,1,-0.9999999999999999
462,0,-0.7
462,1,-0.9999999999999999
463,0,-0.8999999999999998
463,1,-0.7
464,0,-0.9999999999999999
464,1,-0.9999999999999999
465,0,-0.9999999999999999
465,1,-0.8999999999999998
466,0,-0.9999999999999999
466,1,-0.8999999999999998
467,0,-0.7
467,1,-0.8999999999999998
468,0,-0.8999999999999998
468,1,-0.9999999999999999
469,0,-0.9999999999999999
469,1,-0.9999999999999999
470,0,-0.8999999999999998
470,1,-0.9999999999999999
471,0,-0.9999999999999999
471,1,-0.9999999999999999
472,0,-0.9999999999999999
472,1,-0.9999999999999999
473,0,-0.8999999999999998
473,1,-0.8999999999999998
474,0,-0.8999999999999998
474,1,-0.9999999999999999
475,0,-0.8999999999999998
475,1,-0.9999999999999999
476,0,-0.7999999999999999
476,1,-0.3
477,0,-0.6
477,1,-0.8999999999999998
478,0,-0.8999999999999998
478,1,-0.8999999999999998
479,0,-0.8999999999999998
479,1,-0.7999999999999999
480,0,-0.8999999999999998
480,1,-0.8999999999999998
481,0,-0.8999999999999998
481,1,-0.9999999999999999
482,0,-0.8999999999999998
482,1,-0.9999999999999999
483,0,-0.8999999999999998
483,1,-0.8999999999999998
484,0,-0.9999999999999999
484,1,-0.8999999999999998
485,0,-0.8999999999999998
485,1,-0.8999999999999998
486,0,-0.8999999999999998
486,1,-0.7
487,0,-0.8999999999999998
487,1,-0.9999999999999999
488,0,-0.9999999999999999
488,1,-0.7
489,0,-0.9999999999999999
489,1,-0.9999999999999999
490,0,-0.7999999999999999
490,1,-0.7999999999999999
491,0,-0.9999999999999999
491,1,-0.8999999999999998
492,0,-0.8999999999999998
492,1,-0.9999999999999999
493,0,-0.9999999999999999
493,1,-0.9999999999999999
494,0,-0.9999999999999999
494,1,-0.7
495,0,-0.8999999999999998
495,1,-0.8999999999999998
496,0,-0.8999999999999998
496,1,-0.7
497,0,-0.8999999999999998
497,1,-0.8999999999999998
498,0,-0.9999999999999999
498,1,-0.9999999999999999
499,0,-0.7
499,1,-0.8999999999999998
500,0,-0.7
500,1,-0.7
501,0,-0.8999999999999998
501,1,-0.9999999999999999
502,0,-0.8999999999999998
502,1,-0.9999999999999999
503,0,-0.8999999999999998
503,1,-0.9999999999999999
504,0,-0.8999999999999998
504,1,-0.9999999999999999
505,0,-0.9999999999999999
505,1,-0.9999999999999999
506,0,-0.9999999999999999
506,1,-0.7999999999999999
507,0,-0.8999999999999998
507,1,-0.8999999999999998
508,0,-0.9999999999999999
508,1,-0.8999999999999998
509,0,-0.9999999999999999
509,1,-0.9999999999999999
510,0,-0.9999999999999999
510,1,-0.9999999999999999
511,0,-0.8999999999999998
511,1,-0.9999999999999999
512,0,-0.7
512,1,-0.7999999999999999
513,0,-0.8999999999999998
513,1,-0.8999999999999998
514,0,-0.8999999999999998
514,1,-0.6
515,0,-0.8999999999999998
515,1,-0.8999999999999998
516,0,-0.9999999999999999
516,1,-0.9999999999999999
517,0,-0.7999999999999999
517,1,-0.8999999999999998
518,0,-0.8999999999999998
518,1,-0.8999999999999998
519,0,-0.8999999999999998
519,1,-0.7
520,0,-0.9999999999999999
520,1,-0.8999999999999998
521,0,-0.9999999999999999
521,1,-0.9999999999999999
522,0,-0.8999999999999998
522,1,-0.8999999999999998
523,0,-0.7
523,1,-0.8999999999999998
524,0,-0.6
524,1,-0.9999999999999999
525,0,-0.9999999999999999
525,1,-0.8999999999999998
526,0,-0.7
526,1,-0.8999999999999998
527,0,-0.9999999999999999
527,1,-0.8999999999999998
528,0,-0.8999999999999998
528,1,-0.8999999999999998
529,0,-0.7
529,1,-0.8999999999999998
530,0,-0.7
530,1,-0.8999999999999998
531,0,-0.9999999999999999
531,1,-0.8999999999999998
532,0,-0.8999999999999998
532,1,-0.8999999999999998
533,0,-0.9999999999999999
533,1,-0.7
534,0,-0.8999999999999998
534,1,-0.8999999999999998
535,0,-0.8999999999999998
535,1,-0.9999999999999999
536,0,-0.8999999999999998
536,1,-0.9999999999999999
537,0,-0.9999999999999999
537,1,-0.8999999999999998
538,0,-0.9999999999999999
538,1,-0.8999999999999998
539,0,-0.8999999999999998
539,1,-0.7
540,0,-0.8999999999999998
540,1,-0.9999999999999999
541,0,-0.9999999999999999
541,1,-0.9999999999999999
542,0,-0.8999999999999998
542,1,-0.9999999999999999
543,0,-0.9999999999999999
543,1,-0.8999999999999998
544,0,-0.8999999999999998
544,1,-0.7999999999999999
545,0,-0.7
545,1,-0.8999999999999998
546,0,-0.8999999999999998
546,1,-0.9999999999999999
547,0,-0.8999999999999998
547,1,-0.9999999999999999
548,0,-0.7
548,1,-0.8999999999999998
549,0,-0.8999999999999998
549,1,-0.8999999999999998
550,0,-0.8999999999999998
550,1,-0.8999999999999998
551,0,-0.8999999999999998
551,1,-0.9999999999999999
552,0,-0.7999999999999999
552,1,-0.9999999999999999
553,0,-0.9999999999999999
553,1,-0.9999999999999999
554,0,-0.7
554,1,-0.7
555,0,-0.9999999999999999
555,1,-0.8999999999999998
556,0,-0.8999999999999998
556,1,-0.8999999999999998
557,0,-0.7
557,1,-0.9999999999999999
558,0,-0.8999999999999998
558,1,-0.8999999999999998
559,0,-0.7
559,1,-0.8999999999999998
560,0,-0.7
560,1,-0.8999999999999998
561,0,-0.8999999999999998
561,1,-0.8999999999999998
562,0,-0.8999999999999998
562,1,-0.9999999999999999
563,0,-0.8999999999999998
563,1,-0.9999999999999999
564,0,-0.9999999999999999
564,1,-0.7999999999999999
565,0,-0.9999999999999999
565,1,-0.8999999999999998
566,0,-0.9999999999999999
566,1,-0.8999999999999998
567,0,-0.8999999999999998
567,1,-0.7
568,0,-0.9999999999999999
568,1,-0.8999999999999998
569,0,-0.9999999999999999
569,1,-0.9999999999999999
570,0,-0.7
570,1,-0.9999999999999999
571,0,-0.8999999999999998
571,1,-0.9999999999999999
572,0,-0.9999999999999999
572,1,-0.8999999999999998
573,0,-0.8999999999999998
573,1,-0.9999999999999999
574,0,-0.7
574,1,-0.8999999999999998
575,0,-0.9999999999999999
575,1,-0.8999999999999998
576,0,-0.7999999999999999
576,1,-0.7
577,0,-0.8999999999999998
577,1,-0.7
578,0,-0.7999999999999999
578,1,-0.8999999999999998
579,0,-0.9999999999999999
579,1,-0.8999999999999998
580,0,-0.8999999999999998
580,1,-0.6
581,0,-0.8999999999999998
581,1,-0.9999999999999999
582,0,-0.9999999999999999
582,1,-0.8999999999999998
583,0,-0.7999999999999999
583,1,-0.9999999999999999
584,0,-0.8999999999999998
584,1,-0.9999999999999999
585,0,-0.9999999999999999
585,1,-0.8999999999999998
586,0,-0.8999999999999998
586,1,-0.8999999999999998
587,0,-0.7
587,1,-0.9999999999999999
588,0,-0.8999999999999998
588,1,-0.8999999999999998
589,0,-0.8999999999999998
589,1,-0.8999999999999998
590,0,-0.8999999999999998
590,1,-0.8999999999999998
591,0,-0.8999999999999998
591,1,-0.7
592,0,-0.8999999999999998
592,1,-0.8999999999999998
593,0,-0.9999999999999999
593,1,-0.9999999999999999
594,0,-0.9999999999999999
594,1,-0.9999999999999999
595,0,-0.8999999999999998
595,1,-0.7
596,0,-0.9999999999999999
596,1,-0.8999999999999998
597,0,-0.8999999999999998
597,1,-0.8999999999999998
598,0,-0.7
598,1,-0.8999999999999998
599,0,-0.8999999999999998
599,1,-0.9999999999999999
600,0,-0.7999999999999999
600,1,-0.8999999999999998
601,0,-0.9999999999999999
601,1,-0.9999999999999999
602,0,-0.9999999999999999
602,1,-0.8999999999999998
603,0,-0.8999999999999998
603,1,-0.9999999999999999
604,0,-0.9999999999999999
604,1,-0.8999999999999998
605,0,-0.7
605,1,-0.9999999999999999
606,0,-0.7999999999999999
606,1,-0.9999999999999999
607,0,-0.8999999999999998
607,1,-0.9999999999999999
608,0,-0.8999999999999998
608,1,-0.9999999999999999
609,0,-0.8999999999999998
609,1,-0.7999999999999999
610,0,-0.8999999999999998
610,1,-0.9999999999999999
611,0,-0.9999999999999999
611,1,-0.8999999999999998
612,0,-0.9999999999999999
612,1,-0.9999999999999999
613,0,-0.8999999999999998
613,1,-0.9999999999999999
614,0,-0.8999999999999998
614,1,-0.8999999999999998
615,0,-0.8999999999999998
615,1,-0.9999999999999999
616,0,-0.8999999999999998
616,1,-0.9999999999999999
617,0,-0.9999999999999999
617,1,-0.8999999999999998
618,0,-0.8999999999999998
618,1,-0.8999999999999998
619,0,-0.8999999999999998
619,1,-0.9999999999999999
620,0,-0.49999999999999994
620,1,-0.8999999999999998
621,0,-0.8999999999999998
621,1,-0.9999999999999999
622,0,-0.8999999999999998
622,1,-0.7
623,0,-0.9999999999999999
623,1,-0.9999999999999999
624,0,-0.8999999999999998
624,1,-0.9999999999999999
625,0,-0.8999999999999998
625,1,-0.9999999999999999
626,0,-0.9999999999999999
626,1,-0.8999999999999998
627,0,-0.9999999999999999
627,1,-0.8999999999999998
628,0,-0.9999999999999999
628,1,-0.9999999999999999
629,0,-0.9999999999999999
629,1,-0.9999999999999999
630,0,-0.8999999999999998
630,1,-0.8999999999999998
631,0,-0.8999999999999998
631,1,-0.9999999999999999
632,0,-0.8999999999999998
632,1,-0.9999999999999999
633,0,-0.8999999999999998
633,1,-0.9999999999999999
634,0,-0.7
634,1,-0.8999999999999998
635,0,-0.8999999999999998
635,1,-0.8999999999999998
636,0,-0.7
636,1,-0.7
637,0,-0.7
637,1,-0.9999999999999999
638,0,-0.8999999999999998
638,1,-0.9999999999999999
639,0,-0.8999999999999998
639,1,-0.9999999999999999
640,0,-0.6
640,1,-0.9999999999999999
641,0,-0.9999999999999999
641,1,-0.9999999999999999
642,0,-0.8999999999999998
642,1,-0.8999999999999998
643,0,-0.8999999999999998
643,1,-0.9999999999999999
644,0,-0.9999999999999999
644,1,-0.9999999999999999
645,0,-0.8999999999999998
645,1,-0.9999999999999999
646,0,-0.8999999999999998
646,1,-0.9999999999999999
647,0,-0.8999999999999998
647,1,-0.9999999999999999
648,0,-0.9999999999999999
648,1,-0.8999999999999998
649,0,-0.9999999999999999
649,1,-0.8999999999999998
650,0,-0.9999999999999999
650,1,-0.8999999999999998
651,0,-0.7999999999999999
651,1,-0.8999999999999998
652,0,-0.7
652,1,-0.8999999999999998
653,0,-0.7999999999999999
653,1,-0.8999999999999998
654,0,-0.9999999999999999
654,1,-0.8999999999999998
655,0,-0.9999999999999999
655,1,-0.8999999999999998
656,0,-0.8999999999999998
656,1,-0.7
657,0,-0.9999999999999999
657,1,-0.8999999999999998
658,0,-0.8999999999999998
658,1,-0.9999999999999999
659,0,-0.8999999999999998
659,1,-0.9999999999999999
660,0,-0.9999999999999999
660,1,-0.8999999999999998
661,0,-0.9999999999999999
661,1,-0.8999999999999998
662,0,-0.8999999999999998
662,1,-0.8999999999999998
663,0,-0.9999999999999999
663,1,-0.8999999999999998
664,0,-0.7999999999999999
664,1,-0.8999999999999998
665,0,-0.9999999999999999
665,1,-0.8999999999999998
666,0,-0.8999999999999998
666,1,-0.8999999999999998
667,0,-0.8999999999999998
667,1,-0.8999999999999998
668,0,-0.6
668,1,-0.7
669,0,-0.9999999999999999
669,1,-0.9999999999999999
670,0,-0.9999999999999999
670,1,-0.8999999999999998
671,0,-0.9999999999999999
671,1,-0.8999999999999998
672,0,-0.8999999999999998
672,1,-0.9999999999999999
673,0,-0.9999999999999999
673,1,-0.9999999999999999
674,0,-0.8999999999999998
674,1,-0.9999999999999999
675,0,-0.8999999999999998
675,1,-0.9999999999999999
676,0,-0.8999999999999998
676,1,-0.9999999999999999
677,0,-0.8999999999999998
677,1,-0.8999999999999998
678,0,-0.9999999999999999
678,1,-0.9999999999999999
679,0,-0.8999999999999998
679,1,-0.8999999999999998
680,0,-0.7999999999999999
680,1,-0.8999999999999998
681,0,-0.8999999999999998
681,1,-0.8999999999999998
682,0,-0.9999999999999999
682,1,-0.8999999999999998
683,0,-0.9999999999999999
683,1,-0.9999999999999999
684,0,-0.9999999999999999
684,1,-0.9999999999999999
685,0,-0.8999999999999998
685,1,-0.9999999999999999
686,0,-0.8999999999999998
686,1,-0.7
687,0,-0.9999999999999999
687,1,-0.9999999999999999
688,0,-0.8999999999999998
688,1,-0.8999999999999998
689,0,-0.7999999999999999
689,1,-0.9999999999999999
690,0,-0.8999999999999998
690,1,-0.8999999999999998
691,0,-0.8999999999999998
691,1,-0.8999999999999998
692,0,-0.8999999999999998
692,1,-0.7
693,0,-0.8999999999999998
693,1,-0.8999999999999998
694,0,-0.8999999999999998
694,1,-0.8999999999999998
695,0,-0.8999999999999998
695,1,-0.7
696,0,-0.39999999999999997
696,1,-0.7
697,0,-0.9999999999999999
697,1,-0.8999999999999998
698,0,-0.6
698,1,-0.9999999999999999
699,0,-0.9999999999999999
699,1,-0.8999999999999998
700,0,-0.8999999999999998
700,1,-0.9999999999999999
701,0,-0.9999999999999999
701,1,-0.8999999999999998
702,0,-0.8999999999999998
702,1,-0.9999999999999999
703,0,-0.9999999999999999
703,1,-0.9999999999999999
704,0,-0.9999999999999999
704,1,-0.8999999999999998
705,0,-0.8999999999999998
705,1,-0.8999999999999998
706,0,-0.9999999999999999
706,1,-0.9999999999999999
707,0,-0.7
707,1,-0.7
708,0,-0.8999999999999998
708,1,-0.8999999999999998
709,0,-0.8999999999999998
709,1,-0.7
710,0,-0.9999999999999999
710,1,-0.8999999999999998
711,0,-0.8999999999999998
711,1,-0.8999999999999998
712,0,-0.9999999999999999
712,1,-0.7
713,0,-0.8999999999999998
713,1,-0.9999999999999999
714,0,-0.8999999999999998
714,1,-0.9999999999999999
715,0,-0.8999999999999998
715,1,-0.8999999999999998
716,0,-0.9999999999999999
716,1,-0.8999999999999998
717,0,-0.9999999999999999
717,1,-0.9999999999999999
718,0,-0.9999999999999999
718,1,-0.9999999999999999
719,0,-0.6
719,1,-0.9999999999999999
720,0,-0.9999999999999999
720,1,-0.7999999999999999
721,0,-0.8999999999999998
721,1,-0.8999999999999998
722,0,-0.8999999999999998
722,1,-0.9999999999999999
723,0,-0.9999999999999999
723,1,-0.8999999999999998
724,0,-0.8999999999999998
724,1,-0.9999999999999999
725,0,-0.8999999999999998
725,1,-0.8999999999999998
726,0,-0.8999999999999998
726,1,-0.9999999999999999
727,0,-0.9999999999999999
727,1,-0.9999999999999999
728,0,-0.9999999999999999
728,1,-0.8999999999999998
729,0,-0.7
729,1,-0.7
730,0,-0.9999999999999999
730,1,-0.8999999999999998
731,0,-0.9999999999999999
731,1,-0.8999999999999998
732,0,-0.8999999999999998
732,1,-0.8999999999999998
733,0,-0.8999999999999998
733,1,-0.7
734,0,-0.9999999999999999
734,1,-0.6
735,0,-0.8999999999999998
735,1,-0.9999999999999999
736,0,-0.8999999999999998
736,1,-0.9999999999999999
737,0,-0.8999999999999998
737,1,-0.8999999999999998
738,0,-0.8999999999999998
738,1,-0.8999999999999998
739,0,-0.9999999999999999
739,1,-0.7999999999999999
740,0,-0.7999999999999999
740,1,-0.8999999999999998
741,0,-0.9999999999999999
741,1,-0.9999999999999999
742,0,-0.9999999999999999
742,1,-0.9999999999999999
743,0,-0.9999999999999999
743,1,-0.8999999999999998
744,0,-0.8999999999999998
744,1,-0.8999999999999998
745,0,-0.8999999999999998
745,1,-0.8999999999999998
746,0,-0.9999999999999999
746,1,-0.8999999999999998
747,0,-0.8999999999999998
747,1,-0.9999999999999999
748,0,-0.7
748,1,-0.7999999999999999
749,0,-0.9999999999999999
749,1,-0.8999999999999998
750,0,-0.9999999999999999
750,1,-0.9999999999999999
751,0,-0.9999999999999999
751,1,-0.8999999999999998
752,0,-0.8999999999999998
752,1,-0.8999999999999998
753,0,-0.7
753,1,-0.8999999999999998
754,0,-0.9999999999999999
754,1,-0.8999999999999998
755,0,-0.39999999999999997
755,1,-0.7
756,0,-0.49999999999999994
756,1,-0.7
757,0,-0.8999999999999998
757,1,-0.9999999999999999
758,0,-0.8999999999999998
758,1,-0.8999999999999998
759,0,-0.9999999999999999
759,1,-0.8999999999999998
760,0,-0.9999999999999999
760,1,-0.8999999999999998
761,0,-0.8999999999999998
761,1,-0.8999999999999998
762,0,-0.8999999999999998
762,1,-0.8999999999999998
763,0,-0.8999999999999998
763,1,-0.8999999999999998
764,0,-0.9999999999999999
764,1,-0.9999999999999999
765,0,-0.9999999999999999
765,1,-0.8999999999999998
766,0,-0.8999999999999998
766,1,-0.9999999999999999
767,0,-0.8999999999999998
767,1,-0.9999999999999999
768,0,-0.8999999999999998
768,1,-0.9999999999999999
769,0,-0.7999999999999999
769,1,-0.8999999999999998
770,0,-0.8999999999999998
770,1,-0.8999999999999998
771,0,-0.8999999999999998
771,1,-0.8999999999999998
772,0,-0.8999999999999998
772,1,-0.9999999999999999
773,0,-0.8999999999999998
773,1,-0.9999999999999999
774,0,-0.8999999999999998
774,1,-0.6
775,0,-0.9999999999999999
775,1,-0.9999999999999999
776,0,-0.8999999999999998
776,1,-0.8999999999999998
777,0,-0.8999999999999998
777,1,-0.9999999999999999
778,0,-0.8999999999999998
778,1,-0.8999999999999998
779,0,-0.9999999999999999
779,1,-0.9999999999999999
780,0,-0.7999999999999999
780,1,-0.9999999999999999
781,0,-0.8999999999999998
781,1,-0.9999999999999999
782,0,-0.9999999999999999
782,1,-0.9999999999999999
783,0,-0.9999999999999999
783,1,-0.8999999999999998
784,0,-0.9999999999999999
784,1,-0.9999999999999999
785,0,-0.7
785,1,-0.9999999999999999
786,0,-0.9999999999999999
786,1,-0.8999999999999998
787,0,-0.9999999999999999
787,1,-0.9999999999999999
788,0,-0.8999999999999998
788,1,-0.9999999999999999
789,0,-0.8999999999999998
789,1,-0.8999999999999998
790,0,-0.8999999999999998
790,1,-0.8999999999999998
791,0,-0.49999999999999994
791,1,-0.8999999999999998
792,0,-0.8999999999999998
792,1,-0.9999999999999999
793,0,-0.8999999999999998
793,1,-0.9999999999999999
794,0,-0.9999999999999999
794,1,-0.9999999999999999
795,0,-0.8999999999999998
795,1,-0.9999999999999999
796,0,-0.8999999999999998
796,1,-0.8999999999999998
797,0,-0.8999999999999998
797,1,-0.9999999999999999
798,0,-0.9999999999999999
798,1,-0.8999999999999998
799,0,-0.7999999999999999
799,1,-0.9999999999999999
800,0,-0.8999999999999998
800,1,-0.8999999999999998
801,0,-0.8999999999999998
801,1,-0.9999999999999999
802,0,-0.9999999999999999
802,1,-0.8999999999999998
803,0,-0.8999999999999998
803,1,-0.8999999999999998
804,0,-0.9999999999999999
804,1,-0.9999999999999999
805,0,-0.7
805,1,-0.8999999999999998
806,0,-0.7
806,1,-0.9999999999999999
807,0,-0.8999999999999998
807,1,-0.8999999999999998
808,0,-0.8999999999999998
808,1,-0.9999999999999999
809,0,-0.8999999999999998
809,1,-0.7999999999999999
810,0,-0.8999999999999998
810,1,-0.9999999999999999
811,0,-0.9999999999999999
811,1,-0.9999999999999999
812,0,-0.8999999999999998
812,1,-0.7
813,0,-0.8999999999999998
813,1,-0.9999999999999999
814,0,-0.9999999999999999
814,1,-0.7999999999999999
815,0,-0.7999999999999999
815,1,-0.8999999999999998
816,0,-0.7
816,1,-0.7
817,0,-0.9999999999999999
817,1,-0.8999999999999998
818,0,-0.9999999999999999
818,1,-0.7999999999999999
819,0,-0.9999999999999999
819,1,-0.9999999999999999
820,0,-0.8999999999999998
820,1,-0.9999999999999999
821,0,-0.8999999999999998
821,1,-0.8999999999999998
822,0,-0.9999999999999999
822,1,-0.8999999999999998
823,0,-0.8999999999999998
823,1,-0.9999999999999999
824,0,-0.8999999999999998
824,1,-0.9999999999999999
825,0,-0.9999999999999999
825,1,-0.8999999999999998
826,0,-0.9999999999999999
826,1,-0.8999999999999998
827,0,-0.9999999999999999
827,1,-0.8999999999999998
828,0,-0.8999999999999998
828,1,-0.8999999999999998
829,0,-0.7
829,1,-0.8999999999999998
830,0,-0.9999999999999999
830,1,-0.8999999999999998
831,0,-0.9999999999999999
831,1,-0.8999999999999998
832,0,-0.8999999999999998
832,1,-0.9999999999999999
833,0,-0.8999999999999998
833,1,-0.9999999999999999
834,0,-0.8999999999999998
834,1,-0.9999999999999999
835,0,-0.8999999999999998
835,1,-0.9999999999999999
836,0,-0.8999999999999998
836,1,-0.8999999999999998
837,0,-0.8999999999999998
837,1,-0.9999999999999999
838,0,-0.8999999999999998
838,1,-0.8999999999999998
839,0,-0.9999999999999999
839,1,-0.8999999999999998
840,0,-0.9999999999999999
840,1,-0.8999999999999998
841,0,-0.9999999999999999
841,1,-0.6
842,0,-0.9999999999999999
842,1,-0.8999999999999998
843,0,-0.7
843,1,-0.7
844,0,-0.8999999999999998
844,1,-0.9999999999999999
845,0,-0.8999999999999998
845,1,-0.8999999999999998
846,0,-0.8999999999999998
846,1,-0.9999999999999999
847,0,-0.8999999999999998
847,1,-0.9999999999999999
848,0,-0.9999999999999999
848,1,-0.8999999999999998
849,0,-0.9999999999999999
849,1,-0.8999999999999998
850,0,-0.8999999999999998
850,1,-0.9999999999999999
851,0,-0.8999999999999998
851,1,-0.8999999999999998
852,0,-0.7999999999999999
852,1,-0.9999999999999999
853,0,-0.8999999999999998
853,1,-0.8999999999999998
854,0,-0.8999999999999998
854,1,-0.9999999999999999
855,0,-0.8999999999999998
855,1,-0.8999999999999998
856,0,-0.9999999999999999
856,1,-0.9999999999999999
857,0,-0.8999999999999998
857,1,-0.9999999999999999
858,0,-0.9999999999999999
858,1,-0.8999999999999998
859,0,-0.8999999999999998
859,1,-0.7
860,0,-0.9999999999999999
860,1,-0.8999999999999998
861,0,-0.9999999999999999
861,1,-0.8999999999999998
862,0,-0.9999999999999999
862,1,-0.9999999999999999
863,0,-0.8999999999999998
863,1,-0.9999999999999999
864,0,-0.8999999999999998
864,1,-0.9999999999999999
865,0,-0.8999999999999998
865,1,-0.9999999999999999
866,0,-0.8999999999999998
866,1,-0.8999999999999998
867,0,-0.9999999999999999
867,1,-0.9999999999999999
868,0,-0.8999999999999998
868,1,-0.9999999999999999
869,0,-0.8999999999999998
869,1,-0.8999999999999998
870,0,-0.7
870,1,-0.9999999999999999
871,0,-0.8999999999999998
871,1,-0.8999999999999998
872,0,-0.8999999999999998
872,1,-0.9999999999999999
873,0,-0.8999999999999998
873,1,-0.9999999999999999
874,0,-0.9999999999999999
874,1,-0.8999999999999998
875,0,-0.9999999999999999
875,1,-0.9999999999999999
876,0,-0.9999999999999999
876,1,-0.8999999999999998
877,0,-0.8999999999999998
877,1,-0.9999999999999999
878,0,-0.8999999999999998
878,1,-0.9999999999999999
879,0,-0.8999999999999998
879,1,-0.9999999999999999
880,0,-0.8999999999999998
880,1,-0.9999999999999999
881,0,-0.8999999999999998
881,1,-0.9999999999999999
882,0,-0.8999999999999998
882,1,-0.9999999999999999
883,0,-0.9999999999999999
883,1,-0.8999999999999998
884,0,-0.9999999999999999
884,1,-0.8999999999999998
885,0,-0.7
885,1,-0.7
886,0,-0.8999999999999998
886,1,-0.8999999999999998
887,0,-0.9999999999999999
887,1,-0.8999999999999998
888,0,-0.8999999999999998
888,1,-0.8999999999999998
889,0,-0.9999999999999999
889,1,-0.9999999999999999
890,0,-0.8999999999999998
890,1,-0.9999999999999999
891,0,-0.9999999999999999
891,1,-0.9999999999999999
892,0,-0.9999999999999999
892,1,-0.9999999999999999
893,0,-0.7999999999999999
893,1,-0.7
894,0,-0.9999999999999999
894,1,-0.8999999999999998
895,0,-0.9999999999999999
895,1,-0.8999999999999998
896,0,-0.8999999999999998
896,1,-0.9999999999999999
897,0,-0.8999999999999998
897,1,-0.8999999999999998
898,0,-0.8999999999999998
898,1,-0.8999999999999998
899,0,-0.8999999999999998
899,1,-0.8999999999999998
900,0,-0.9999999999999999
900,1,-0.9999999999999999
901,0,-0.8999999999999998
901,1,-0.8999999999999998
902,0,-0.9999999999999999
902,1,-0.8999999999999998
903,0,-0.8999999999999998
903,1,-0.9999999999999999
904,0,-0.9999999999999999
904,1,-0.8999999999999998
905,0,-0.9999999999999999
905,1,-0.8999999999999998
906,0,-0.8999999999999998
906,1,-0.8999999999999998
907,0,-0.8999999999999998
907,1,-0.9999999999999999
908,0,-0.7
908,1,-0.7
909,0,-0.7999999999999999
909,1,-0.8999999999999998
910,0,-0.9999999999999999
910,1,-0.8999999999999998
911,0,-0.8999999999999998
911,1,-0.9999999999999999
912,0,-0.8999999999999998
912,1,-0.8999999999999998
913,0,-0.9999999999999999
913,1,-0.9999999999999999
914,0,-0.8999999999999998
914,1,-0.7
915,0,-0.8999999999999998
915,1,-0.8999999999999998
916,0,-0.8999999999999998
916,1,-0.8999999999999998
917,0,-0.8999999999999998
917,1,-0.9999999999999999
918,0,-0.9999999999999999
918,1,-0.8999999999999998
919,0,-0.9999999999999999
919,1,-0.8999999999999998
920,0,-0.9999999999999999
920,1,-0.8999999999999998
921,0,-0.9999999999999999
921,1,-0.8999999999999998
922,0,-0.9999999999999999
922,1,-0.8999999999999998
923,0,-0.9999999999999999
923,1,-0.9999999999999999
924,0,-0.8999999999999998
924,1,-0.7999999999999999
925,0,-0.7
925,1,-0.9999999999999999
926,0,-0.8999999999999998
926,1,-0.9999999999999999
927,0,-0.8999999999999998
927,1,-0.9999999999999999
928,0,-0.9999999999999999
928,1,-0.8999999999999998
929,0,-0.8999999999999998
929,1,-0.9999999999999999
930,0,-0.9999999999999999
930,1,-0.8999999999999998
931,0,-0.9999999999999999
931,1,-0.9999999999999999
932,0,-0.8999999999999998
932,1,-0.9999999999999999
933,0,-0.8999999999999998
933,1,-0.9999999999999999
934,0,-0.7
934,1,-0.7
935,0,-0.8999999999999998
935,1,-0.8999999999999998
936,0,-0.9999999999999999
936,1,-0.8999999999999998
937,0,-0.7
937,1,-0.8999999999999998
938,0,-0.9999999999999999
938,1,-0.8999999999999998
939,0,-0.9999999999999999
939,1,-0.9999999999999999
940,0,-0.9999999999999999
940,1,-0.9999999999999999
941,0,-0.7999999999999999
941,1,-0.9999999999999999
942,0,-0.7
942,1,-0.8999999999999998
943,0,-0.8999999999999998
943,1,-0.8999999999999998
944,0,-0.8999999999999998
944,1,-0.8999999999999998
945,0,-0.8999999999999998
945,1,-0.9999999999999999
946,0,-0.9999999999999999
946,1,-0.8999999999999998
947,0,-0.9999999999999999
947,1,-0.9999999999999999
948,0,-0.9999999999999999
948,1,-0.9999999999999999
949,0,-0.9999999999999999
949,1,-0.8999999999999998
950,0,-0.7999999999999999
950,1,-0.9999999999999999
951,0,-0.8999999999999998
951,1,-0.8999999999999998
952,0,-0.8999999999999998
952,1,-0.8999999999999998
953,0,-0.8999999999999998
953,1,-0.8999999999999998
954,0,-0.7
954,1,-0.7
955,0,-0.9999999999999999
955,1,-0.9999999999999999
956,0,-0.8999999999999998
956,1,-0.8999999999999998
957,0,-0.9999999999999999
957,1,-0.8999999999999998
958,0,-0.8999999999999998
958,1,-0.7
959,0,-0.8999999999999998
959,1,-0.9999999999999999
960,0,-0.8999999999999998
960,1,-0.8999999999999998
961,0,-0.7
961,1,-0.8999999999999998
962,0,-0.9999999999999999
962,1,-0.8999999999999998
963,0,-0.8999999999999998
963,1,-0.9999999999999999
964,0,-0.7
964,1,-0.8999999999999998
965,0,-0.9999999999999999
965,1,-0.9999999999999999
966,0,-0.6
966,1,-0.7
967,0,-0.9999999999999999
967,1,-0.8999999999999998
968,0,-0.9999999999999999
968,1,-0.8999999999999998
969,0,-0.9999999999999999
969,1,-0.7999999999999999
970,0,-0.8999999999999998
970,1,-0.8999999999999998
971,0,-0.8999999999999998
971,1,-0.9999999999999999
972,0,-0.8999999999999998
972,1,-0.9999999999999999
973,0,-0.8999999999999998
973,1,-0.9999999999999999
974,0,-0.8999999999999998
974,1,-0.9999999999999999
975,0,-0.8999999999999998
975,1,-0.9999999999999999
976,0,-0.8999999999999998
976,1,-0.9999999999999999
977,0,-0.9999999999999999
977,1,-0.6
978,0,-0.8999999999999998
978,1,-0.8999999999999998
979,0,-0.8999999999999998
979,1,-0.8999999999999998
980,0,-0.9999999999999999
980,1,-0.8999999999999998
981,0,-0.8999999999999998
981,1,-0.8999999999999998
982,0,-0.8999999999999998
982,1,-0.8999999999999998
983,0,-0.9999999999999999
983,1,-0.9999999999999999
984,0,-0.8999999999999998
984,1,-0.8999999999999998
985,0,-0.7
985,1,-0.8999999999999998
986,0,-0.7
986,1,-0.8999999999999998
987,0,-0.9999999999999999
987,1,-0.8999999999999998
988,0,-0.9999999999999999
988,1,-0.8999999999999998
989,0,-0.8999999999999998
989,1,-0.9999999999999999
990,0,-0.8999999999999998
990,1,-0.8999999999999998
991,0,-0.9999999999999999
991,1,-0.9999999999999999
992,0,-0.9999999999999999
992,1,-0.7999999999999999
993,0,-0.8999999999999998
993,1,-0.8999999999999998
994,0,-0.8999999999999998
994,1,-0.8999999999999998
995,0,-0.8999999999999998
995,1,-0.8999999999999998
996,0,-0.8999999999999998
996,1,-0.7999999999999999
997,0,-0.9999999999999999
997,1,-0.8999999999999998
998,0,-0.8999999999999998
998,1,-0.6
999,0,-0.8999999999999998
999,1,-0.9999999999999999
1000,0,-0.9999999999999999
1000,1,-0.9999999999999999
1001,0,-0.8999999999999998
1001,1,-0.7
1002,0,-0.8999999999999998
1002,1,-0.9999999999999999
1003,0,-0.9999999999999999
1003,1,-0.8999999999999998
1004,0,-0.7
1004,1,-0.7
1005,0,-0.8999999999999998
1005,1,-0.9999999999999999
1006,0,-0.9999999999999999
1006,1,-0.9999999999999999
1007,0,-0.9999999999999999
1007,1,-0.8999999999999998
1008,0,-0.8999999999999998
1008,1,-0.8999999999999998
1009,0,-0.8999999999999998
1009,1,-0.9999999999999999
1010,0,-0.8999999999999998
1010,1,-0.8999999999999998
1011,0,-0.8999999999999998
1011,1,-0.8999999999999998
1012,0,-0.8999999999999998
1012,1,-0.8999999999999998
1013,0,-0.9999999999999999
1013,1,-0.8999999999999998
1014,0,-0.7
1014,1,-0.7999999999999999
1015,0,-0.9999999999999999
1015,1,-0.8999999999999998
1016,0,-0.9999999999999999
1016,1,-0.9999999999999999
1017,0,-0.9999999999999999
1017,1,-0.8999999999999998
1018,0,-0.8999999999999998
1018,1,-0.8999999999999998
1019,0,-0.8999999999999998
1019,1,-0.9999999999999999
1020,0,-0.9999999999999999
1020,1,-0.8999999999999998
1021,0,-0.7999999999999999
1021,1,-0.9999999999999999
1022,0,-0.9999999999999999
1022,1,-0.8999999999999998
1023,0,-0.9999999999999999
1023,1,-0.8999999999999998
1024,0,-0.9999999999999999
1024,1,-0.9999999999999999
1025,0,-0.8999999999999998
1025,1,-0.8999999999999998
1026,0,-0.8999999999999998
1026,1,-0.9999999999999999
1027,0,-0.7999999999999999
1027,1,-0.8999999999999998
1028,0,-0.9999999999999999
1028,1,-0.8999999999999998
1029,0,-0.8999999999999998
1029,1,-0.8999999999999998
1030,0,-0.9999999999999999
1030,1,-0.9999999999999999
1031,0,-0.8999999999999998
1031,1,-0.8999999999999998
1032,0,-0.7
1032,1,-0.8999999999999998
1033,0,-0.8999999999999998
1033,1,-0.9999999999999999
1034,0,-0.8999999999999998
1034,1,-0.9999999999999999
1035,0,-0.8999999999999998
1035,1,-0.7999999999999999
1036,0,-0.7999999999999999
1036,1,-0.8999999999999998
1037,0,-0.8999999999999998
1037,1,-0.9999999999999999
1038,0,-0.8999999999999998
1038,1,-0.9999999999999999
1039,0,-0.9999999999999999
1039,1,-0.8999999999999998
1040,0,-0.7
1040,1,-0.8999999999999998
1041,0,-0.9999999999999999
1041,1,-0.9999999999999999
1042,0,-0.8999999999999998
1042,1,-0.8999999999999998
1043,0,-0.9999999999999999
1043,1,-0.8999999999999998
1044,0,-0.8999999999999998
1044,1,-0.9999999999999999
1045,0,-0.9999999999999999
1045,1,-0.7
1046,0,-0.9999999999999999
1046,1,-0.9999999999999999
1047,0,-0.9999999999999999
1047,1,-0.8999999999999998
1048,0,-0.9999999999999999
1048,1,-0.9999999999999999
1049,0,-0.8999999999999998
1049,1,-0.8999999999999998
1050,0,-0.8999999999999998
1050,1,-0.8999999999999998
1051,0,-0.9999999999999999
1051,1,-0.8999999999999998
1052,0,-0.8999999999999998
1052,1,-0.7
1053,0,-0.8999999999999998
1053,1,-0.9999999999999999
1054,0,-0.8999999999999998
1054,1,-0.9999999999999999
1055,0,-0.9999999999999999
1055,1,-0.9999999999999999
1056,0,-0.9999999999999999
1056,1,-0.8999999999999998
1057,0,-0.8999999999999998
1057,1,-0.8999999999999998
1058,0,-0.8999999999999998
1058,1,-0.8999999999999998
1059,0,-0.8999999999999998
1059,1,-0.9999999999999999
1060,0,-0.9999999999999999
1060,1,-0.9999999999999999
1061,0,-0.8999999999999998
1061,1,-0.8999999999999998
1062,0,-0.8999999999999998
1062,1,-0.8999999999999998
1063,0,-0.8999999999999998
1063,1,-0.8999999999999998
1064,0,-0.9999999999999999
1064,1,-0.9999999999999999
1065,0,-0.9999999999999999
1065,1,-0.8999999999999998
1066,0,-0.9999999999999999
1066,1,-0.9999999999999999
1067,0,-0.8999999999999998
1067,1,-0.8999999999999998
1068,0,-0.9999999999999999
1068,1,-0.9999999999999999
1069,0,-0.8999999999999998
1069,1,-0.9999999999999999
1070,0,-0.9999999999999999
1070,1,-0.8999999999999998
1071,0,-0.8999999999999998
1071,1,-0.8999999999999998
1072,0,-0.7
1072,1,-0.9999999999999999
1073,0,-0.9999999999999999
1073,1,-0.9999999999999999
1074,0,-0.9999999999999999
1074,1,-0.9999999999999999
1075,0,-0.8999999999999998
1075,1,-0.9999999999999999
1076,0,-0.9999999999999999
1076,1,-0.8999999999999998
1077,0,-0.9999999999999999
1077,1,-0.9999999999999999
1078,0,-0.9999999999999999
1078,1,-0.8999999999999998
1079,0,-0.9999999999999999
1079,1,-0.9999999999999999
1080,0,-0.8999999999999998
1080,1,-0.7999999999999999
1081,0,-0.9999999999999999
1081,1,-0.8999999999999998
1082,0,-0.9999999999999999
1082,1,-0.9999999999999999
1083,0,-0.8999999999999998
1083,1,-0.8999999999999998
1084,0,-0.8999999999999998
1084,1,-0.9999999999999999
1085,0,-0.8999999999999998
1085,1,-0.9999999999999999
1086,0,-0.9999999999999999
1086,1,-0.8999999999999998
1087,0,-0.9999999999999999
1087,1,-0.8999999999999998
1088,0,-0.9999999999999999
1088,1,-0.8999999999999998
1089,0,-0.9999999999999999
1089,1,-0.9999999999999999
1090,0,-0.9999999999999999
1090,1,-0.9999999999999999
1091,0,-0.8999999999999998
1091,1,-0.8999999999999998
1092,0,-0.8999999999999998
1092,1,-0.8999999999999998
1093,0,-0.8999999999999998
1093,1,-0.9999999999999999
1094,0,-0.8999999999999998
1094,1,-0.8999999999999998
1095,0,-0.8999999999999998
1095,1,-0.9999999999999999
1096,0,-0.9999999999999999
1096,1,-0.8999999999999998
1097,0,-0.9999999999999999
1097,1,-0.8999999999999998
1098,0,-0.9999999999999999
1098,1,-0.9999999999999999
1099,0,-0.7
1099,1,-0.9999999999999999
1100,0,-0.8999999999999998
1100,1,-0.8999999999999998
1101,0,-0.9999999999999999
1101,1,-0.8999999999999998
1102,0,-0.8999999999999998
1102,1,-0.9999999999999999
1103,0,-0.7999999999999999
1103,1,-0.8999999999999998
1104,0,-0.9999999999999999
1104,1,-0.7
1105,0,-0.8999999999999998
1105,1,-0.9999999999999999
1106,0,-0.9999999999999999
1106,1,-0.8999999999999998
1107,0,-0.8999999999999998
1107,1,-0.9999999999999999
1108,0,-0.9999999999999999
1108,1,-0.8999999999999998
1109,0,-0.8999999999999998
1109,1,-0.8999999999999998
1110,0,-0.8999999999999998
1110,1,-0.8999999999999998
1111,0,-0.8999999999999998
1111,1,-0.9999999999999999
1112,0,-0.9999999999999999
1112,1,-0.9999999999999999
1113,0,-0.8999999999999998
1113,1,-0.9999999999999999
1114,0,-0.8999999999999998
1114,1,-0.9999999999999999
1115,0,-0.7999999999999999
1115,1,-0.9999999999999999
1116,0,-0.8999999999999998
1116,1,-0.9999999999999999
1117,0,-0.9999999999999999
1117,1,-0.8999999999999998
1118,0,-0.8999999999999998
1118,1,-0.8999999999999998
1119,0,-0.8999999999999998
1119,1,-0.9999999999999999
1120,0,-0.7
1120,1,-0.8999999999999998
1121,0,-0.7
1121,1,-0.8999999999999998
1122,0,-0.9999999999999999
1122,1,-0.8999999999999998
1123,0,-0.7
1123,1,-0.7
1124,0,-0.8999999999999998
1124,1,-0.8999999999999998
1125,0,-0.9999999999999999
1125,1,-0.8999999999999998
1126,0,-0.9999999999999999
1126,1,-0.9999999999999999
1127,0,-0.8999999999999998
1127,1,-0.8999999999999998
1128,0,-0.8999999999999998
1128,1,-0.9999999999999999
1129,0,-0.8999999999999998
1129,1,-0.9999999999999999
1130,0,-0.8999999999999998
1130,1,-0.8999999999999998
1131,0,-0.7999999999999999
1131,1,-0.9999999999999999
1132,0,-0.9999999999999999
1132,1,-0.7
1133,0,-0.8999999999999998
1133,1,-0.9999999999999999
1134,0,-0.8999999999999998
1134,1,-0.8999999999999998
1135,0,-0.9999999999999999
1135,1,-0.7999999999999999
1136,0,-0.7
1136,1,-0.7
1137,0,-0.8999999999999998
1137,1,-0.9999999999999999
1138,0,-0.8999999999999998
1138,1,-0.8999999999999998
1139,0,-0.9999999999999999
1139,1,-0.8999999999999998
1140,0,-0.9999999999999999
1140,1,-0.7
1141,0,-0.9999999999999999
1141,1,-0.8999999999999998
1142,0,-0.8999999999999998
1142,1,-0.8999999999999998
1143,0,-0.8999999999999998
1143,1,-0.9999999999999999
1144,0,-0.8999999999999998
1144,1,-0.8999999999999998
1145,0,-0.9999999999999999
1145,1,-0.7
1146,0,-0.8999999999999998
1146,1,-0.8999999999999998
1147,0,-0.8999999999999998
1147,1,-0.7999999999999999
1148,0,-0.7
1148,1,-0.8999999999999998
1149,0,-0.8999999999999998
1149,1,-0.8999999999999998
1150,0,-0.7
1150,1,-0.8999999999999998
1151,0,-0.9999999999999999
1151,1,-0.9999999999999999
1152,0,-0.9999999999999999
1152,1,-0.7
1153,0,-0.8999999999999998
1153,1,-0.9999999999999999
1154,0,-0.8999999999999998
1154,1,-0.8999999999999998
1155,0,-0.9999999999999999
1155,1,-0.8999999999999998
1156,0,-0.8999999999999998
1156,1,-0.8999999999999998
1157,0,-0.9999999999999999
1157,1,-0.7999999999999999
1158,0,-0.9999999999999999
1158,1,-0.9999999999999999
1159,0,-0.9999999999999999
1159,1,-0.9999999999999999
1160,0,-0.8999999999999998
1160,1,-0.9999999999999999
1161,0,-0.8999999999999998
1161,1,-0.9999999999999999
1162,0,-0.8999999999999998
1162,1,-0.9999999999999999
1163,0,-0.7
1163,1,-0.8999999999999998
1164,0,-0.9999999999999999
1164,1,-0.8999999999999998
1165,0,-0.8999999999999998
1165,1,-0.8999999999999998
1166,0,-0.8999999999999998
1166,1,-0.9999999999999999
1167,0,-0.9999999999999999
1167,1,-0.9999999999999999
1168,0,-0.8999999999999998
1168,1,-0.9999999999999999
1169,0,-0.9999999999999999
1169,1,-0.9999999999999999
1170,0,-0.9999999999999999
1170,1,-0.9999999999999999
1171,0,-0.9999999999999999
1171,1,-0.8999999999999998
1172,0,-0.8999999999999998
1172,1,-0.8999999999999998
1173,0,-0.9999999999999999
1173,1,-0.8999999999999998
1174,0,-0.7
1174,1,-0.9999999999999999
1175,0,-0.9999999999999999
1175,1,-0.8999999999999998
1176,0,-0.9999999999999999
1176,1,-0.9999999999999999
1177,0,-0.7
1177,1,-0.8999999999999998
1178,0,-0.9999999999999999
1178,1,-0.9999999999999999
1179,0,-0.9999999999999999
1179,1,-0.9999999999999999
1180,0,-0.9999999999999999
1180,1,-0.8999999999999998
1181,0,-0.8999999999999998
1181,1,-0.9999999999999999
1182,0,-0.8999999999999998
1182,1,-0.9999999999999999
1183,0,-0.7
1183,1,-0.49999999999999994
1184,0,-0.8999999999999998
1184,1,-0.9999999999999999
1185,0,-0.8999999999999998
1185,1,-0.9999999999999999
1186,0,-0.8999999999999998
1186,1,-0.9999999999999999
1187,0,-0.9999999999999999
1187,1,-0.8999999999999998
1188,0,-0.9999999999999999
1188,1,-0.9999999999999999
1189,0,-0.7
1189,1,-0.9999999999999999
1190,0,-0.8999999999999998
1190,1,-0.9999999999999999
1191,0,-0.8999999999999998
1191,1,-0.8999999999999998
1192,0,-0.8999999999999998
1192,1,-0.7
1193,0,-0.8999999999999998
1193,1,-0.9999999999999999
1194,0,-0.9999999999999999
1194,1,-0.9999999999999999
1195,0,-0.9999999999999999
1195,1,-0.8999999999999998
1196,0,-0.8999999999999998
1196,1,-0.9999999999999999
1197,0,-0.9999999999999999
1197,1,-0.8999999999999998
1198,0,-0.8999999999999998
1198,1,-0.9999999999999999
1199,0,-0.9999999999999999
1199,1,-0.8999999999999998
1200,0,-0.9999999999999999
1200,1,-0.9999999999999999
1201,0,-0.8999999999999998
1201,1,-0.8999999999999998
1202,0,-0.9999999999999999
1202,1,-0.8999999999999998
1203,0,-0.9999999999999999
1203,1,-0.9999999999999999
1204,0,-0.8999999999999998
1204,1,-0.7
1205,0,-0.9999999999999999
1205,1,-0.8999999999999998
1206,0,-0.8999999999999998
1206,1,-0.9999999999999999
1207,0,-0.8999999999999998
1207,1,-0.9999999999999999
1208,0,-0.9999999999999999
1208,1,-0.8999999999999998
1209,0,-0.9999999999999999
1209,1,-0.9999999999999999
1210,0,-0.7
1210,1,-0.39999999999999997
1211,0,-0.9999999999999999
1211,1,-0.8999999999999998
1212,0,-0.8999999999999998
1212,1,-0.8999999999999998
1213,0,-0.8999999999999998
1213,1,-0.9999999999999999
1214,0,-0.8999999999999998
1214,1,-0.9999999999999999
1215,0,-0.9999999999999999
1215,1,-0.9999999999999999
1216,0,-0.9999999999999999
1216,1,-0.9999999999999999
1217,0,-0.9999999999999999
1217,1,-0.8999999999999998
1218,0,-0.7
1218,1,-0.9999999999999999
1219,0,-0.8999999999999998
1219,1,-0.9999999999999999
1220,0,-0.8999999999999998
1220,1,-0.9999999999999999
1221,0,-0.8999999999999998
1221,1,-0.7
1222,0,-0.8999999999999998
1222,1,-0.8999999999999998
1223,0,-0.9999999999999999
1223,1,-0.8999999999999998
1224,0,-0.8999999999999998
1224,1,-0.8999999999999998
1225,0,-0.8999999999999998
1225,1,-0.9999999999999999
1226,0,-0.8999999999999998
1226,1,-0.9999999999999999
1227,0,-0.7
1227,1,-0.7
1228,0,-0.9999999999999999
1228,1,-0.9999999999999999
1229,0,-0.7
1229,1,-0.8999999999999998
1230,0,-0.9999999999999999
1230,1,-0.8999999999999998
1231,0,-0.8999999999999998
1231,1,-0.9999999999999999
1232,0,-0.8999999999999998
1232,1,-0.8999999999999998
1233,0,-0.8999999999999998
1233,1,-0.8999999999999998
1234,0,-0.8999999999999998
1234,1,-0.8999999999999998
1235,0,-0.9999999999999999
1235,1,-0.8999999999999998
1236,0,-0.9999999999999999
1236,1,-0.9999999999999999
1237,0,-0.9999999999999999
1237,1,-0.9999999999999999
1238,0,-0.8999999999999998
1238,1,-0.9999999999999999
1239,0,-0.9999999999999999
1239,1,-0.9999999999999999
1240,0,-0.8999999999999998
1240,1,-0.8999999999999998
1241,0,-0.49999999999999994
1241,1,-0.7999999999999999
1242,0,-0.39999999999999997
1242,1,-0.9999999999999999
1243,0,-0.8999999999999998
1243,1,-0.9999999999999999
1244,0,-0.7
1244,1,-0.9999999999999999
1245,0,-0.8999999999999998
1245,1,-0.8999999999999998
1246,0,-0.7
1246,1,-0.7999999999999999
1247,0,-0.8999999999999998
1247,1,-0.6
1248,0,-0.7
1248,1,-0.7
1249,0,-0.6
1249,1,-0.8999999999999998
1250,0,-0.9999999999999999
1250,1,-0.9999999999999999
1251,0,-0.8999999999999998
1251,1,-0.7
1252,0,-0.8999999999999998
1252,1,-0.8999999999999998
1253,0,-0.9999999999999999
1253,1,-0.8999999999999998
1254,0,-0.9999999999999999
1254,1,-0.8999999999999998
1255,0,-0.8999999999999998
1255,1,-0.8999999999999998
1256,0,-0.8999999999999998
1256,1,-0.8999999999999998
1257,0,-0.7999999999999999
1257,1,-0.8999999999999998
1258,0,-0.8999999999999998
1258,1,-0.8999999999999998
1259,0,-0.8999999999999998
1259,1,-0.8999999999999998
1260,0,-0.8999999999999998
1260,1,-0.8999999999999998
1261,0,-0.8999999999999998
1261,1,-0.7
1262,0,-0.9999999999999999
1262,1,-0.8999999999999998
1263,0,-0.9999999999999999
1263,1,-0.8999999999999998
1264,0,-0.9999999999999999
1264,1,-0.9999999999999999
1265,0,-0.8999999999999998
1265,1,-0.8999999999999998
1266,0,-0.8999999999999998
1266,1,-0.9999999999999999
1267,0,-0.9999999999999999
1267,1,-0.9999999999999999
1268,0,-0.9999999999999999
1268,1,-0.9999999999999999
1269,0,-0.8999999999999998
1269,1,-0.8999999999999998
1270,0,-0.9999999999999999
1270,1,-0.8999999999999998
1271,0,-0.8999999999999998
1271,1,-0.8999999999999998
1272,0,-0.9999999999999999
1272,1,-0.8999999999999998
1273,0,-0.9999999999999999
1273,1,-0.8999999999999998
1274,0,-0.8720815992723809
1274,1,-0.9999999999999999
1275,0,-0.8999999999999998
1275,1,-0.9999999999999999
1276,0,-0.8999999999999998
1276,1,-0.9999999999999999
1277,0,-0.7
1277,1,-0.7
1278,0,-0.6
1278,1,-0.8999999999999998
1279,0,-0.8999999999999998
1279,1,-0.8999999999999998
1280,0,-0.9999999999999999
1280,1,-0.8999999999999998
1281,0,-0.8999999999999998
1281,1,-0.7
1282,0,-0.8999999999999998
1282,1,-0.9999999999999999
1283,0,-0.8999999999999998
1283,1,-0.9999999999999999
1284,0,-0.8999999999999998
1284,1,-0.8999999999999998
1285,0,-0.9999999999999999
1285,1,-0.8999999999999998
1286,0,-0.8999999999999998
1286,1,-0.9999999999999999
1287,0,-0.8999999999999998
1287,1,-0.8999999999999998
1288,0,-0.8999999999999998
1288,1,-0.9999999999999999
1289,0,-0.9999999999999999
1289,1,-0.8999999999999998
1290,0,-0.9999999999999999
1290,1,-0.8999999999999998
1291,0,-0.9999999999999999
1291,1,-0.8999999999999998
1292,0,-0.8999999999999998
1292,1,-0.9999999999999999
1293,0,-0.9999999999999999
1293,1,-0.7
1294,0,-0.8999999999999998
1294,1,-0.9999999999999999
1295,0,-0.9746794344808963
1295,1,-0.9999999999999999
1296,0,-0.8999999999999998
1296,1,-0.8999999999999998
1297,0,-0.9999999999999999
1297,1,-0.9999999999999999
1298,0,-0.9999999999999999
1298,1,-0.8999999999999998
1299,0,-0.9999999999999999
1299,1,-0.9999999999999999
1300,0,-0.9999999999999999
1300,1,-0.7
1301,0,-0.8999999999999998
1301,1,-0.9999999999999999
1302,0,-0.9999999999999999
1302,1,-0.9999999999999999
1303,0,-0.8999999999999998
1303,1,-0.8999999999999998
1304,0,-0.8999999999999998
1304,1,-0.9999999999999999
1305,0,-0.9999999999999999
1305,1,-0.9999999999999999
1306,0,-0.8999999999999998
1306,1,-0.8999999999999998
1307,0,-0.8999999999999998
1307,1,-0.9999999999999999
1308,0,-0.9999999999999999
1308,1,-0.8999999999999998
1309,0,-0.7
1309,1,-0.9999999999999999
1310,0,-0.9999999999999999
1310,1,-0.8999999999999998
1311,0,-0.9999999999999999
1311,1,-0.7
1312,0,-0.8999999999999998
1312,1,-0.9999999999999999
1313,0,-0.8999999999999998
1313,1,-0.9999999999999999
1314,0,-0.8999999999999998
1314,1,-0.9999999999999999
1315,0,-0.8999999999999998
1315,1,-0.9999999999999999
1316,0,-0.8999999999999998
1316,1,-0.9999999999999999
1317,0,-0.9999999999999999
1317,1,-0.9999999999999999
1318,0,-0.8999999999999998
1318,1,-0.8999999999999998
1319,0,-0.7
1319,1,-0.7
1320,0,-0.8999999999999998
1320,1,-0.8999999999999998
1321,0,-0.8999999999999998
1321,1,-0.8999999999999998
1322,0,-0.8999999999999998
1322,1,-0.9999999999999999
1323,0,-0.8999999999999998
1323,1,-0.8999999999999998
1324,0,-0.8999999999999998
1324,1,-0.8999999999999998
1325,0,-0.8999999999999998
1325,1,-0.8999999999999998
1326,0,-0.8999999999999998
1326,1,-0.8999999999999998
1327,0,-0.9999999999999999
1327,1,-0.8999999999999998
1328,0,-0.8999999999999998
1328,1,-0.8999999999999998
1329,0,-0.8999999999999998
1329,1,-0.9999999999999999
1330,0,-0.8999999999999998
1330,1,-0.8999999999999998
1331,0,-0.9999999999999999
1331,1,-0.9999999999999999
1332,0,-0.7999999999999999
1332,1,-0.9999999999999999
1333,0,-0.9999999999999999
1333,1,-0.9999999999999999
1334,0,-0.9999999999999999
1334,1,-0.8999999999999998
1335,0,-0.8999999999999998
1335,1,-0.9999999999999999
1336,0,-0.9999999999999999
1336,1,-0.8999999999999998
1337,0,-0.9999999999999999
1337,1,-0.9999999999999999
1338,0,-0.9999999999999999
1338,1,-0.9999999999999999
1339,0,-0.8999999999999998
1339,1,-0.9999999999999999
1340,0,-0.8999999999999998
1340,1,-0.9999999999999999
1341,0,-0.9999999999999999
1341,1,-0.7999999999999999
1342,0,-0.8999999999999998
1342,1,-0.8999999999999998
1343,0,-0.8999999999999998
1343,1,-0.9999999999999999
1344,0,-0.7
1344,1,-0.7
1345,0,-0.8999999999999998
1345,1,-0.7
1346,0,-0.8999999999999998
1346,1,-0.9999999999999999
1347,0,-0.7
1347,1,-0.8999999999999998
1348,0,-0.8999999999999998
1348,1,-0.8999999999999998
1349,0,-0.8999999999999998
1349,1,-0.9999999999999999
1350,0,-0.6
1350,1,-0.7
1351,0,-0.7999999999999999
1351,1,-0.9999999999999999
1352,0,-0.8999999999999998
1352,1,-0.8999999999999998
1353,0,-0.8999999999999998
1353,1,-0.9999999999999999
1354,0,-0.9999999999999999
1354,1,-0.8999999999999998
1355,0,-0.9999999999999999
1355,1,-0.9999999999999999
1356,0,-0.9999999999999999
1356,1,-0.8999999999999998
1357,0,-0.8999999999999998
1357,1,-0.9999999999999999
1358,0,-0.9999999999999999
1358,1,-0.9999999999999999
1359,0,-0.9999999999999999
1359,1,-0.8999999999999998
1360,0,-0.8999999999999998
1360,1,-0.9999999999999999
1361,0,-0.9999999999999999
1361,1,-0.9999999999999999
1362,0,-0.8999999999999998
1362,1,-0.9999999999999999
1363,0,-0.9999999999999999
1363,1,-0.9999999999999999
1364,0,-0.8999999999999998
1364,1,-0.8999999999999998
1365,0,-0.7
1365,1,-0.8999999999999998
1366,0,-0.9999999999999999
1366,1,-0.8999999999999998
1367,0,-0.8999999999999998
1367,1,-0.9999999999999999
1368,0,-0.9999999999999999
1368,1,-0.8999999999999998
1369,0,-0.9999999999999999
1369,1,-0.7999999999999999
1370,0,-0.8999999999999998
1370,1,-0.8999999999999998
1371,0,-0.9999999999999999
1371,1,-0.8999999999999998
1372,0,-0.9999999999999999
1372,1,-0.9999999999999999
1373,0,-0.8999999999999998
1373,1,-0.9999999999999999
1374,0,-0.49999999999999994
1374,1,-0.8999999999999998
1375,0,-0.8999999999999998
1375,1,-0.8999999999999998
1376,0,-0.9999999999999999
1376,1,-0.9999999999999999
1377,0,-0.9999999999999999
1377,1,-0.8999999999999998
1378,0,-0.8999999999999998
1378,1,-0.8999999999999998
1379,0,-0.8999999999999998
1379,1,-0.9999999999999999
1380,0,-0.8999999999999998
1380,1,-0.9999999999999999
1381,0,-0.8999999999999998
1381,1,-0.9999999999999999
1382,0,-0.9999999999999999
1382,1,-0.8999999999999998
1383,0,-0.9999999999999999
1383,1,-0.8999999999999998
1384,0,-0.9999999999999999
1384,1,-0.9999999999999999
1385,0,-0.7
1385,1,-0.7
1386,0,-0.8999999999999998
1386,1,-0.9999999999999999
1387,0,-0.9999999999999999
1387,1,-0.8999999999999998
1388,0,-0.8999999999999998
1388,1,-0.7999999999999999
1389,0,-0.9999999999999999
1389,1,-0.9999999999999999
1390,0,-0.8999999999999998
1390,1,-0.8999999999999998
1391,0,-0.8999999999999998
1391,1,-0.8999999999999998
1392,0,-0.7
1392,1,-0.8999999999999998
1393,0,-0.8999999999999998
1393,1,-0.8999999999999998
1394,0,-0.8999999999999998
1394,1,-0.8999999999999998
1395,0,-0.9999999999999999
1395,1,-0.9999999999999999
1396,0,-0.9999999999999999
1396,1,-0.9999999999999999
1397,0,-0.8999999999999998
1397,1,-0.8999999999999998
1398,0,-0.7
1398,1,-0.9999999999999999
1399,0,-0.7
1399,1,-0.7
1400,0,-0.8999999999999998
1400,1,-0.8999999999999998
1401,0,-0.8999999999999998
1401,1,-0.8999999999999998
1402,0,-0.8999999999999998
1402,1,-0.8999999999999998
1403,0,-0.8999999999999998
1403,1,-0.9999999999999999
1404,0,-0.8999999999999998
1404,1,-0.9999999999999999
1405,0,-0.9999999999999999
1405,1,-0.9999999999999999
1406,0,-0.8999999999999998
1406,1,-0.8999999999999998
1407,0,-0.8999999999999998
1407,1,-0.9999999999999999
1408,0,-0.8999999999999998
1408,1,-0.8999999999999998
1409,0,-0.7
1409,1,-0.7
1410,0,-0.8999999999999998
1410,1,-0.8999999999999998
1411,0,-0.9999999999999999
1411,1,-0.9999999999999999
1412,0,-0.7
1412,1,-0.9999999999999999
1413,0,-0.8999999999999998
1413,1,-0.9999999999999999
1414,0,-0.9999999999999999
1414,1,-0.8999999999999998
1415,0,-0.8999999999999998
1415,1,-0.8999999999999998
1416,0,-0.9999999999999999
1416,1,-0.9999999999999999
1417,0,-0.7
1417,1,-0.7
1418,0,-0.9999999999999999
1418,1,-0.8999999999999998
1419,0,-0.9999999999999999
1419,1,-0.9999999999999999
1420,0,-0.7999999999999999
1420,1,-0.9999999999999999
1421,0,-0.7
1421,1,-0.8999999999999998
1422,0,-0.8999999999999998
1422,1,-0.9999999999999999
1423,0,-0.9999999999999999
1423,1,-0.7999999999999999
1424,0,-0.9999999999999999
1424,1,-0.8999999999999998
1425,0,-0.9999999999999999
1425,1,-0.8999999999999998
1426,0,-0.8999999999999998
1426,1,-0.7999999999999999
1427,0,-0.8999999999999998
1427,1,-0.8999999999999998
1428,0,-0.8999999999999998
1428,1,-0.9999999999999999
1429,0,-0.9999999999999999
1429,1,-0.8999999999999998
1430,0,-0.8999999999999998
1430,1,-0.7
1431,0,-0.8999999999999998
1431,1,-0.9999999999999999
1432,0,-0.8999999999999998
1432,1,-0.9999999999999999
1433,0,-0.39999999999999997
1433,1,-0.8999999999999998
1434,0,-0.8999999999999998
1434,1,-0.8999999999999998
1435,0,-0.8999999999999998
1435,1,-0.9999999999999999
1436,0,-0.9999999999999999
1436,1,-0.8999999999999998
1437,0,-0.8999999999999998
1437,1,-0.9999999999999999
1438,0,-0.9999999999999999
1438,1,-0.9999999999999999
1439,0,-0.8999999999999998
1439,1,-0.7
1440,0,-0.7
1440,1,-0.8999999999999998
1441,0,-0.9746794344808963
1441,1,-0.9999999999999999
1442,0,-0.7999999999999999
1442,1,-0.9999999999999999
1443,0,-0.7
1443,1,0.09999999999999999
1444,0,-0.9999999999999999
1444,1,-0.9999999999999999
1445,0,-0.8999999999999998
1445,1,-0.9999999999999999
1446,0,-0.9999999999999999
1446,1,-0.8999999999999998
1447,0,-0.8999999999999998
1447,1,-0.9999999999999999
1448,0,-0.8999999999999998
1448,1,-0.8999999999999998
1449,0,-0.9999999999999999
1449,1,-0.9999999999999999
1450,0,-0.8999999999999998
1450,1,-0.9999999999999999
1451,0,-0.9999999999999999
1451,1,-0.8999999999999998
1452,0,-0.8999999999999998
1452,1,-0.7
1453,0,-0.9999999999999999
1453,1,-0.9999999999999999
1454,0,-0.8999999999999998
1454,1,-0.8999999999999998
1455,0,-0.8999999999999998
1455,1,-0.8999999999999998
1456,0,-0.9999999999999999
1456,1,-0.8999999999999998
1457,0,-0.9999999999999999
1457,1,-0.8999999999999998
1458,0,-0.9999999999999999
1458,1,-0.8999999999999998
1459,0,-0.8999999999999998
1459,1,-0.9999999999999999
1460,0,-0.8999999999999998
1460,1,-0.9999999999999999
1461,0,-0.9999999999999999
1461,1,-0.6
1462,0,-0.8999999999999998
1462,1,-0.9999999999999999
1463,0,-0.9999999999999999
1463,1,-0.8999999999999998
1464,0,-0.8999999999999998
1464,1,-0.9999999999999999
1465,0,-0.9999999999999999
1465,1,-0.8999999999999998
1466,0,-0.8999999999999998
1466,1,-0.9999999999999999
1467,0,-0.9999999999999999
1467,1,-0.9999999999999999
1468,0,-0.8999999999999998
1468,1,-0.8999999999999998
1469,0,-0.8999999999999998
1469,1,-0.8999999999999998
1470,0,-0.6
1470,1,-0.9999999999999999
1471,0,-0.8999999999999998
1471,1,-0.9999999999999999
1472,0,-0.9999999999999999
1472,1,-0.9746794344808963
1473,0,-0.8999999999999998
1473,1,-0.8999999999999998
1474,0,-0.8999999999999998
1474,1,-0.8999999999999998
1475,0,-0.9999999999999999
1475,1,-0.9999999999999999
1476,0,-0.9999999999999999
1476,1,-0.9999999999999999
1477,0,-0.9999999999999999
1477,1,-0.9999999999999999
1478,0,-0.9999999999999999
1478,1,-0.8999999999999998
1479,0,-0.8999999999999998
1479,1,-0.8999999999999998
1480,0,-0.8999999999999998
1480,1,-0.9999999999999999
1481,0,-0.9999999999999999
1481,1,-0.8999999999999998
1482,0,-0.3
1482,1,-0.7
1483,0,-0.8999999999999998
1483,1,-0.8999999999999998
1484,0,-0.7999999999999999
1484,1,-0.9999999999999999
1485,0,-0.8999999999999998
1485,1,-0.8999999999999998
1486,0,-0.8999999999999998
1486,1,-0.9999999999999999
1487,0,-0.8999999999999998
1487,1,-0.8999999999999998
1488,0,-0.7
1488,1,-0.8999999999999998
1489,0,-0.9999999999999999
1489,1,-0.6668859288553503
1490,0,-0.8999999999999998
1490,1,-0.9999999999999999
1491,0,-0.9999999999999999
1491,1,-0.8999999999999998
1492,0,-0.8999999999999998
1492,1,-0.8999999999999998
1493,0,-0.8999999999999998
1493,1,-0.8999999999999998
1494,0,-0.9999999999999999
1494,1,-0.7
1495,0,-0.7
1495,1,-0.7
1496,0,-0.9999999999999999
1496,1,-0.8999999999999998
1497,0,-0.8999999999999998
1497,1,-0.8999999999999998
1498,0,-0.9999999999999999
1498,1,-0.8999999999999998
1499,0,-0.9999999999999999
1499,1,-0.8999999999999998
1500,0,-0.9999999999999999
1500,1,-0.8999999999999998
1501,0,-0.9999999999999999
1501,1,-0.8999999999999998
1502,0,-0.8999999999999998
1502,1,-0.9999999999999999
1503,0,-0.8999999999999998
1503,1,-0.7
1504,0,-0.9999999999999999
1504,1,-0.8999999999999998
1505,0,-0.9999999999999999
1505,1,-0.8999999999999998
1506,0,-0.8999999999999998
1506,1,-0.8999999999999998
1507,0,-0.7
1507,1,-0.9999999999999999
1508,0,-0.3
1508,1,-0.8999999999999998
1509,0,-0.8999999999999998
1509,1,-0.8999999999999998
1510,0,-0.8999999999999998
1510,1,-0.8999999999999998
1511,0,-0.9999999999999999
1511,1,-0.9999999999999999
1512,0,-0.8999999999999998
1512,1,-0.8999999999999998
1513,0,-0.8999999999999998
1513,1,-0.8999999999999998
1514,0,-0.8999999999999998
1514,1,-0.8999999999999998
1515,0,-0.9999999999999999
1515,1,-0.9999999999999999
1516,0,-0.6
1516,1,-0.8999999999999998
1517,0,-0.8999999999999998
1517,1,-0.9999999999999999
1518,0,-0.9999999999999999
1518,1,-0.9999999999999999
1519,0,-0.8999999999999998
1519,1,-0.9999999999999999
1520,0,-0.9999999999999999
1520,1,-0.9999999999999999
1521,0,-0.8999999999999998
1521,1,-0.7
1522,0,-0.8999999999999998
1522,1,-0.7999999999999999
1523,0,-0.9999999999999999
1523,1,-0.8999999999999998
1524,0,-0.8999999999999998
1524,1,-0.7
1525,0,-0.9999999999999999
1525,1,-0.9999999999999999
1526,0,-0.8999999999999998
1526,1,-0.8999999999999998
1527,0,-0.8999999999999998
1527,1,-0.9999999999999999
1528,0,-0.8999999999999998
1528,1,-0.8999999999999998
1529,0,-0.7999999999999999
1529,1,-0.9999999999999999
1530,0,-0.8999999999999998
1530,1,-0.9999999999999999
1531,0,-0.7
1531,1,-0.8999999999999998
1532,0,-0.9999999999999999
1532,1,-0.9746794344808963
1533,0,-0.8999999999999998
1533,1,-0.9999999999999999
1534,0,-0.9999999999999999
1534,1,-0.9999999999999999
1535,0,-0.8999999999999998
1535,1,-0.8999999999999998
1536,0,-0.8999999999999998
1536,1,-0.7
1537,0,-0.8999999999999998
1537,1,-0.8999999999999998
1538,0,-0.8999999999999998
1538,1,-0.7999999999999999
1539,0,-0.8999999999999998
1539,1,-0.8999999999999998
1540,0,-0.8999999999999998
1540,1,-0.8999999999999998
1541,0,-0.9999999999999999
1541,1,-0.8999999999999998
1542,0,-0.8999999999999998
1542,1,-0.9999999999999999
1543,0,-0.9999999999999999
1543,1,-0.9999999999999999
1544,0,-0.9999999999999999
1544,1,-0.8999999999999998
1545,0,-0.8999999999999998
1545,1,-0.8999999999999998
1546,0,-0.9999999999999999
1546,1,-0.8999999999999998
1547,0,-0.7
1547,1,-0.8999999999999998
1548,0,-0.9999999999999999
1548,1,-0.9999999999999999
1549,0,-0.8999999999999998
1549,1,-0.9999999999999999
1550,0,-0.8999999999999998
1550,1,-0.8999999999999998
1551,0,-0.9999999999999999
1551,1,-0.8999999999999998
1552,0,-0.8999999999999998
1552,1,-0.9999999999999999
1553,0,-0.8999999999999998
1553,1,-0.8999999999999998
1554,0,-0.8999999999999998
1554,1,-0.9999999999999999
1555,0,-0.9999999999999999
1555,1,-0.8999999999999998
1556,0,-0.8999999999999998
1556,1,-0.9999999999999999
1557,0,-0.8999999999999998
1557,1,-0.9999999999999999
1558,0,-0.9999999999999999
1558,1,-0.7
1559,0,-0.8999999999999998
1559,1,-0.9999999999999999
1560,0,-0.8999999999999998
1560,1,-0.9999999999999999
1561,0,-0.8999999999999998
1561,1,-0.9999999999999999
1562,0,-0.8999999999999998
1562,1,-0.9999999999999999
1563,0,-0.6
1563,1,-0.8999999999999998
1564,0,-0.8999999999999998
1564,1,-0.8999999999999998
1565,0,-0.7
1565,1,-0.7
1566,0,-0.9999999999999999
1566,1,-0.8999999999999998
1567,0,-0.9999999999999999
1567,1,-0.7
1568,0,-0.8999999999999998
1568,1,-0.8999999999999998
1569,0,-0.9999999999999999
1569,1,-0.7999999999999999
1570,0,-0.8999999999999998
1570,1,-0.9999999999999999
1571,0,-0.9999999999999999
1571,1,-0.7
1572,0,-0.9999999999999999
1572,1,-0.8999999999999998
1573,0,-0.8999999999999998
1573,1,-0.9999999999999999
1574,0,-0.8999999999999998
1574,1,-0.8999999999999998
1575,0,-0.9999999999999999
1575,1,-0.8999999999999998
1576,0,-0.8999999999999998
1576,1,-0.49999999999999994
1577,0,-0.9999999999999999
1577,1,-0.7999999999999999
1578,0,-0.7
1578,1,-0.8999999999999998
1579,0,-0.9999999999999999
1579,1,-0.9999999999999999
1580,0,-0.8999999999999998
1580,1,-0.8999999999999998
1581,0,-0.8999999999999998
1581,1,-0.9999999999999999
1582,0,-0.9999999999999999
1582,1,-0.7999999999999999
1583,0,-0.8999999999999998
1583,1,-0.8999999999999998
1584,0,-0.8999999999999998
1584,1,-0.8999999999999998
1585,0,-0.9999999999999999
1585,1,-0.8999999999999998
1586,0,-0.8999999999999998
1586,1,-0.8999999999999998
1587,0,-0.8999999999999998
1587,1,-0.9999999999999999
1588,0,-0.9999999999999999
1588,1,-0.8999999999999998
1589,0,-0.8999999999999998
1589,1,-0.9999999999999999
1590,0,-0.8999999999999998
1590,1,-0.8999999999999998
1591,0,-0.8999999999999998
1591,1,-0.8999999999999998
1592,0,-0.8999999999999998
1592,1,-0.9999999999999999
1593,0,-0.8999999999999998
1593,1,-0.9999999999999999
1594,0,-0.8999999999999998
1594,1,-0.9999999999999999
1595,0,-0.8999999999999998
1595,1,-0.8999999999999998
1596,0,-0.7999999999999999
1596,1,-0.9999999999999999
1597,0,-0.8999999999999998
1597,1,-0.8999999999999998
1598,0,-0.8999999999999998
1598,1,-0.8999999999999998
1599,0,-0.8999999999999998
1599,1,-0.9999999999999999
1600,0,-0.9999999999999999
1600,1,-0.8999999999999998
1601,0,-0.8999999999999998
1601,1,-0.7
1602,0,-0.8999999999999998
1602,1,-0.7
1603,0,-0.9999999999999999
1603,1,-0.8999999999999998
1604,0,-0.8999999999999998
1604,1,-0.8999999999999998
1605,0,-0.9999999999999999
1605,1,-0.8999999999999998
1606,0,-0.8999999999999998
1606,1,-0.9999999999999999
1607,0,-0.8999999999999998
1607,1,-0.9999999999999999
1608,0,-0.8999999999999998
1608,1,-0.8999999999999998
1609,0,-0.9999999999999999
1609,1,-0.9999999999999999
1610,0,-0.8999999999999998
1610,1,-0.9999999999999999
1611,0,-0.7999999999999999
1611,1,-0.7
1612,0,-0.9999999999999999
1612,1,-0.7
1613,0,-0.8999999999999998
1613,1,-0.9999999999999999
1614,0,-0.8999999999999998
1614,1,-0.9999999999999999
1615,0,-0.8999999999999998
1615,1,-0.9999999999999999
1616,0,-0.8999999999999998
1616,1,-0.9999999999999999
1617,0,-0.8999999999999998
1617,1,-0.6
1618,0,-0.9999999999999999
1618,1,-0.8999999999999998
1619,0,-0.8999999999999998
1619,1,-0.7
1620,0,-0.8999999999999998
1620,1,-0.8999999999999998
1621,0,-0.9999999999999999
1621,1,-0.8999999999999998
1622,0,-0.8999999999999998
1622,1,-0.9999999999999999
1623,0,-0.9999999999999999
1623,1,-0.9999999999999999
1624,0,-0.8999999999999998
1624,1,-0.8999999999999998
1625,0,-0.9999999999999999
1625,1,-0.8999999999999998
1626,0,-0.9999999999999999
1626,1,-0.9999999999999999
1627,0,-0.9999999999999999
1627,1,-0.8999999999999998
1628,0,-0.8999999999999998
1628,1,-0.8999999999999998
1629,0,-0.9999999999999999
1629,1,-0.8999999999999998
1630,0,-0.9999999999999999
1630,1,-0.9999999999999999
1631,0,-0.8999999999999998
1631,1,-0.9999999999999999
1632,0,-0.8999999999999998
1632,1,-0.9999999999999999
1633,0,-0.8999999999999998
1633,1,-0.8999999999999998
1634,0,-0.8999999999999998
1634,1,-0.9999999999999999
1635,0,-0.8999999999999998
1635,1,-0.9999999999999999
1636,0,-0.8999999999999998
1636,1,-0.8999999999999998
1637,0,-0.8999999999999998
1637,1,-0.8999999999999998
1638,0,-0.8999999999999998
1638,1,-0.9999999999999999
1639,0,-0.8999999999999998
1639,1,-0.9999999999999999
1640,0,-0.9999999999999999
1640,1,-0.8999999999999998
1641,0,-0.8999999999999998
1641,1,-0.9999999999999999
1642,0,-0.9999999999999999
1642,1,-0.8720815992723809
1643,0,-0.9999999999999999
1643,1,-0.8999999999999998
1644,0,-0.8999999999999998
1644,1,-0.7999999999999999
1645,0,-0.8999999999999998
1645,1,-0.9999999999999999
1646,0,-0.8999999999999998
1646,1,-0.9999999999999999
1647,0,-0.8999999999999998
1647,1,-0.8999999999999998
1648,0,-0.8999999999999998
1648,1,-0.9999999999999999
1649,0,-0.9999999999999999
1649,1,-0.7999999999999999
1650,0,-0.8999999999999998
1650,1,-0.7
1651,0,-0.8999999999999998
1651,1,-0.7
1652,0,-0.8999999999999998
1652,1,-0.9999999999999999
1653,0,-0.8999999999999998
1653,1,-0.8999999999999998
1654,0,-0.8999999999999998
1654,1,-0.8999999999999998
1655,0,-0.7999999999999999
1655,1,-0.9999999999999999
1656,0,-0.9999999999999999
1656,1,-0.8999999999999998
1657,0,-0.8999999999999998
1657,1,-0.8999999999999998
1658,0,-0.8999999999999998
1658,1,-0.8999999999999998
1659,0,-0.8999999999999998
1659,1,-0.8999999999999998
1660,0,-0.8999999999999998
1660,1,-0.7999999999999999
1661,0,-0.8999999999999998
1661,1,-0.9999999999999999
1662,0,-0.8999999999999998
1662,1,-0.8999999999999998
1663,0,-0.9999999999999999
1663,1,-0.9999999999999999
1664,0,-0.9999999999999999
1664,1,-0.9999999999999999
1665,0,-0.8999999999999998
1665,1,-0.9999999999999999
1666,0,-0.9999999999999999
1666,1,-0.9999999999999999
1667,0,-0.8999999999999998
1667,1,-0.8999999999999998
1668,0,-0.7
1668,1,-0.8999999999999998
1669,0,-0.9999999999999999
1669,1,-0.9999999999999999
1670,0,-0.8999999999999998
1670,1,-0.7
1671,0,-0.9999999999999999
1671,1,-0.8999999999999998
1672,0,-0.8999999999999998
1672,1,-0.8999999999999998
1673,0,-0.9999999999999999
1673,1,-0.9999999999999999
1674,0,-0.8999999999999998
1674,1,-0.9999999999999999
1675,0,-0.7
1675,1,-0.9999999999999999
1676,0,-0.8999999999999998
1676,1,-0.9999999999999999
1677,0,-0.9999999999999999
1677,1,-0.9999999999999999
1678,0,-0.9999999999999999
1678,1,-0.8999999999999998
1679,0,-0.8999999999999998
1679,1,-0.9999999999999999
1680,0,-0.8999999999999998
1680,1,-0.9999999999999999
1681,0,-0.9999999999999999
1681,1,-0.8999999999999998
1682,0,-0.8999999999999998
1682,1,-0.9999999999999999
1683,0,-0.9999999999999999
1683,1,-0.9999999999999999
1684,0,-0.8999999999999998
1684,1,-0.9999999999999999
1685,0,-0.9999999999999999
1685,1,-0.8999999999999998
1686,0,-0.7
1686,1,-0.7
1687,0,-0.8999999999999998
1687,1,-0.8999999999999998
1688,0,-0.9999999999999999
1688,1,-0.8999999999999998
1689,0,-0.9999999999999999
1689,1,-0.8999999999999998
1690,0,-0.7
1690,1,-0.6
1691,0,-0.8999999999999998
1691,1,-0.9999999999999999
1692,0,-0.9999999999999999
1692,1,-0.8999999999999998
1693,0,-0.8999999999999998
1693,1,-0.8999999999999998
1694,0,-0.7
1694,1,-0.9999999999999999
1695,0,-0.8999999999999998
1695,1,-0.9999999999999999
1696,0,-0.9999999999999999
1696,1,-0.6
1697,0,-0.9999999999999999
1697,1,-0.7
1698,0,-0.9999999999999999
1698,1,-0.8999999999999998
1699,0,-0.8999999999999998
1699,1,-0.8999999999999998
1700,0,-0.8999999999999998
1700,1,-0.8999999999999998
1701,0,-0.9999999999999999
1701,1,-0.8999999999999998
1702,0,-0.8999999999999998
1702,1,-0.9999999999999999
1703,0,-0.8999999999999998
1703,1,-0.8999999999999998
1704,0,-0.8999999999999998
1704,1,-0.8999999999999998
1705,0,-0.9999999999999999
1705,1,-0.8999999999999998
1706,0,-0.7
1706,1,-0.8999999999999998
1707,0,-0.7999999999999999
1707,1,-0.8999999999999998
1708,0,-0.9999999999999999
1708,1,-0.8999999999999998
1709,0,-0.8999999999999998
1709,1,-0.7
1710,0,-0.8999999999999998
1710,1,-0.9999999999999999
1711,0,-0.9999999999999999
1711,1,-0.9999999999999999
1712,0,-0.8999999999999998
1712,1,-0.8999999999999998
1713,0,-0.7
1713,1,-0.7
1714,0,-0.8999999999999998
1714,1,-0.9999999999999999
1715,0,-0.7999999999999999
1715,1,-0.7999999999999999
1716,0,-0.8999999999999998
1716,1,-0.9999999999999999
1717,0,-0.8999999999999998
1717,1,-0.8999999999999998
1718,0,-0.8999999999999998
1718,1,-0.9999999999999999
1719,0,-0.8999999999999998
1719,1,-0.9999999999999999
1720,0,-0.8999999999999998
1720,1,-0.9999999999999999
1721,0,-0.8999999999999998
1721,1,-0.8999999999999998
1722,0,-0.8999999999999998
1722,1,-0.9999999999999999
1723,0,-0.9999999999999999
1723,1,-0.8999999999999998
1724,0,-0.8999999999999998
1724,1,-0.8999999999999998
1725,0,-0.9999999999999999
1725,1,-0.8999999999999998
1726,0,-0.8999999999999998
1726,1,-0.9999999999999999
1727,0,-0.9999999999999999
1727,1,-0.9999999999999999
1728,0,-0.8999999999999998
1728,1,-0.6
1729,0,-0.7999999999999999
1729,1,-0.9999999999999999
1730,0,-0.9999999999999999
1730,1,-0.8999999999999998
1731,0,-0.8999999999999998
1731,1,-0.8999999999999998
1732,0,-0.8999999999999998
1732,1,-0.9999999999999999
1733,0,-0.8999999999999998
1733,1,-0.8999999999999998
1734,0,-0.8999999999999998
1734,1,-0.8999999999999998
1735,0,-0.8999999999999998
1735,1,-0.8999999999999998
1736,0,-0.8999999999999998
1736,1,-0.8999999999999998
1737,0,-0.8999999999999998
1737,1,-0.7
1738,0,-0.6
1738,1,-0.7
1739,0,-0.8999999999999998
1739,1,-0.8999999999999998
1740,0,-0.8999999999999998
1740,1,-0.9999999999999999
1741,0,-0.9999999999999999
1741,1,-0.8999999999999998
1742,0,-0.7
1742,1,-0.8999999999999998
1743,0,-0.9999999999999999
1743,1,-0.9999999999999999
1744,0,-0.9999999999999999
1744,1,-0.8999999999999998
1745,0,-0.9999999999999999
1745,1,-0.9999999999999999
1746,0,-0.9999999999999999
1746,1,-0.9999999999999999
1747,0,-0.7
1747,1,-0.8999999999999998
1748,0,-0.9999999999999999
1748,1,-0.8999999999999998
1749,0,-0.8999999999999998
1749,1,-0.7
1750,0,-0.49999999999999994
1750,1,-0.9999999999999999
1751,0,-0.9999999999999999
1751,1,-0.9999999999999999
1752,0,-0.8999999999999998
1752,1,-0.9999999999999999
1753,0,-0.8999999999999998
1753,1,-0.9999999999999999
1754,0,-0.8999999999999998
1754,1,-0.8999999999999998
1755,0,-0.8999999999999998
1755,1,-0.9999999999999999
1756,0,-0.9999999999999999
1756,1,-0.8999999999999998
1757,0,-0.8999999999999998
1757,1,-0.8999999999999998
1758,0,-0.9999999999999999
1758,1,-0.9999999999999999
1759,0,-0.8999999999999998
1759,1,-0.8999999999999998
1760,0,-0.8999999999999998
1760,1,-0.9999999999999999
1761,0,-0.9999999999999999
1761,1,-0.9999999999999999
1762,0,-0.9999999999999999
1762,1,-0.9999999999999999
1763,0,-0.9999999999999999
1763,1,-0.8999999999999998
1764,0,-0.7999999999999999
1764,1,-0.7
1765,0,-0.8999999999999998
1765,1,-0.9999999999999999
1766,0,-0.7
1766,1,-0.8999999999999998
1767,0,-0.8999999999999998
1767,1,-0.7999999999999999
1768,0,-0.9999999999999999
1768,1,-0.9999999999999999
1769,0,-0.9999999999999999
1769,1,-0.9999999999999999
1770,0,-0.8999999999999998
1770,1,-0.8999999999999998
1771,0,-0.7999999999999999
1771,1,-0.8999999999999998
1772,0,-0.8999999999999998
1772,1,-0.9999999999999999
1773,0,-0.7
1773,1,-0.7
1774,0,-0.8999999999999998
1774,1,-0.8999999999999998
1775,0,-0.8999999999999998
1775,1,-0.8999999999999998
1776,0,-0.9999999999999999
1776,1,-0.9999999999999999
1777,0,-0.9999999999999999
1777,1,-0.7999999999999999
1778,0,-0.9999999999999999
1778,1,-0.9999999999999999
1779,0,-0.9999999999999999
1779,1,-0.8999999999999998
1780,0,-0.9999999999999999
1780,1,-0.9999999999999999
1781,0,-0.8999999999999998
1781,1,-0.8999999999999998
1782,0,-0.7
1782,1,-0.8999999999999998
1783,0,-0.8999999999999998
1783,1,-0.9999999999999999
1784,0,-0.8999999999999998
1784,1,-0.8999999999999998
1785,0,-0.9999999999999999
1785,1,-0.8999999999999998
1786,0,-0.8999999999999998
1786,1,-0.9999999999999999
1787,0,-0.9999999999999999
1787,1,-0.8999999999999998
1788,0,-0.8999999999999998
1788,1,-0.9999999999999999
1789,0,-0.8999999999999998
1789,1,-0.7
1790,0,-0.8999999999999998
1790,1,-0.8999999999999998
1791,0,-0.8999999999999998
1791,1,-0.7
1792,0,-0.8999999999999998
1792,1,-0.7
1793,0,-0.8999999999999998
1793,1,-0.9999999999999999
1794,0,-0.8999999999999998
1794,1,-0.9999999999999999
1795,0,-0.9999999999999999
1795,1,-0.9999999999999999
1796,0,-0.8999999999999998
1796,1,-0.9999999999999999
1797,0,-0.9999999999999999
1797,1,-0.8999999999999998
1798,0,-0.9999999999999999
1798,1,-0.9999999999999999
1799,0,-0.8999999999999998
1799,1,-0.7999999999999999
1800,0,-0.8999999999999998
1800,1,-0.8999999999999998
1801,0,-0.8999999999999998
1801,1,-0.9999999999999999
1802,0,-0.8999999999999998
1802,1,-0.9999999999999999
1803,0,-0.8999999999999998
1803,1,-0.9999999999999999
1804,0,-0.8999999999999998
1804,1,-0.9999999999999999
1805,0,-0.8999999999999998
1805,1,-0.9999999999999999
1806,0,-0.8999999999999998
1806,1,-0.8999999999999998
1807,0,-0.9999999999999999
1807,1,-0.8999999999999998
1808,0,-0.8999999999999998
1808,1,-0.8999999999999998
1809,0,-0.9999999999999999
1809,1,-0.8999999999999998
1810,0,-0.8999999999999998
1810,1,-0.9999999999999999
1811,0,-0.8999999999999998
1811,1,-0.8999999999999998
1812,0,-0.7999999999999999
1812,1,-0.7
1813,0,-0.8999999999999998
1813,1,-0.9999999999999999
1814,0,-0.9999999999999999
1814,1,-0.9999999999999999
1815,0,-0.8999999999999998
1815,1,-0.9999999999999999
1816,0,-0.8999999999999998
1816,1,-0.7
1817,0,-0.8999999999999998
1817,1,-0.9999999999999999
1818,0,-0.8999999999999998
1818,1,-0.8999999999999998
1819,0,-0.9999999999999999
1819,1,-0.8999999999999998
1820,0,-0.9999999999999999
1820,1,-0.8999999999999998
1821,0,-0.9999999999999999
1821,1,-0.8999999999999998
1822,0,-0.8999999999999998
1822,1,-0.8999999999999998
1823,0,-0.8999999999999998
1823,1,-0.9999999999999999
1824,0,-0.8999999999999998
1824,1,-0.8999999999999998
1825,0,-0.9999999999999999
1825,1,-0.9999999999999999
1826,0,-0.8999999999999998
1826,1,-0.8999999999999998
1827,0,-0.8999999999999998
1827,1,-0.8999999999999998
1828,0,-0.8999999999999998
1828,1,-0.8999999999999998
1829,0,-0.8999999999999998
1829,1,-0.8999999999999998
1830,0,-0.9999999999999999
1830,1,-0.8999999999999998
1831,0,-0.8999999999999998
1831,1,-0.8999999999999998
1832,0,-0.9999999999999999
1832,1,-0.8999999999999998
1833,0,-0.8999999999999998
1833,1,-0.9999999999999999
1834,0,-0.9999999999999999
1834,1,-0.9999999999999999
1835,0,-0.8999999999999998
1835,1,-0.9999999999999999
1836,0,-0.9999999999999999
1836,1,-0.9999999999999999
1837,0,-0.9999999999999999
1837,1,-0.9999999999999999
1838,0,-0.9999999999999999
1838,1,-0.9999999999999999
1839,0,-0.9999999999999999
1839,1,-0.8999999999999998
1840,0,-0.8999999999999998
1840,1,-0.8999999999999998
1841,0,-0.9999999999999999
1841,1,-0.8999999999999998
1842,0,-0.8999999999999998
1842,1,-0.9999999999999999
1843,0,-0.8999999999999998
1843,1,-0.9999999999999999
1844,0,-0.8999999999999998
1844,1,-0.9999999999999999
1845,0,-0.9999999999999999
1845,1,-0.8999999999999998
1846,0,-0.8999999999999998
1846,1,-0.8999999999999998
1847,0,-0.8999999999999998
1847,1,-0.8999999999999998
1848,0,-0.8999999999999998
1848,1,-0.8999999999999998
1849,0,-0.8999999999999998
1849,1,-0.8999999999999998
1850,0,-0.8999999999999998
1850,1,-0.9999999999999999
1851,0,-0.8999999999999998
1851,1,-0.9999999999999999
1852,0,-0.9999999999999999
1852,1,-0.8999999999999998
1853,0,-0.9999999999999999
1853,1,-0.8999999999999998
1854,0,-0.8999999999999998
1854,1,-0.7
1855,0,-0.9999999999999999
1855,1,-0.8999999999999998
1856,0,-0.8999999999999998
1856,1,-0.9999999999999999
1857,0,-0.9999999999999999
1857,1,-0.9999999999999999
1858,0,-0.9999999999999999
1858,1,-0.9999999999999999
1859,0,-0.8999999999999998
1859,1,-0.8999999999999998
1860,0,-0.7
1860,1,-0.9999999999999999
1861,0,-0.9999999999999999
1861,1,-0.8999999999999998
1862,0,-0.8999999999999998
1862,1,-0.8999999999999998
1863,0,-0.9999999999999999
1863,1,-0.9999999999999999
1864,0,-0.8999999999999998
1864,1,-0.8999999999999998
1865,0,-0.9999999999999999
1865,1,-0.8999999999999998
1866,0,-0.8999999999999998
1866,1,-0.8999999999999998
1867,0,-0.8999999999999998
1867,1,-0.7
1868,0,-0.9999999999999999
1868,1,-0.8999999999999998
1869,0,-0.8999999999999998
1869,1,-0.9999999999999999
1870,0,-0.7999999999999999
1870,1,-0.9999999999999999
1871,0,-0.7
1871,1,-0.49999999999999994
1872,0,-0.9999999999999999
1872,1,-0.8999999999999998
1873,0,-0.8999999999999998
1873,1,-0.9999999999999999
1874,0,-0.9999999999999999
1874,1,-0.8999999999999998
1875,0,-0.9999999999999999
1875,1,-0.9999999999999999
1876,0,-0.9999999999999999
1876,1,-0.8999999999999998
1877,0,-0.9999999999999999
1877,1,-0.6
1878,0,-0.9999999999999999
1878,1,-0.9999999999999999
1879,0,-0.7
1879,1,-0.9999999999999999
1880,0,-0.9999999999999999
1880,1,-0.9999999999999999
1881,0,-0.8999999999999998
1881,1,-0.8999999999999998
1882,0,-0.9999999999999999
1882,1,-0.8999999999999998
1883,0,-0.9999999999999999
1883,1,-0.8999999999999998
1884,0,-0.8999999999999998
1884,1,-0.8999999999999998
1885,0,-0.9999999999999999
1885,1,-0.9999999999999999
1886,0,-0.9999999999999999
1886,1,-0.8999999999999998
1887,0,-0.9999999999999999
1887,1,-0.9999999999999999
1888,0,-0.8999999999999998
1888,1,-0.7
1889,0,-0.9999999999999999
1889,1,-0.7
1890,0,-0.9999999999999999
1890,1,-0.7
1891,0,-0.8999999999999998
1891,1,-0.8999999999999998
1892,0,-0.9999999999999999
1892,1,-0.8999999999999998
1893,0,-0.7
1893,1,-0.8999999999999998
1894,0,-0.9999999999999999
1894,1,-0.8999999999999998
1895,0,-0.9999999999999999
1895,1,-0.7999999999999999
1896,0,-0.8999999999999998
1896,1,-0.8999999999999998
1897,0,-0.8999999999999998
1897,1,-0.8999999999999998
1898,0,-0.8999999999999998
1898,1,-0.9999999999999999
1899,0,-0.9999999999999999
1899,1,-0.9999999999999999
1900,0,-0.9999999999999999
1900,1,-0.8999999999999998
1901,0,-0.8999999999999998
1901,1,-0.8999999999999998
1902,0,-0.8999999999999998
1902,1,-0.9999999999999999
1903,0,-0.8999999999999998
1903,1,-0.7
1904,0,-0.7
1904,1,-0.8999999999999998
1905,0,-0.8999999999999998
1905,1,-0.39999999999999997
1906,0,-0.9999999999999999
1906,1,-0.8999999999999998
1907,0,-0.8999999999999998
1907,1,-0.9999999999999999
1908,0,-0.9999999999999999
1908,1,-0.9999999999999999
1909,0,-0.9999999999999999
1909,1,-0.8999999999999998
1910,0,-0.8999999999999998
1910,1,-0.8999999999999998
1911,0,-0.8999999999999998
1911,1,-0.7
1912,0,-0.8999999999999998
1912,1,-0.8999999999999998
1913,0,-0.8999999999999998
1913,1,-0.9999999999999999
1914,0,-0.9999999999999999
1914,1,-0.9999999999999999
1915,0,-0.8999999999999998
1915,1,-0.7
1916,0,-0.8999999999999998
1916,1,-0.9999999999999999
1917,0,-0.9999999999999999
1917,1,-0.9999999999999999
1918,0,-0.8999999999999998
1918,1,-0.7999999999999999
1919,0,-0.9999999999999999
1919,1,-0.9999999999999999
1920,0,-0.8999999999999998
1920,1,-0.9999999999999999
1921,0,-0.8999999999999998
1921,1,-0.9999999999999999
1922,0,-0.6
1922,1,-0.7
1923,0,-0.9999999999999999
1923,1,-0.8999999999999998
1924,0,-0.8999999999999998
1924,1,-0.9999999999999999
1925,0,-0.8999999999999998
1925,1,-0.9999999999999999
1926,0,-0.9999999999999999
1926,1,-0.9999999999999999
1927,0,-0.8999999999999998
1927,1,-0.9999999999999999
1928,0,-0.9999999999999999
1928,1,-0.8999999999999998
1929,0,-0.8999999999999998
1929,1,-0.9999999999999999
1930,0,-0.9999999999999999
1930,1,-0.9999999999999999
1931,0,-0.8999999999999998
1931,1,-0.8999999999999998
1932,0,-0.9999999999999999
1932,1,-0.9999999999999999
1933,0,-0.8999999999999998
1933,1,-0.9999999999999999
1934,0,-0.8999999999999998
1934,1,-0.8999999999999998
1935,0,-0.8999999999999998
1935,1,-0.9999999999999999
1936,0,-0.9999999999999999
1936,1,-0.8999999999999998
1937,0,-0.9999999999999999
1937,1,-0.8999999999999998
1938,0,-0.9999999999999999
1938,1,-0.9999999999999999
1939,0,-0.7
1939,1,-0.7
1940,0,-0.9999999999999999
1940,1,-0.9999999999999999
1941,0,-0.8999999999999998
1941,1,-0.9999999999999999
1942,0,-0.8999999999999998
1942,1,-0.8999999999999998
1943,0,-0.9999999999999999
1943,1,-0.8999999999999998
1944,0,-0.7999999999999999
1944,1,-0.9999999999999999
1945,0,-0.8999999999999998
1945,1,-0.7999999999999999
1946,0,-0.9999999999999999
1946,1,-0.8999999999999998
1947,0,-0.8999999999999998
1947,1,-0.9999999999999999
1948,0,-0.8999999999999998
1948,1,-0.9999999999999999
1949,0,-0.9999999999999999
1949,1,-0.9999999999999999
1950,0,-0.9999999999999999
1950,1,-0.7
1951,0,-0.9999999999999999
1951,1,-0.9999999999999999
1952,0,-0.8999999999999998
1952,1,-0.9999999999999999
1953,0,-0.9999999999999999
1953,1,-0.9999999999999999
1954,0,-0.8999999999999998
1954,1,-0.8999999999999998
1955,0,-0.9999999999999999
1955,1,-0.9999999999999999
1956,0,-0.8999999999999998
1956,1,-0.9999999999999999
1957,0,-0.8999999999999998
1957,1,-0.8999999999999998
1958,0,-0.8999999999999998
1958,1,-0.8999999999999998
1959,0,-0.7999999999999999
1959,1,-0.8999999999999998
1960,0,-0.9999999999999999
1960,1,-0.8999999999999998
1961,0,-0.9999999999999999
1961,1,-0.9999999999999999
1962,0,-0.9999999999999999
1962,1,-0.8999999999999998
1963,0,-0.7
1963,1,-0.9999999999999999
1964,0,-0.8999999999999998
1964,1,-0.9999999999999999
1965,0,-0.9999999999999999
1965,1,-0.9999999999999999
1966,0,-0.9999999999999999
1966,1,-0.9999999999999999
1967,0,-0.9999999999999999
1967,1,-0.8999999999999998
1968,0,-0.9999999999999999
1968,1,-0.9999999999999999
1969,0,-0.9999999999999999
1969,1,-0.9999999999999999
1970,0,-0.9999999999999999
1970,1,-0.8999999999999998
1971,0,-0.8999999999999998
1971,1,-0.9999999999999999
1972,0,-0.9999999999999999
1972,1,-0.8999999999999998
1973,0,-0.9999999999999999
1973,1,-0.8999999999999998
1974,0,-0.8999999999999998
1974,1,-0.9999999999999999
1975,0,-0.9999999999999999
1975,1,-0.9999999999999999
1976,0,-0.8999999999999998
1976,1,-0.8999999999999998
1977,0,-0.9999999999999999
1977,1,-0.7999999999999999
1978,0,-0.8999999999999998
1978,1,-0.8999999999999998
1979,0,-0.8999999999999998
1979,1,-0.7
1980,0,-0.8999999999999998
1980,1,-0.9999999999999999
1981,0,-0.9999999999999999
1981,1,-0.9999999999999999
1982,0,-0.9999999999999999
1982,1,-0.8999999999999998
1983,0,-0.9999999999999999
1983,1,-0.9999999999999999
1984,0,-0.8999999999999998
1984,1,-0.9999999999999999
1985,0,-0.9999999999999999
1985,1,-0.8999999999999998
1986,0,-0.9999999999999999
1986,1,-0.8999999999999998
1987,0,-0.9999999999999999
1987,1,-0.7
1988,0,-0.9999999999999999
1988,1,-0.9999999999999999
1989,0,-0.9999999999999999
1989,1,-0.7
1990,0,-0.8999999999999998
1990,1,-0.9999999999999999
1991,0,-0.9999999999999999
1991,1,-0.9999999999999999
1992,0,-0.8999999999999998
1992,1,-0.7
1993,0,-0.9999999999999999
1993,1,-0.8999999999999998
1994,0,-0.9999999999999999
1994,1,-0.9999999999999999
1995,0,-0.9999999999999999
1995,1,-0.9999999999999999
1996,0,-0.9999999999999999
1996,1,-0.8999999999999998
1997,0,-0.9999999999999999
1997,1,-0.8999999999999998
1998,0,-0.8999999999999998
1998,1,-0.9999999999999999
1999,0,-0.9999999999999999
1999,1,-0.8999999999999998
